time,well,OD600,date,label,strain,vector,media
0,A1,0.086,04182026,NB,NB,None,CDM20
0,A2,0.11,04182026,Parent,Parent,None,CDM20
0,A3,0.112,04182026,Parent_EV,Parent,EV,CDM20
0,A4,0.112,04182026,Parent_Pdat dat,Parent,Pdat dat,CDM20
0,A5,0.111,04182026,Parent_PpepV dat,Parent,PpepV dat,CDM20
0,A6,0.114,04182026,Parent_alr1,Parent,alr1,CDM20
0,A7,0.113,04182026,dat::Tn,dat::Tn,None,CDM20
0,A8,0.11,04182026,dat::Tn_EV,dat::Tn,EV,CDM20
0,A9,0.11,04182026,dat::Tn_Pdat dat,dat::Tn,Pdat dat,CDM20
0,A10,0.112,04182026,dat::Tn_PpepV dat,dat::Tn,PpepV dat,CDM20
0,A11,0.118,04182026,dat::Tn_alr1,dat::Tn,alr1,CDM20
0,A12,0.111,04182026,Δalr1,Δalr1,None,CDM20
0,B1,0.086,04182026,NB,NB,None,CDM20
0,B2,0.11,04182026,Parent,Parent,None,CDM20
0,B3,0.114,04182026,Parent_EV,Parent,EV,CDM20
0,B4,0.113,04182026,Parent_Pdat dat,Parent,Pdat dat,CDM20
0,B5,0.112,04182026,Parent_PpepV dat,Parent,PpepV dat,CDM20
0,B6,0.108,04182026,Parent_alr1,Parent,alr1,CDM20
0,B7,0.113,04182026,dat::Tn,dat::Tn,None,CDM20
0,B8,0.111,04182026,dat::Tn_EV,dat::Tn,EV,CDM20
0,B9,0.112,04182026,dat::Tn_Pdat dat,dat::Tn,Pdat dat,CDM20
0,B10,0.113,04182026,dat::Tn_PpepV dat,dat::Tn,PpepV dat,CDM20
0,B11,0.111,04182026,dat::Tn_alr1,dat::Tn,alr1,CDM20
0,B12,0.113,04182026,Δalr1,Δalr1,None,CDM20
0,C1,0.114,04182026,Δalr1_EV,Δalr1,EV,CDM20
0,C2,0.11,04182026,Δalr1_alr1,Δalr1,alr1,CDM20
0,C3,0.092,04182026,NB,NB,None,TSB
0,C4,0.133,04182026,Parent,Parent,None,TSB
0,C5,0.13,04182026,Parent_EV,Parent,EV,TSB
0,C6,0.128,04182026,Parent_Pdat dat,Parent,Pdat dat,TSB
0,C7,0.133,04182026,Parent_PpepV dat,Parent,PpepV dat,TSB
0,C8,0.13,04182026,Parent_alr1,Parent,alr1,TSB
0,C9,0.13,04182026,dat::Tn,dat::Tn,None,TSB
0,C10,0.133,04182026,dat::Tn_EV,dat::Tn,EV,TSB
0,C11,0.128,04182026,dat::Tn_Pdat dat,dat::Tn,Pdat dat,TSB
0,C12,0.123,04182026,dat::Tn_PpepV dat,dat::Tn,PpepV dat,TSB
0,D1,0.114,04182026,Δalr1_EV,Δalr1,EV,CDM20
0,D2,0.113,04182026,Δalr1_alr1,Δalr1,alr1,CDM20
0,D3,0.092,04182026,NB,NB,None,TSB
0,D4,0.133,04182026,Parent,Parent,None,TSB
0,D5,0.133,04182026,Parent_EV,Parent,EV,TSB
0,D6,0.13,04182026,Parent_Pdat dat,Parent,Pdat dat,TSB
0,D7,0.129,04182026,Parent_PpepV dat,Parent,PpepV dat,TSB
0,D8,0.126,04182026,Parent_alr1,Parent,alr1,TSB
0,D9,0.134,04182026,dat::Tn,dat::Tn,None,TSB
0,D10,0.129,04182026,dat::Tn_EV,dat::Tn,EV,TSB
0,D11,0.121,04182026,dat::Tn_Pdat dat,dat::Tn,Pdat dat,TSB
0,D12,0.121,04182026,dat::Tn_PpepV dat,dat::Tn,PpepV dat,TSB
0,E1,0.112,04182026,Δalr1_EV,Δalr1,EV,CDM19 - ala
0,E2,0.11,04182026,Δalr1_alr1,Δalr1,alr1,CDM19 - ala
0,E3,0.131,04182026,dat::Tn_alr1,dat::Tn,alr1,TSB
0,E4,0.128,04182026,Δalr1,Δalr1,None,TSB
0,E5,0.13,04182026,Δalr1_EV,Δalr1,EV,TSB
0,E6,0.127,04182026,Δalr1_alr1,Δalr1,alr1,TSB
0,F1,0.113,04182026,Δalr1_EV,Δalr1,EV,CDM19 - ala
0,F2,0.11,04182026,Δalr1_alr1,Δalr1,alr1,CDM19 - ala
0,F3,0.129,04182026,dat::Tn_alr1,dat::Tn,alr1,TSB
0,F4,0.129,04182026,Δalr1,Δalr1,None,TSB
0,F5,0.13,04182026,Δalr1_EV,Δalr1,EV,TSB
0,F6,0.126,04182026,Δalr1_alr1,Δalr1,alr1,TSB
0,G1,0.086,04182026,NB,NB,None,CDM19 - ala
0,G2,0.11,04182026,Parent,Parent,None,CDM19 - ala
0,G3,0.11,04182026,Parent_EV,Parent,EV,CDM19 - ala
0,G4,0.111,04182026,Parent_Pdat dat,Parent,Pdat dat,CDM19 - ala
0,G5,0.111,04182026,Parent_PpepV dat,Parent,PpepV dat,CDM19 - ala
0,G6,0.112,04182026,Parent_alr1,Parent,alr1,CDM19 - ala
0,G7,0.111,04182026,dat::Tn,dat::Tn,None,CDM19 - ala
0,G8,0.11,04182026,dat::Tn_EV,dat::Tn,EV,CDM19 - ala
0,G9,0.106,04182026,dat::Tn_Pdat dat,dat::Tn,Pdat dat,CDM19 - ala
0,G10,0.111,04182026,dat::Tn_PpepV dat,dat::Tn,PpepV dat,CDM19 - ala
0,G11,0.109,04182026,dat::Tn_alr1,dat::Tn,alr1,CDM19 - ala
0,G12,0.108,04182026,Δalr1,Δalr1,None,CDM19 - ala
0,H1,0.087,04182026,NB,NB,None,CDM19 - ala
0,H2,0.112,04182026,Parent,Parent,None,CDM19 - ala
0,H3,0.113,04182026,Parent_EV,Parent,EV,CDM19 - ala
0,H4,0.112,04182026,Parent_Pdat dat,Parent,Pdat dat,CDM19 - ala
0,H5,0.111,04182026,Parent_PpepV dat,Parent,PpepV dat,CDM19 - ala
0,H6,0.122,04182026,Parent_alr1,Parent,alr1,CDM19 - ala
0,H7,0.11,04182026,dat::Tn,dat::Tn,None,CDM19 - ala
0,H8,0.108,04182026,dat::Tn_EV,dat::Tn,EV,CDM19 - ala
0,H9,0.107,04182026,dat::Tn_Pdat dat,dat::Tn,Pdat dat,CDM19 - ala
0,H10,0.106,04182026,dat::Tn_PpepV dat,dat::Tn,PpepV dat,CDM19 - ala
0,H11,0.108,04182026,dat::Tn_alr1,dat::Tn,alr1,CDM19 - ala
0,H12,0.11,04182026,Δalr1,Δalr1,None,CDM19 - ala
1,A1,0.086,04182026,NB,NB,None,CDM20
1,A2,0.117,04182026,Parent,Parent,None,CDM20
1,A3,0.119,04182026,Parent_EV,Parent,EV,CDM20
1,A4,0.118,04182026,Parent_Pdat dat,Parent,Pdat dat,CDM20
1,A5,0.118,04182026,Parent_PpepV dat,Parent,PpepV dat,CDM20
1,A6,0.12,04182026,Parent_alr1,Parent,alr1,CDM20
1,A7,0.121,04182026,dat::Tn,dat::Tn,None,CDM20
1,A8,0.118,04182026,dat::Tn_EV,dat::Tn,EV,CDM20
1,A9,0.116,04182026,dat::Tn_Pdat dat,dat::Tn,Pdat dat,CDM20
1,A10,0.118,04182026,dat::Tn_PpepV dat,dat::Tn,PpepV dat,CDM20
1,A11,0.117,04182026,dat::Tn_alr1,dat::Tn,alr1,CDM20
1,A12,0.117,04182026,Δalr1,Δalr1,None,CDM20
1,B1,0.087,04182026,NB,NB,None,CDM20
1,B2,0.116,04182026,Parent,Parent,None,CDM20
1,B3,0.12,04182026,Parent_EV,Parent,EV,CDM20
1,B4,0.12,04182026,Parent_Pdat dat,Parent,Pdat dat,CDM20
1,B5,0.118,04182026,Parent_PpepV dat,Parent,PpepV dat,CDM20
1,B6,0.115,04182026,Parent_alr1,Parent,alr1,CDM20
1,B7,0.121,04182026,dat::Tn,dat::Tn,None,CDM20
1,B8,0.118,04182026,dat::Tn_EV,dat::Tn,EV,CDM20
1,B9,0.118,04182026,dat::Tn_Pdat dat,dat::Tn,Pdat dat,CDM20
1,B10,0.119,04182026,dat::Tn_PpepV dat,dat::Tn,PpepV dat,CDM20
1,B11,0.117,04182026,dat::Tn_alr1,dat::Tn,alr1,CDM20
1,B12,0.118,04182026,Δalr1,Δalr1,None,CDM20
1,C1,0.12,04182026,Δalr1_EV,Δalr1,EV,CDM20
1,C2,0.117,04182026,Δalr1_alr1,Δalr1,alr1,CDM20
1,C3,0.091,04182026,NB,NB,None,TSB
1,C4,0.201,04182026,Parent,Parent,None,TSB
1,C5,0.196,04182026,Parent_EV,Parent,EV,TSB
1,C6,0.19,04182026,Parent_Pdat dat,Parent,Pdat dat,TSB
1,C7,0.211,04182026,Parent_PpepV dat,Parent,PpepV dat,TSB
1,C8,0.196,04182026,Parent_alr1,Parent,alr1,TSB
1,C9,0.203,04182026,dat::Tn,dat::Tn,None,TSB
1,C10,0.206,04182026,dat::Tn_EV,dat::Tn,EV,TSB
1,C11,0.178,04182026,dat::Tn_Pdat dat,dat::Tn,Pdat dat,TSB
1,C12,0.157,04182026,dat::Tn_PpepV dat,dat::Tn,PpepV dat,TSB
1,D1,0.121,04182026,Δalr1_EV,Δalr1,EV,CDM20
1,D2,0.119,04182026,Δalr1_alr1,Δalr1,alr1,CDM20
1,D3,0.092,04182026,NB,NB,None,TSB
1,D4,0.209,04182026,Parent,Parent,None,TSB
1,D5,0.202,04182026,Parent_EV,Parent,EV,TSB
1,D6,0.199,04182026,Parent_Pdat dat,Parent,Pdat dat,TSB
1,D7,0.208,04182026,Parent_PpepV dat,Parent,PpepV dat,TSB
1,D8,0.195,04182026,Parent_alr1,Parent,alr1,TSB
1,D9,0.206,04182026,dat::Tn,dat::Tn,None,TSB
1,D10,0.204,04182026,dat::Tn_EV,dat::Tn,EV,TSB
1,D11,0.164,04182026,dat::Tn_Pdat dat,dat::Tn,Pdat dat,TSB
1,D12,0.155,04182026,dat::Tn_PpepV dat,dat::Tn,PpepV dat,TSB
1,E1,0.114,04182026,Δalr1_EV,Δalr1,EV,CDM19 - ala
1,E2,0.113,04182026,Δalr1_alr1,Δalr1,alr1,CDM19 - ala
1,E3,0.188,04182026,dat::Tn_alr1,dat::Tn,alr1,TSB
1,E4,0.182,04182026,Δalr1,Δalr1,None,TSB
1,E5,0.195,04182026,Δalr1_EV,Δalr1,EV,TSB
1,E6,0.195,04182026,Δalr1_alr1,Δalr1,alr1,TSB
1,F1,0.116,04182026,Δalr1_EV,Δalr1,EV,CDM19 - ala
1,F2,0.113,04182026,Δalr1_alr1,Δalr1,alr1,CDM19 - ala
1,F3,0.198,04182026,dat::Tn_alr1,dat::Tn,alr1,TSB
1,F4,0.189,04182026,Δalr1,Δalr1,None,TSB
1,F5,0.204,04182026,Δalr1_EV,Δalr1,EV,TSB
1,F6,0.181,04182026,Δalr1_alr1,Δalr1,alr1,TSB
1,G1,0.086,04182026,NB,NB,None,CDM19 - ala
1,G2,0.113,04182026,Parent,Parent,None,CDM19 - ala
1,G3,0.113,04182026,Parent_EV,Parent,EV,CDM19 - ala
1,G4,0.115,04182026,Parent_Pdat dat,Parent,Pdat dat,CDM19 - ala
1,G5,0.114,04182026,Parent_PpepV dat,Parent,PpepV dat,CDM19 - ala
1,G6,0.115,04182026,Parent_alr1,Parent,alr1,CDM19 - ala
1,G7,0.114,04182026,dat::Tn,dat::Tn,None,CDM19 - ala
1,G8,0.113,04182026,dat::Tn_EV,dat::Tn,EV,CDM19 - ala
1,G9,0.108,04182026,dat::Tn_Pdat dat,dat::Tn,Pdat dat,CDM19 - ala
1,G10,0.116,04182026,dat::Tn_PpepV dat,dat::Tn,PpepV dat,CDM19 - ala
1,G11,0.112,04182026,dat::Tn_alr1,dat::Tn,alr1,CDM19 - ala
1,G12,0.112,04182026,Δalr1,Δalr1,None,CDM19 - ala
1,H1,0.087,04182026,NB,NB,None,CDM19 - ala
1,H2,0.115,04182026,Parent,Parent,None,CDM19 - ala
1,H3,0.116,04182026,Parent_EV,Parent,EV,CDM19 - ala
1,H4,0.115,04182026,Parent_Pdat dat,Parent,Pdat dat,CDM19 - ala
1,H5,0.117,04182026,Parent_PpepV dat,Parent,PpepV dat,CDM19 - ala
1,H6,0.117,04182026,Parent_alr1,Parent,alr1,CDM19 - ala
1,H7,0.113,04182026,dat::Tn,dat::Tn,None,CDM19 - ala
1,H8,0.111,04182026,dat::Tn_EV,dat::Tn,EV,CDM19 - ala
1,H9,0.11,04182026,dat::Tn_Pdat dat,dat::Tn,Pdat dat,CDM19 - ala
1,H10,0.11,04182026,dat::Tn_PpepV dat,dat::Tn,PpepV dat,CDM19 - ala
1,H11,0.112,04182026,dat::Tn_alr1,dat::Tn,alr1,CDM19 - ala
1,H12,0.115,04182026,Δalr1,Δalr1,None,CDM19 - ala
2,A1,0.087,04182026,NB,NB,None,CDM20
2,A2,0.128,04182026,Parent,Parent,None,CDM20
2,A3,0.131,04182026,Parent_EV,Parent,EV,CDM20
2,A4,0.13,04182026,Parent_Pdat dat,Parent,Pdat dat,CDM20
2,A5,0.132,04182026,Parent_PpepV dat,Parent,PpepV dat,CDM20
2,A6,0.133,04182026,Parent_alr1,Parent,alr1,CDM20
2,A7,0.136,04182026,dat::Tn,dat::Tn,None,CDM20
2,A8,0.131,04182026,dat::Tn_EV,dat::Tn,EV,CDM20
2,A9,0.126,04182026,dat::Tn_Pdat dat,dat::Tn,Pdat dat,CDM20
2,A10,0.126,04182026,dat::Tn_PpepV dat,dat::Tn,PpepV dat,CDM20
2,A11,0.128,04182026,dat::Tn_alr1,dat::Tn,alr1,CDM20
2,A12,0.125,04182026,Δalr1,Δalr1,None,CDM20
2,B1,0.087,04182026,NB,NB,None,CDM20
2,B2,0.128,04182026,Parent,Parent,None,CDM20
2,B3,0.132,04182026,Parent_EV,Parent,EV,CDM20
2,B4,0.132,04182026,Parent_Pdat dat,Parent,Pdat dat,CDM20
2,B5,0.131,04182026,Parent_PpepV dat,Parent,PpepV dat,CDM20
2,B6,0.124,04182026,Parent_alr1,Parent,alr1,CDM20
2,B7,0.135,04182026,dat::Tn,dat::Tn,None,CDM20
2,B8,0.129,04182026,dat::Tn_EV,dat::Tn,EV,CDM20
2,B9,0.128,04182026,dat::Tn_Pdat dat,dat::Tn,Pdat dat,CDM20
2,B10,0.127,04182026,dat::Tn_PpepV dat,dat::Tn,PpepV dat,CDM20
2,B11,0.128,04182026,dat::Tn_alr1,dat::Tn,alr1,CDM20
2,B12,0.122,04182026,Δalr1,Δalr1,None,CDM20
2,C1,0.133,04182026,Δalr1_EV,Δalr1,EV,CDM20
2,C2,0.128,04182026,Δalr1_alr1,Δalr1,alr1,CDM20
2,C3,0.092,04182026,NB,NB,None,TSB
2,C4,0.361,04182026,Parent,Parent,None,TSB
2,C5,0.356,04182026,Parent_EV,Parent,EV,TSB
2,C6,0.35,04182026,Parent_Pdat dat,Parent,Pdat dat,TSB
2,C7,0.388,04182026,Parent_PpepV dat,Parent,PpepV dat,TSB
2,C8,0.369,04182026,Parent_alr1,Parent,alr1,TSB
2,C9,0.383,04182026,dat::Tn,dat::Tn,None,TSB
2,C10,0.37,04182026,dat::Tn_EV,dat::Tn,EV,TSB
2,C11,0.335,04182026,dat::Tn_Pdat dat,dat::Tn,Pdat dat,TSB
2,C12,0.299,04182026,dat::Tn_PpepV dat,dat::Tn,PpepV dat,TSB
2,D1,0.133,04182026,Δalr1_EV,Δalr1,EV,CDM20
2,D2,0.13,04182026,Δalr1_alr1,Δalr1,alr1,CDM20
2,D3,0.092,04182026,NB,NB,None,TSB
2,D4,0.38,04182026,Parent,Parent,None,TSB
2,D5,0.371,04182026,Parent_EV,Parent,EV,TSB
2,D6,0.37,04182026,Parent_Pdat dat,Parent,Pdat dat,TSB
2,D7,0.388,04182026,Parent_PpepV dat,Parent,PpepV dat,TSB
2,D8,0.373,04182026,Parent_alr1,Parent,alr1,TSB
2,D9,0.398,04182026,dat::Tn,dat::Tn,None,TSB
2,D10,0.375,04182026,dat::Tn_EV,dat::Tn,EV,TSB
2,D11,0.318,04182026,dat::Tn_Pdat dat,dat::Tn,Pdat dat,TSB
2,D12,0.294,04182026,dat::Tn_PpepV dat,dat::Tn,PpepV dat,TSB
2,E1,0.118,04182026,Δalr1_EV,Δalr1,EV,CDM19 - ala
2,E2,0.115,04182026,Δalr1_alr1,Δalr1,alr1,CDM19 - ala
2,E3,0.35,04182026,dat::Tn_alr1,dat::Tn,alr1,TSB
2,E4,0.346,04182026,Δalr1,Δalr1,None,TSB
2,E5,0.353,04182026,Δalr1_EV,Δalr1,EV,TSB
2,E6,0.386,04182026,Δalr1_alr1,Δalr1,alr1,TSB
2,F1,0.118,04182026,Δalr1_EV,Δalr1,EV,CDM19 - ala
2,F2,0.116,04182026,Δalr1_alr1,Δalr1,alr1,CDM19 - ala
2,F3,0.386,04182026,dat::Tn_alr1,dat::Tn,alr1,TSB
2,F4,0.371,04182026,Δalr1,Δalr1,None,TSB
2,F5,0.408,04182026,Δalr1_EV,Δalr1,EV,TSB
2,F6,0.344,04182026,Δalr1_alr1,Δalr1,alr1,TSB
2,G1,0.086,04182026,NB,NB,None,CDM19 - ala
2,G2,0.116,04182026,Parent,Parent,None,CDM19 - ala
2,G3,0.117,04182026,Parent_EV,Parent,EV,CDM19 - ala
2,G4,0.119,04182026,Parent_Pdat dat,Parent,Pdat dat,CDM19 - ala
2,G5,0.121,04182026,Parent_PpepV dat,Parent,PpepV dat,CDM19 - ala
2,G6,0.12,04182026,Parent_alr1,Parent,alr1,CDM19 - ala
2,G7,0.117,04182026,dat::Tn,dat::Tn,None,CDM19 - ala
2,G8,0.116,04182026,dat::Tn_EV,dat::Tn,EV,CDM19 - ala
2,G9,0.111,04182026,dat::Tn_Pdat dat,dat::Tn,Pdat dat,CDM19 - ala
2,G10,0.121,04182026,dat::Tn_PpepV dat,dat::Tn,PpepV dat,CDM19 - ala
2,G11,0.115,04182026,dat::Tn_alr1,dat::Tn,alr1,CDM19 - ala
2,G12,0.118,04182026,Δalr1,Δalr1,None,CDM19 - ala
2,H1,0.087,04182026,NB,NB,None,CDM19 - ala
2,H2,0.118,04182026,Parent,Parent,None,CDM19 - ala
2,H3,0.121,04182026,Parent_EV,Parent,EV,CDM19 - ala
2,H4,0.12,04182026,Parent_Pdat dat,Parent,Pdat dat,CDM19 - ala
2,H5,0.125,04182026,Parent_PpepV dat,Parent,PpepV dat,CDM19 - ala
2,H6,0.121,04182026,Parent_alr1,Parent,alr1,CDM19 - ala
2,H7,0.117,04182026,dat::Tn,dat::Tn,None,CDM19 - ala
2,H8,0.114,04182026,dat::Tn_EV,dat::Tn,EV,CDM19 - ala
2,H9,0.112,04182026,dat::Tn_Pdat dat,dat::Tn,Pdat dat,CDM19 - ala
2,H10,0.114,04182026,dat::Tn_PpepV dat,dat::Tn,PpepV dat,CDM19 - ala
2,H11,0.114,04182026,dat::Tn_alr1,dat::Tn,alr1,CDM19 - ala
2,H12,0.119,04182026,Δalr1,Δalr1,None,CDM19 - ala
3,A1,0.09,04182026,NB,NB,None,CDM20
3,A2,0.164,04182026,Parent,Parent,None,CDM20
3,A3,0.167,04182026,Parent_EV,Parent,EV,CDM20
3,A4,0.161,04182026,Parent_Pdat dat,Parent,Pdat dat,CDM20
3,A5,0.178,04182026,Parent_PpepV dat,Parent,PpepV dat,CDM20
3,A6,0.174,04182026,Parent_alr1,Parent,alr1,CDM20
3,A7,0.185,04182026,dat::Tn,dat::Tn,None,CDM20
3,A8,0.173,04182026,dat::Tn_EV,dat::Tn,EV,CDM20
3,A9,0.155,04182026,dat::Tn_Pdat dat,dat::Tn,Pdat dat,CDM20
3,A10,0.148,04182026,dat::Tn_PpepV dat,dat::Tn,PpepV dat,CDM20
3,A11,0.167,04182026,dat::Tn_alr1,dat::Tn,alr1,CDM20
3,A12,0.147,04182026,Δalr1,Δalr1,None,CDM20
3,B1,0.087,04182026,NB,NB,None,CDM20
3,B2,0.16,04182026,Parent,Parent,None,CDM20
3,B3,0.167,04182026,Parent_EV,Parent,EV,CDM20
3,B4,0.166,04182026,Parent_Pdat dat,Parent,Pdat dat,CDM20
3,B5,0.174,04182026,Parent_PpepV dat,Parent,PpepV dat,CDM20
3,B6,0.158,04182026,Parent_alr1,Parent,alr1,CDM20
3,B7,0.184,04182026,dat::Tn,dat::Tn,None,CDM20
3,B8,0.168,04182026,dat::Tn_EV,dat::Tn,EV,CDM20
3,B9,0.152,04182026,dat::Tn_Pdat dat,dat::Tn,Pdat dat,CDM20
3,B10,0.15,04182026,dat::Tn_PpepV dat,dat::Tn,PpepV dat,CDM20
3,B11,0.159,04182026,dat::Tn_alr1,dat::Tn,alr1,CDM20
3,B12,0.144,04182026,Δalr1,Δalr1,None,CDM20
3,C1,0.175,04182026,Δalr1_EV,Δalr1,EV,CDM20
3,C2,0.177,04182026,Δalr1_alr1,Δalr1,alr1,CDM20
3,C3,0.092,04182026,NB,NB,None,TSB
3,C4,0.711,04182026,Parent,Parent,None,TSB
3,C5,0.682,04182026,Parent_EV,Parent,EV,TSB
3,C6,0.628,04182026,Parent_Pdat dat,Parent,Pdat dat,TSB
3,C7,0.672,04182026,Parent_PpepV dat,Parent,PpepV dat,TSB
3,C8,0.623,04182026,Parent_alr1,Parent,alr1,TSB
3,C9,0.658,04182026,dat::Tn,dat::Tn,None,TSB
3,C10,0.612,04182026,dat::Tn_EV,dat::Tn,EV,TSB
3,C11,0.595,04182026,dat::Tn_Pdat dat,dat::Tn,Pdat dat,TSB
3,C12,0.569,04182026,dat::Tn_PpepV dat,dat::Tn,PpepV dat,TSB
3,D1,0.173,04182026,Δalr1_EV,Δalr1,EV,CDM20
3,D2,0.165,04182026,Δalr1_alr1,Δalr1,alr1,CDM20
3,D3,0.092,04182026,NB,NB,None,TSB
3,D4,0.755,04182026,Parent,Parent,None,TSB
3,D5,0.691,04182026,Parent_EV,Parent,EV,TSB
3,D6,0.665,04182026,Parent_Pdat dat,Parent,Pdat dat,TSB
3,D7,0.688,04182026,Parent_PpepV dat,Parent,PpepV dat,TSB
3,D8,0.653,04182026,Parent_alr1,Parent,alr1,TSB
3,D9,0.695,04182026,dat::Tn,dat::Tn,None,TSB
3,D10,0.641,04182026,dat::Tn_EV,dat::Tn,EV,TSB
3,D11,0.603,04182026,dat::Tn_Pdat dat,dat::Tn,Pdat dat,TSB
3,D12,0.564,04182026,dat::Tn_PpepV dat,dat::Tn,PpepV dat,TSB
3,E1,0.127,04182026,Δalr1_EV,Δalr1,EV,CDM19 - ala
3,E2,0.119,04182026,Δalr1_alr1,Δalr1,alr1,CDM19 - ala
3,E3,0.707,04182026,dat::Tn_alr1,dat::Tn,alr1,TSB
3,E4,0.652,04182026,Δalr1,Δalr1,None,TSB
3,E5,0.68,04182026,Δalr1_EV,Δalr1,EV,TSB
3,E6,0.731,04182026,Δalr1_alr1,Δalr1,alr1,TSB
3,F1,0.125,04182026,Δalr1_EV,Δalr1,EV,CDM19 - ala
3,F2,0.121,04182026,Δalr1_alr1,Δalr1,alr1,CDM19 - ala
3,F3,0.731,04182026,dat::Tn_alr1,dat::Tn,alr1,TSB
3,F4,0.65,04182026,Δalr1,Δalr1,None,TSB
3,F5,0.74,04182026,Δalr1_EV,Δalr1,EV,TSB
3,F6,0.708,04182026,Δalr1_alr1,Δalr1,alr1,TSB
3,G1,0.087,04182026,NB,NB,None,CDM19 - ala
3,G2,0.122,04182026,Parent,Parent,None,CDM19 - ala
3,G3,0.126,04182026,Parent_EV,Parent,EV,CDM19 - ala
3,G4,0.127,04182026,Parent_Pdat dat,Parent,Pdat dat,CDM19 - ala
3,G5,0.139,04182026,Parent_PpepV dat,Parent,PpepV dat,CDM19 - ala
3,G6,0.13,04182026,Parent_alr1,Parent,alr1,CDM19 - ala
3,G7,0.123,04182026,dat::Tn,dat::Tn,None,CDM19 - ala
3,G8,0.124,04182026,dat::Tn_EV,dat::Tn,EV,CDM19 - ala
3,G9,0.116,04182026,dat::Tn_Pdat dat,dat::Tn,Pdat dat,CDM19 - ala
3,G10,0.137,04182026,dat::Tn_PpepV dat,dat::Tn,PpepV dat,CDM19 - ala
3,G11,0.12,04182026,dat::Tn_alr1,dat::Tn,alr1,CDM19 - ala
3,G12,0.126,04182026,Δalr1,Δalr1,None,CDM19 - ala
3,H1,0.087,04182026,NB,NB,None,CDM19 - ala
3,H2,0.127,04182026,Parent,Parent,None,CDM19 - ala
3,H3,0.13,04182026,Parent_EV,Parent,EV,CDM19 - ala
3,H4,0.129,04182026,Parent_Pdat dat,Parent,Pdat dat,CDM19 - ala
3,H5,0.15,04182026,Parent_PpepV dat,Parent,PpepV dat,CDM19 - ala
3,H6,0.15,04182026,Parent_alr1,Parent,alr1,CDM19 - ala
3,H7,0.125,04182026,dat::Tn,dat::Tn,None,CDM19 - ala
3,H8,0.119,04182026,dat::Tn_EV,dat::Tn,EV,CDM19 - ala
3,H9,0.116,04182026,dat::Tn_Pdat dat,dat::Tn,Pdat dat,CDM19 - ala
3,H10,0.123,04182026,dat::Tn_PpepV dat,dat::Tn,PpepV dat,CDM19 - ala
3,H11,0.119,04182026,dat::Tn_alr1,dat::Tn,alr1,CDM19 - ala
3,H12,0.129,04182026,Δalr1,Δalr1,None,CDM19 - ala
4,A1,0.089,04182026,NB,NB,None,CDM20
4,A2,0.254,04182026,Parent,Parent,None,CDM20
4,A3,0.247,04182026,Parent_EV,Parent,EV,CDM20
4,A4,0.243,04182026,Parent_Pdat dat,Parent,Pdat dat,CDM20
4,A5,0.277,04182026,Parent_PpepV dat,Parent,PpepV dat,CDM20
4,A6,0.256,04182026,Parent_alr1,Parent,alr1,CDM20
4,A7,0.275,04182026,dat::Tn,dat::Tn,None,CDM20
4,A8,0.269,04182026,dat::Tn_EV,dat::Tn,EV,CDM20
4,A9,0.242,04182026,dat::Tn_Pdat dat,dat::Tn,Pdat dat,CDM20
4,A10,0.214,04182026,dat::Tn_PpepV dat,dat::Tn,PpepV dat,CDM20
4,A11,0.247,04182026,dat::Tn_alr1,dat::Tn,alr1,CDM20
4,A12,0.2,04182026,Δalr1,Δalr1,None,CDM20
4,B1,0.087,04182026,NB,NB,None,CDM20
4,B2,0.242,04182026,Parent,Parent,None,CDM20
4,B3,0.245,04182026,Parent_EV,Parent,EV,CDM20
4,B4,0.245,04182026,Parent_Pdat dat,Parent,Pdat dat,CDM20
4,B5,0.258,04182026,Parent_PpepV dat,Parent,PpepV dat,CDM20
4,B6,0.247,04182026,Parent_alr1,Parent,alr1,CDM20
4,B7,0.279,04182026,dat::Tn,dat::Tn,None,CDM20
4,B8,0.26,04182026,dat::Tn_EV,dat::Tn,EV,CDM20
4,B9,0.231,04182026,dat::Tn_Pdat dat,dat::Tn,Pdat dat,CDM20
4,B10,0.218,04182026,dat::Tn_PpepV dat,dat::Tn,PpepV dat,CDM20
4,B11,0.249,04182026,dat::Tn_alr1,dat::Tn,alr1,CDM20
4,B12,0.186,04182026,Δalr1,Δalr1,None,CDM20
4,C1,0.28,04182026,Δalr1_EV,Δalr1,EV,CDM20
4,C2,0.312,04182026,Δalr1_alr1,Δalr1,alr1,CDM20
4,C3,0.092,04182026,NB,NB,None,TSB
4,C4,0.987,04182026,Parent,Parent,None,TSB
4,C5,0.973,04182026,Parent_EV,Parent,EV,TSB
4,C6,0.91,04182026,Parent_Pdat dat,Parent,Pdat dat,TSB
4,C7,0.943,04182026,Parent_PpepV dat,Parent,PpepV dat,TSB
4,C8,0.863,04182026,Parent_alr1,Parent,alr1,TSB
4,C9,0.913,04182026,dat::Tn,dat::Tn,None,TSB
4,C10,0.866,04182026,dat::Tn_EV,dat::Tn,EV,TSB
4,C11,0.868,04182026,dat::Tn_Pdat dat,dat::Tn,Pdat dat,TSB
4,C12,0.778,04182026,dat::Tn_PpepV dat,dat::Tn,PpepV dat,TSB
4,D1,0.261,04182026,Δalr1_EV,Δalr1,EV,CDM20
4,D2,0.268,04182026,Δalr1_alr1,Δalr1,alr1,CDM20
4,D3,0.092,04182026,NB,NB,None,TSB
4,D4,1.022,04182026,Parent,Parent,None,TSB
4,D5,1.02,04182026,Parent_EV,Parent,EV,TSB
4,D6,0.978,04182026,Parent_Pdat dat,Parent,Pdat dat,TSB
4,D7,0.998,04182026,Parent_PpepV dat,Parent,PpepV dat,TSB
4,D8,0.914,04182026,Parent_alr1,Parent,alr1,TSB
4,D9,1,04182026,dat::Tn,dat::Tn,None,TSB
4,D10,0.933,04182026,dat::Tn_EV,dat::Tn,EV,TSB
4,D11,0.927,04182026,dat::Tn_Pdat dat,dat::Tn,Pdat dat,TSB
4,D12,0.804,04182026,dat::Tn_PpepV dat,dat::Tn,PpepV dat,TSB
4,E1,0.13,04182026,Δalr1_EV,Δalr1,EV,CDM19 - ala
4,E2,0.127,04182026,Δalr1_alr1,Δalr1,alr1,CDM19 - ala
4,E3,0.984,04182026,dat::Tn_alr1,dat::Tn,alr1,TSB
4,E4,0.9,04182026,Δalr1,Δalr1,None,TSB
4,E5,0.942,04182026,Δalr1_EV,Δalr1,EV,TSB
4,E6,0.985,04182026,Δalr1_alr1,Δalr1,alr1,TSB
4,F1,0.132,04182026,Δalr1_EV,Δalr1,EV,CDM19 - ala
4,F2,0.135,04182026,Δalr1_alr1,Δalr1,alr1,CDM19 - ala
4,F3,1.026,04182026,dat::Tn_alr1,dat::Tn,alr1,TSB
4,F4,0.904,04182026,Δalr1,Δalr1,None,TSB
4,F5,0.99,04182026,Δalr1_EV,Δalr1,EV,TSB
4,F6,0.935,04182026,Δalr1_alr1,Δalr1,alr1,TSB
4,G1,0.087,04182026,NB,NB,None,CDM19 - ala
4,G2,0.131,04182026,Parent,Parent,None,CDM19 - ala
4,G3,0.137,04182026,Parent_EV,Parent,EV,CDM19 - ala
4,G4,0.137,04182026,Parent_Pdat dat,Parent,Pdat dat,CDM19 - ala
4,G5,0.183,04182026,Parent_PpepV dat,Parent,PpepV dat,CDM19 - ala
4,G6,0.139,04182026,Parent_alr1,Parent,alr1,CDM19 - ala
4,G7,0.126,04182026,dat::Tn,dat::Tn,None,CDM19 - ala
4,G8,0.124,04182026,dat::Tn_EV,dat::Tn,EV,CDM19 - ala
4,G9,0.118,04182026,dat::Tn_Pdat dat,dat::Tn,Pdat dat,CDM19 - ala
4,G10,0.157,04182026,dat::Tn_PpepV dat,dat::Tn,PpepV dat,CDM19 - ala
4,G11,0.122,04182026,dat::Tn_alr1,dat::Tn,alr1,CDM19 - ala
4,G12,0.131,04182026,Δalr1,Δalr1,None,CDM19 - ala
4,H1,0.087,04182026,NB,NB,None,CDM19 - ala
4,H2,0.136,04182026,Parent,Parent,None,CDM19 - ala
4,H3,0.14,04182026,Parent_EV,Parent,EV,CDM19 - ala
4,H4,0.14,04182026,Parent_Pdat dat,Parent,Pdat dat,CDM19 - ala
4,H5,0.211,04182026,Parent_PpepV dat,Parent,PpepV dat,CDM19 - ala
4,H6,0.158,04182026,Parent_alr1,Parent,alr1,CDM19 - ala
4,H7,0.128,04182026,dat::Tn,dat::Tn,None,CDM19 - ala
4,H8,0.121,04182026,dat::Tn_EV,dat::Tn,EV,CDM19 - ala
4,H9,0.119,04182026,dat::Tn_Pdat dat,dat::Tn,Pdat dat,CDM19 - ala
4,H10,0.144,04182026,dat::Tn_PpepV dat,dat::Tn,PpepV dat,CDM19 - ala
4,H11,0.121,04182026,dat::Tn_alr1,dat::Tn,alr1,CDM19 - ala
4,H12,0.13,04182026,Δalr1,Δalr1,None,CDM19 - ala
5,A1,0.092,04182026,NB,NB,None,CDM20
5,A2,0.384,04182026,Parent,Parent,None,CDM20
5,A3,0.343,04182026,Parent_EV,Parent,EV,CDM20
5,A4,0.345,04182026,Parent_Pdat dat,Parent,Pdat dat,CDM20
5,A5,0.362,04182026,Parent_PpepV dat,Parent,PpepV dat,CDM20
5,A6,0.331,04182026,Parent_alr1,Parent,alr1,CDM20
5,A7,0.359,04182026,dat::Tn,dat::Tn,None,CDM20
5,A8,0.343,04182026,dat::Tn_EV,dat::Tn,EV,CDM20
5,A9,0.33,04182026,dat::Tn_Pdat dat,dat::Tn,Pdat dat,CDM20
5,A10,0.332,04182026,dat::Tn_PpepV dat,dat::Tn,PpepV dat,CDM20
5,A11,0.307,04182026,dat::Tn_alr1,dat::Tn,alr1,CDM20
5,A12,0.311,04182026,Δalr1,Δalr1,None,CDM20
5,B1,0.087,04182026,NB,NB,None,CDM20
5,B2,0.347,04182026,Parent,Parent,None,CDM20
5,B3,0.361,04182026,Parent_EV,Parent,EV,CDM20
5,B4,0.361,04182026,Parent_Pdat dat,Parent,Pdat dat,CDM20
5,B5,0.365,04182026,Parent_PpepV dat,Parent,PpepV dat,CDM20
5,B6,0.347,04182026,Parent_alr1,Parent,alr1,CDM20
5,B7,0.391,04182026,dat::Tn,dat::Tn,None,CDM20
5,B8,0.342,04182026,dat::Tn_EV,dat::Tn,EV,CDM20
5,B9,0.323,04182026,dat::Tn_Pdat dat,dat::Tn,Pdat dat,CDM20
5,B10,0.354,04182026,dat::Tn_PpepV dat,dat::Tn,PpepV dat,CDM20
5,B11,0.328,04182026,dat::Tn_alr1,dat::Tn,alr1,CDM20
5,B12,0.293,04182026,Δalr1,Δalr1,None,CDM20
5,C1,0.451,04182026,Δalr1_EV,Δalr1,EV,CDM20
5,C2,0.488,04182026,Δalr1_alr1,Δalr1,alr1,CDM20
5,C3,0.092,04182026,NB,NB,None,TSB
5,C4,1.162,04182026,Parent,Parent,None,TSB
5,C5,1.155,04182026,Parent_EV,Parent,EV,TSB
5,C6,1.095,04182026,Parent_Pdat dat,Parent,Pdat dat,TSB
5,C7,1.143,04182026,Parent_PpepV dat,Parent,PpepV dat,TSB
5,C8,1.038,04182026,Parent_alr1,Parent,alr1,TSB
5,C9,1.083,04182026,dat::Tn,dat::Tn,None,TSB
5,C10,1.049,04182026,dat::Tn_EV,dat::Tn,EV,TSB
5,C11,1.039,04182026,dat::Tn_Pdat dat,dat::Tn,Pdat dat,TSB
5,C12,0.927,04182026,dat::Tn_PpepV dat,dat::Tn,PpepV dat,TSB
5,D1,0.413,04182026,Δalr1_EV,Δalr1,EV,CDM20
5,D2,0.445,04182026,Δalr1_alr1,Δalr1,alr1,CDM20
5,D3,0.092,04182026,NB,NB,None,TSB
5,D4,1.225,04182026,Parent,Parent,None,TSB
5,D5,1.251,04182026,Parent_EV,Parent,EV,TSB
5,D6,1.21,04182026,Parent_Pdat dat,Parent,Pdat dat,TSB
5,D7,1.209,04182026,Parent_PpepV dat,Parent,PpepV dat,TSB
5,D8,1.139,04182026,Parent_alr1,Parent,alr1,TSB
5,D9,1.179,04182026,dat::Tn,dat::Tn,None,TSB
5,D10,1.1,04182026,dat::Tn_EV,dat::Tn,EV,TSB
5,D11,1.109,04182026,dat::Tn_Pdat dat,dat::Tn,Pdat dat,TSB
5,D12,0.969,04182026,dat::Tn_PpepV dat,dat::Tn,PpepV dat,TSB
5,E1,0.137,04182026,Δalr1_EV,Δalr1,EV,CDM19 - ala
5,E2,0.139,04182026,Δalr1_alr1,Δalr1,alr1,CDM19 - ala
5,E3,1.171,04182026,dat::Tn_alr1,dat::Tn,alr1,TSB
5,E4,1.016,04182026,Δalr1,Δalr1,None,TSB
5,E5,1.069,04182026,Δalr1_EV,Δalr1,EV,TSB
5,E6,1.185,04182026,Δalr1_alr1,Δalr1,alr1,TSB
5,F1,0.137,04182026,Δalr1_EV,Δalr1,EV,CDM19 - ala
5,F2,0.146,04182026,Δalr1_alr1,Δalr1,alr1,CDM19 - ala
5,F3,1.215,04182026,dat::Tn_alr1,dat::Tn,alr1,TSB
5,F4,1.032,04182026,Δalr1,Δalr1,None,TSB
5,F5,1.104,04182026,Δalr1_EV,Δalr1,EV,TSB
5,F6,1.083,04182026,Δalr1_alr1,Δalr1,alr1,TSB
5,G1,0.087,04182026,NB,NB,None,CDM19 - ala
5,G2,0.148,04182026,Parent,Parent,None,CDM19 - ala
5,G3,0.157,04182026,Parent_EV,Parent,EV,CDM19 - ala
5,G4,0.158,04182026,Parent_Pdat dat,Parent,Pdat dat,CDM19 - ala
5,G5,0.298,04182026,Parent_PpepV dat,Parent,PpepV dat,CDM19 - ala
5,G6,0.161,04182026,Parent_alr1,Parent,alr1,CDM19 - ala
5,G7,0.131,04182026,dat::Tn,dat::Tn,None,CDM19 - ala
5,G8,0.127,04182026,dat::Tn_EV,dat::Tn,EV,CDM19 - ala
5,G9,0.12,04182026,dat::Tn_Pdat dat,dat::Tn,Pdat dat,CDM19 - ala
5,G10,0.234,04182026,dat::Tn_PpepV dat,dat::Tn,PpepV dat,CDM19 - ala
5,G11,0.123,04182026,dat::Tn_alr1,dat::Tn,alr1,CDM19 - ala
5,G12,0.133,04182026,Δalr1,Δalr1,None,CDM19 - ala
5,H1,0.087,04182026,NB,NB,None,CDM19 - ala
5,H2,0.156,04182026,Parent,Parent,None,CDM19 - ala
5,H3,0.162,04182026,Parent_EV,Parent,EV,CDM19 - ala
5,H4,0.163,04182026,Parent_Pdat dat,Parent,Pdat dat,CDM19 - ala
5,H5,0.303,04182026,Parent_PpepV dat,Parent,PpepV dat,CDM19 - ala
5,H6,0.167,04182026,Parent_alr1,Parent,alr1,CDM19 - ala
5,H7,0.136,04182026,dat::Tn,dat::Tn,None,CDM19 - ala
5,H8,0.124,04182026,dat::Tn_EV,dat::Tn,EV,CDM19 - ala
5,H9,0.121,04182026,dat::Tn_Pdat dat,dat::Tn,Pdat dat,CDM19 - ala
5,H10,0.176,04182026,dat::Tn_PpepV dat,dat::Tn,PpepV dat,CDM19 - ala
5,H11,0.125,04182026,dat::Tn_alr1,dat::Tn,alr1,CDM19 - ala
5,H12,0.134,04182026,Δalr1,Δalr1,None,CDM19 - ala
6,A1,0.089,04182026,NB,NB,None,CDM20
6,A2,0.58,04182026,Parent,Parent,None,CDM20
6,A3,0.535,04182026,Parent_EV,Parent,EV,CDM20
6,A4,0.534,04182026,Parent_Pdat dat,Parent,Pdat dat,CDM20
6,A5,0.552,04182026,Parent_PpepV dat,Parent,PpepV dat,CDM20
6,A6,0.512,04182026,Parent_alr1,Parent,alr1,CDM20
6,A7,0.56,04182026,dat::Tn,dat::Tn,None,CDM20
6,A8,0.512,04182026,dat::Tn_EV,dat::Tn,EV,CDM20
6,A9,0.475,04182026,dat::Tn_Pdat dat,dat::Tn,Pdat dat,CDM20
6,A10,0.429,04182026,dat::Tn_PpepV dat,dat::Tn,PpepV dat,CDM20
6,A11,0.456,04182026,dat::Tn_alr1,dat::Tn,alr1,CDM20
6,A12,0.405,04182026,Δalr1,Δalr1,None,CDM20
6,B1,0.087,04182026,NB,NB,None,CDM20
6,B2,0.534,04182026,Parent,Parent,None,CDM20
6,B3,0.565,04182026,Parent_EV,Parent,EV,CDM20
6,B4,0.576,04182026,Parent_Pdat dat,Parent,Pdat dat,CDM20
6,B5,0.579,04182026,Parent_PpepV dat,Parent,PpepV dat,CDM20
6,B6,0.525,04182026,Parent_alr1,Parent,alr1,CDM20
6,B7,0.59,04182026,dat::Tn,dat::Tn,None,CDM20
6,B8,0.499,04182026,dat::Tn_EV,dat::Tn,EV,CDM20
6,B9,0.479,04182026,dat::Tn_Pdat dat,dat::Tn,Pdat dat,CDM20
6,B10,0.481,04182026,dat::Tn_PpepV dat,dat::Tn,PpepV dat,CDM20
6,B11,0.489,04182026,dat::Tn_alr1,dat::Tn,alr1,CDM20
6,B12,0.404,04182026,Δalr1,Δalr1,None,CDM20
6,C1,0.67,04182026,Δalr1_EV,Δalr1,EV,CDM20
6,C2,0.717,04182026,Δalr1_alr1,Δalr1,alr1,CDM20
6,C3,0.092,04182026,NB,NB,None,TSB
6,C4,1.286,04182026,Parent,Parent,None,TSB
6,C5,1.274,04182026,Parent_EV,Parent,EV,TSB
6,C6,1.243,04182026,Parent_Pdat dat,Parent,Pdat dat,TSB
6,C7,1.268,04182026,Parent_PpepV dat,Parent,PpepV dat,TSB
6,C8,1.205,04182026,Parent_alr1,Parent,alr1,TSB
6,C9,1.144,04182026,dat::Tn,dat::Tn,None,TSB
6,C10,1.12,04182026,dat::Tn_EV,dat::Tn,EV,TSB
6,C11,1.121,04182026,dat::Tn_Pdat dat,dat::Tn,Pdat dat,TSB
6,C12,1.011,04182026,dat::Tn_PpepV dat,dat::Tn,PpepV dat,TSB
6,D1,0.637,04182026,Δalr1_EV,Δalr1,EV,CDM20
6,D2,0.659,04182026,Δalr1_alr1,Δalr1,alr1,CDM20
6,D3,0.092,04182026,NB,NB,None,TSB
6,D4,1.304,04182026,Parent,Parent,None,TSB
6,D5,1.321,04182026,Parent_EV,Parent,EV,TSB
6,D6,1.307,04182026,Parent_Pdat dat,Parent,Pdat dat,TSB
6,D7,1.29,04182026,Parent_PpepV dat,Parent,PpepV dat,TSB
6,D8,1.282,04182026,Parent_alr1,Parent,alr1,TSB
6,D9,1.263,04182026,dat::Tn,dat::Tn,None,TSB
6,D10,1.177,04182026,dat::Tn_EV,dat::Tn,EV,TSB
6,D11,1.193,04182026,dat::Tn_Pdat dat,dat::Tn,Pdat dat,TSB
6,D12,1.073,04182026,dat::Tn_PpepV dat,dat::Tn,PpepV dat,TSB
6,E1,0.144,04182026,Δalr1_EV,Δalr1,EV,CDM19 - ala
6,E2,0.155,04182026,Δalr1_alr1,Δalr1,alr1,CDM19 - ala
6,E3,1.228,04182026,dat::Tn_alr1,dat::Tn,alr1,TSB
6,E4,1.085,04182026,Δalr1,Δalr1,None,TSB
6,E5,1.104,04182026,Δalr1_EV,Δalr1,EV,TSB
6,E6,1.273,04182026,Δalr1_alr1,Δalr1,alr1,TSB
6,F1,0.145,04182026,Δalr1_EV,Δalr1,EV,CDM19 - ala
6,F2,0.162,04182026,Δalr1_alr1,Δalr1,alr1,CDM19 - ala
6,F3,1.284,04182026,dat::Tn_alr1,dat::Tn,alr1,TSB
6,F4,1.101,04182026,Δalr1,Δalr1,None,TSB
6,F5,1.156,04182026,Δalr1_EV,Δalr1,EV,TSB
6,F6,1.225,04182026,Δalr1_alr1,Δalr1,alr1,TSB
6,G1,0.087,04182026,NB,NB,None,CDM19 - ala
6,G2,0.18,04182026,Parent,Parent,None,CDM19 - ala
6,G3,0.192,04182026,Parent_EV,Parent,EV,CDM19 - ala
6,G4,0.195,04182026,Parent_Pdat dat,Parent,Pdat dat,CDM19 - ala
6,G5,0.464,04182026,Parent_PpepV dat,Parent,PpepV dat,CDM19 - ala
6,G6,0.195,04182026,Parent_alr1,Parent,alr1,CDM19 - ala
6,G7,0.134,04182026,dat::Tn,dat::Tn,None,CDM19 - ala
6,G8,0.129,04182026,dat::Tn_EV,dat::Tn,EV,CDM19 - ala
6,G9,0.122,04182026,dat::Tn_Pdat dat,dat::Tn,Pdat dat,CDM19 - ala
6,G10,0.369,04182026,dat::Tn_PpepV dat,dat::Tn,PpepV dat,CDM19 - ala
6,G11,0.124,04182026,dat::Tn_alr1,dat::Tn,alr1,CDM19 - ala
6,G12,0.137,04182026,Δalr1,Δalr1,None,CDM19 - ala
6,H1,0.087,04182026,NB,NB,None,CDM19 - ala
6,H2,0.191,04182026,Parent,Parent,None,CDM19 - ala
6,H3,0.198,04182026,Parent_EV,Parent,EV,CDM19 - ala
6,H4,0.2,04182026,Parent_Pdat dat,Parent,Pdat dat,CDM19 - ala
6,H5,0.468,04182026,Parent_PpepV dat,Parent,PpepV dat,CDM19 - ala
6,H6,0.205,04182026,Parent_alr1,Parent,alr1,CDM19 - ala
6,H7,0.141,04182026,dat::Tn,dat::Tn,None,CDM19 - ala
6,H8,0.126,04182026,dat::Tn_EV,dat::Tn,EV,CDM19 - ala
6,H9,0.122,04182026,dat::Tn_Pdat dat,dat::Tn,Pdat dat,CDM19 - ala
6,H10,0.293,04182026,dat::Tn_PpepV dat,dat::Tn,PpepV dat,CDM19 - ala
6,H11,0.125,04182026,dat::Tn_alr1,dat::Tn,alr1,CDM19 - ala
6,H12,0.137,04182026,Δalr1,Δalr1,None,CDM19 - ala
7,A1,0.09,04182026,NB,NB,None,CDM20
7,A2,0.789,04182026,Parent,Parent,None,CDM20
7,A3,0.729,04182026,Parent_EV,Parent,EV,CDM20
7,A4,0.736,04182026,Parent_Pdat dat,Parent,Pdat dat,CDM20
7,A5,0.762,04182026,Parent_PpepV dat,Parent,PpepV dat,CDM20
7,A6,0.701,04182026,Parent_alr1,Parent,alr1,CDM20
7,A7,0.748,04182026,dat::Tn,dat::Tn,None,CDM20
7,A8,0.706,04182026,dat::Tn_EV,dat::Tn,EV,CDM20
7,A9,0.682,04182026,dat::Tn_Pdat dat,dat::Tn,Pdat dat,CDM20
7,A10,0.614,04182026,dat::Tn_PpepV dat,dat::Tn,PpepV dat,CDM20
7,A11,0.655,04182026,dat::Tn_alr1,dat::Tn,alr1,CDM20
7,A12,0.55,04182026,Δalr1,Δalr1,None,CDM20
7,B1,0.087,04182026,NB,NB,None,CDM20
7,B2,0.742,04182026,Parent,Parent,None,CDM20
7,B3,0.776,04182026,Parent_EV,Parent,EV,CDM20
7,B4,0.789,04182026,Parent_Pdat dat,Parent,Pdat dat,CDM20
7,B5,0.803,04182026,Parent_PpepV dat,Parent,PpepV dat,CDM20
7,B6,0.737,04182026,Parent_alr1,Parent,alr1,CDM20
7,B7,0.794,04182026,dat::Tn,dat::Tn,None,CDM20
7,B8,0.692,04182026,dat::Tn_EV,dat::Tn,EV,CDM20
7,B9,0.693,04182026,dat::Tn_Pdat dat,dat::Tn,Pdat dat,CDM20
7,B10,0.703,04182026,dat::Tn_PpepV dat,dat::Tn,PpepV dat,CDM20
7,B11,0.726,04182026,dat::Tn_alr1,dat::Tn,alr1,CDM20
7,B12,0.624,04182026,Δalr1,Δalr1,None,CDM20
7,C1,0.861,04182026,Δalr1_EV,Δalr1,EV,CDM20
7,C2,0.927,04182026,Δalr1_alr1,Δalr1,alr1,CDM20
7,C3,0.092,04182026,NB,NB,None,TSB
7,C4,1.302,04182026,Parent,Parent,None,TSB
7,C5,1.291,04182026,Parent_EV,Parent,EV,TSB
7,C6,1.274,04182026,Parent_Pdat dat,Parent,Pdat dat,TSB
7,C7,1.294,04182026,Parent_PpepV dat,Parent,PpepV dat,TSB
7,C8,1.249,04182026,Parent_alr1,Parent,alr1,TSB
7,C9,1.183,04182026,dat::Tn,dat::Tn,None,TSB
7,C10,1.169,04182026,dat::Tn_EV,dat::Tn,EV,TSB
7,C11,1.168,04182026,dat::Tn_Pdat dat,dat::Tn,Pdat dat,TSB
7,C12,1.076,04182026,dat::Tn_PpepV dat,dat::Tn,PpepV dat,TSB
7,D1,0.819,04182026,Δalr1_EV,Δalr1,EV,CDM20
7,D2,0.899,04182026,Δalr1_alr1,Δalr1,alr1,CDM20
7,D3,0.092,04182026,NB,NB,None,TSB
7,D4,1.296,04182026,Parent,Parent,None,TSB
7,D5,1.33,04182026,Parent_EV,Parent,EV,TSB
7,D6,1.32,04182026,Parent_Pdat dat,Parent,Pdat dat,TSB
7,D7,1.314,04182026,Parent_PpepV dat,Parent,PpepV dat,TSB
7,D8,1.306,04182026,Parent_alr1,Parent,alr1,TSB
7,D9,1.299,04182026,dat::Tn,dat::Tn,None,TSB
7,D10,1.216,04182026,dat::Tn_EV,dat::Tn,EV,TSB
7,D11,1.245,04182026,dat::Tn_Pdat dat,dat::Tn,Pdat dat,TSB
7,D12,1.115,04182026,dat::Tn_PpepV dat,dat::Tn,PpepV dat,TSB
7,E1,0.152,04182026,Δalr1_EV,Δalr1,EV,CDM19 - ala
7,E2,0.184,04182026,Δalr1_alr1,Δalr1,alr1,CDM19 - ala
7,E3,1.263,04182026,dat::Tn_alr1,dat::Tn,alr1,TSB
7,E4,1.104,04182026,Δalr1,Δalr1,None,TSB
7,E5,1.142,04182026,Δalr1_EV,Δalr1,EV,TSB
7,E6,1.271,04182026,Δalr1_alr1,Δalr1,alr1,TSB
7,F1,0.156,04182026,Δalr1_EV,Δalr1,EV,CDM19 - ala
7,F2,0.192,04182026,Δalr1_alr1,Δalr1,alr1,CDM19 - ala
7,F3,1.292,04182026,dat::Tn_alr1,dat::Tn,alr1,TSB
7,F4,1.113,04182026,Δalr1,Δalr1,None,TSB
7,F5,1.155,04182026,Δalr1_EV,Δalr1,EV,TSB
7,F6,1.23,04182026,Δalr1_alr1,Δalr1,alr1,TSB
7,G1,0.087,04182026,NB,NB,None,CDM19 - ala
7,G2,0.219,04182026,Parent,Parent,None,CDM19 - ala
7,G3,0.24,04182026,Parent_EV,Parent,EV,CDM19 - ala
7,G4,0.246,04182026,Parent_Pdat dat,Parent,Pdat dat,CDM19 - ala
7,G5,0.672,04182026,Parent_PpepV dat,Parent,PpepV dat,CDM19 - ala
7,G6,0.242,04182026,Parent_alr1,Parent,alr1,CDM19 - ala
7,G7,0.138,04182026,dat::Tn,dat::Tn,None,CDM19 - ala
7,G8,0.13,04182026,dat::Tn_EV,dat::Tn,EV,CDM19 - ala
7,G9,0.122,04182026,dat::Tn_Pdat dat,dat::Tn,Pdat dat,CDM19 - ala
7,G10,0.524,04182026,dat::Tn_PpepV dat,dat::Tn,PpepV dat,CDM19 - ala
7,G11,0.124,04182026,dat::Tn_alr1,dat::Tn,alr1,CDM19 - ala
7,G12,0.14,04182026,Δalr1,Δalr1,None,CDM19 - ala
7,H1,0.087,04182026,NB,NB,None,CDM19 - ala
7,H2,0.233,04182026,Parent,Parent,None,CDM19 - ala
7,H3,0.245,04182026,Parent_EV,Parent,EV,CDM19 - ala
7,H4,0.251,04182026,Parent_Pdat dat,Parent,Pdat dat,CDM19 - ala
7,H5,0.676,04182026,Parent_PpepV dat,Parent,PpepV dat,CDM19 - ala
7,H6,0.249,04182026,Parent_alr1,Parent,alr1,CDM19 - ala
7,H7,0.145,04182026,dat::Tn,dat::Tn,None,CDM19 - ala
7,H8,0.128,04182026,dat::Tn_EV,dat::Tn,EV,CDM19 - ala
7,H9,0.123,04182026,dat::Tn_Pdat dat,dat::Tn,Pdat dat,CDM19 - ala
7,H10,0.432,04182026,dat::Tn_PpepV dat,dat::Tn,PpepV dat,CDM19 - ala
7,H11,0.125,04182026,dat::Tn_alr1,dat::Tn,alr1,CDM19 - ala
7,H12,0.141,04182026,Δalr1,Δalr1,None,CDM19 - ala
8,A1,0.091,04182026,NB,NB,None,CDM20
8,A2,0.9,04182026,Parent,Parent,None,CDM20
8,A3,0.833,04182026,Parent_EV,Parent,EV,CDM20
8,A4,0.829,04182026,Parent_Pdat dat,Parent,Pdat dat,CDM20
8,A5,0.848,04182026,Parent_PpepV dat,Parent,PpepV dat,CDM20
8,A6,0.757,04182026,Parent_alr1,Parent,alr1,CDM20
8,A7,0.866,04182026,dat::Tn,dat::Tn,None,CDM20
8,A8,0.84,04182026,dat::Tn_EV,dat::Tn,EV,CDM20
8,A9,0.87,04182026,dat::Tn_Pdat dat,dat::Tn,Pdat dat,CDM20
8,A10,0.808,04182026,dat::Tn_PpepV dat,dat::Tn,PpepV dat,CDM20
8,A11,0.781,04182026,dat::Tn_alr1,dat::Tn,alr1,CDM20
8,A12,0.577,04182026,Δalr1,Δalr1,None,CDM20
8,B1,0.087,04182026,NB,NB,None,CDM20
8,B2,0.786,04182026,Parent,Parent,None,CDM20
8,B3,0.876,04182026,Parent_EV,Parent,EV,CDM20
8,B4,0.887,04182026,Parent_Pdat dat,Parent,Pdat dat,CDM20
8,B5,0.897,04182026,Parent_PpepV dat,Parent,PpepV dat,CDM20
8,B6,0.85,04182026,Parent_alr1,Parent,alr1,CDM20
8,B7,0.884,04182026,dat::Tn,dat::Tn,None,CDM20
8,B8,0.84,04182026,dat::Tn_EV,dat::Tn,EV,CDM20
8,B9,0.867,04182026,dat::Tn_Pdat dat,dat::Tn,Pdat dat,CDM20
8,B10,0.867,04182026,dat::Tn_PpepV dat,dat::Tn,PpepV dat,CDM20
8,B11,0.917,04182026,dat::Tn_alr1,dat::Tn,alr1,CDM20
8,B12,0.794,04182026,Δalr1,Δalr1,None,CDM20
8,C1,0.952,04182026,Δalr1_EV,Δalr1,EV,CDM20
8,C2,1.037,04182026,Δalr1_alr1,Δalr1,alr1,CDM20
8,C3,0.092,04182026,NB,NB,None,TSB
8,C4,1.285,04182026,Parent,Parent,None,TSB
8,C5,1.283,04182026,Parent_EV,Parent,EV,TSB
8,C6,1.264,04182026,Parent_Pdat dat,Parent,Pdat dat,TSB
8,C7,1.266,04182026,Parent_PpepV dat,Parent,PpepV dat,TSB
8,C8,1.247,04182026,Parent_alr1,Parent,alr1,TSB
8,C9,1.2,04182026,dat::Tn,dat::Tn,None,TSB
8,C10,1.176,04182026,dat::Tn_EV,dat::Tn,EV,TSB
8,C11,1.174,04182026,dat::Tn_Pdat dat,dat::Tn,Pdat dat,TSB
8,C12,1.095,04182026,dat::Tn_PpepV dat,dat::Tn,PpepV dat,TSB
8,D1,0.887,04182026,Δalr1_EV,Δalr1,EV,CDM20
8,D2,1.023,04182026,Δalr1_alr1,Δalr1,alr1,CDM20
8,D3,0.092,04182026,NB,NB,None,TSB
8,D4,1.279,04182026,Parent,Parent,None,TSB
8,D5,1.316,04182026,Parent_EV,Parent,EV,TSB
8,D6,1.306,04182026,Parent_Pdat dat,Parent,Pdat dat,TSB
8,D7,1.304,04182026,Parent_PpepV dat,Parent,PpepV dat,TSB
8,D8,1.288,04182026,Parent_alr1,Parent,alr1,TSB
8,D9,1.314,04182026,dat::Tn,dat::Tn,None,TSB
8,D10,1.233,04182026,dat::Tn_EV,dat::Tn,EV,TSB
8,D11,1.26,04182026,dat::Tn_Pdat dat,dat::Tn,Pdat dat,TSB
8,D12,1.13,04182026,dat::Tn_PpepV dat,dat::Tn,PpepV dat,TSB
8,E1,0.163,04182026,Δalr1_EV,Δalr1,EV,CDM19 - ala
8,E2,0.213,04182026,Δalr1_alr1,Δalr1,alr1,CDM19 - ala
8,E3,1.265,04182026,dat::Tn_alr1,dat::Tn,alr1,TSB
8,E4,1.107,04182026,Δalr1,Δalr1,None,TSB
8,E5,1.149,04182026,Δalr1_EV,Δalr1,EV,TSB
8,E6,1.254,04182026,Δalr1_alr1,Δalr1,alr1,TSB
8,F1,0.17,04182026,Δalr1_EV,Δalr1,EV,CDM19 - ala
8,F2,0.219,04182026,Δalr1_alr1,Δalr1,alr1,CDM19 - ala
8,F3,1.288,04182026,dat::Tn_alr1,dat::Tn,alr1,TSB
8,F4,1.108,04182026,Δalr1,Δalr1,None,TSB
8,F5,1.138,04182026,Δalr1_EV,Δalr1,EV,TSB
8,F6,1.229,04182026,Δalr1_alr1,Δalr1,alr1,TSB
8,G1,0.087,04182026,NB,NB,None,CDM19 - ala
8,G2,0.267,04182026,Parent,Parent,None,CDM19 - ala
8,G3,0.292,04182026,Parent_EV,Parent,EV,CDM19 - ala
8,G4,0.304,04182026,Parent_Pdat dat,Parent,Pdat dat,CDM19 - ala
8,G5,0.818,04182026,Parent_PpepV dat,Parent,PpepV dat,CDM19 - ala
8,G6,0.292,04182026,Parent_alr1,Parent,alr1,CDM19 - ala
8,G7,0.146,04182026,dat::Tn,dat::Tn,None,CDM19 - ala
8,G8,0.136,04182026,dat::Tn_EV,dat::Tn,EV,CDM19 - ala
8,G9,0.126,04182026,dat::Tn_Pdat dat,dat::Tn,Pdat dat,CDM19 - ala
8,G10,0.63,04182026,dat::Tn_PpepV dat,dat::Tn,PpepV dat,CDM19 - ala
8,G11,0.128,04182026,dat::Tn_alr1,dat::Tn,alr1,CDM19 - ala
8,G12,0.147,04182026,Δalr1,Δalr1,None,CDM19 - ala
8,H1,0.087,04182026,NB,NB,None,CDM19 - ala
8,H2,0.278,04182026,Parent,Parent,None,CDM19 - ala
8,H3,0.294,04182026,Parent_EV,Parent,EV,CDM19 - ala
8,H4,0.305,04182026,Parent_Pdat dat,Parent,Pdat dat,CDM19 - ala
8,H5,0.802,04182026,Parent_PpepV dat,Parent,PpepV dat,CDM19 - ala
8,H6,0.292,04182026,Parent_alr1,Parent,alr1,CDM19 - ala
8,H7,0.154,04182026,dat::Tn,dat::Tn,None,CDM19 - ala
8,H8,0.134,04182026,dat::Tn_EV,dat::Tn,EV,CDM19 - ala
8,H9,0.128,04182026,dat::Tn_Pdat dat,dat::Tn,Pdat dat,CDM19 - ala
8,H10,0.51,04182026,dat::Tn_PpepV dat,dat::Tn,PpepV dat,CDM19 - ala
8,H11,0.132,04182026,dat::Tn_alr1,dat::Tn,alr1,CDM19 - ala
8,H12,0.146,04182026,Δalr1,Δalr1,None,CDM19 - ala
9,A1,0.091,04182026,NB,NB,None,CDM20
9,A2,1.034,04182026,Parent,Parent,None,CDM20
9,A3,0.979,04182026,Parent_EV,Parent,EV,CDM20
9,A4,0.963,04182026,Parent_Pdat dat,Parent,Pdat dat,CDM20
9,A5,0.928,04182026,Parent_PpepV dat,Parent,PpepV dat,CDM20
9,A6,0.848,04182026,Parent_alr1,Parent,alr1,CDM20
9,A7,0.925,04182026,dat::Tn,dat::Tn,None,CDM20
9,A8,1.019,04182026,dat::Tn_EV,dat::Tn,EV,CDM20
9,A9,1.023,04182026,dat::Tn_Pdat dat,dat::Tn,Pdat dat,CDM20
9,A10,0.99,04182026,dat::Tn_PpepV dat,dat::Tn,PpepV dat,CDM20
9,A11,1.02,04182026,dat::Tn_alr1,dat::Tn,alr1,CDM20
9,A12,0.818,04182026,Δalr1,Δalr1,None,CDM20
9,B1,0.087,04182026,NB,NB,None,CDM20
9,B2,0.906,04182026,Parent,Parent,None,CDM20
9,B3,0.994,04182026,Parent_EV,Parent,EV,CDM20
9,B4,1.004,04182026,Parent_Pdat dat,Parent,Pdat dat,CDM20
9,B5,1.025,04182026,Parent_PpepV dat,Parent,PpepV dat,CDM20
9,B6,0.962,04182026,Parent_alr1,Parent,alr1,CDM20
9,B7,1.001,04182026,dat::Tn,dat::Tn,None,CDM20
9,B8,0.979,04182026,dat::Tn_EV,dat::Tn,EV,CDM20
9,B9,1.015,04182026,dat::Tn_Pdat dat,dat::Tn,Pdat dat,CDM20
9,B10,1.008,04182026,dat::Tn_PpepV dat,dat::Tn,PpepV dat,CDM20
9,B11,1.067,04182026,dat::Tn_alr1,dat::Tn,alr1,CDM20
9,B12,0.93,04182026,Δalr1,Δalr1,None,CDM20
9,C1,1.062,04182026,Δalr1_EV,Δalr1,EV,CDM20
9,C2,1.118,04182026,Δalr1_alr1,Δalr1,alr1,CDM20
9,C3,0.092,04182026,NB,NB,None,TSB
9,C4,1.274,04182026,Parent,Parent,None,TSB
9,C5,1.271,04182026,Parent_EV,Parent,EV,TSB
9,C6,1.272,04182026,Parent_Pdat dat,Parent,Pdat dat,TSB
9,C7,1.274,04182026,Parent_PpepV dat,Parent,PpepV dat,TSB
9,C8,1.267,04182026,Parent_alr1,Parent,alr1,TSB
9,C9,1.233,04182026,dat::Tn,dat::Tn,None,TSB
9,C10,1.206,04182026,dat::Tn_EV,dat::Tn,EV,TSB
9,C11,1.202,04182026,dat::Tn_Pdat dat,dat::Tn,Pdat dat,TSB
9,C12,1.127,04182026,dat::Tn_PpepV dat,dat::Tn,PpepV dat,TSB
9,D1,1.016,04182026,Δalr1_EV,Δalr1,EV,CDM20
9,D2,1.099,04182026,Δalr1_alr1,Δalr1,alr1,CDM20
9,D3,0.092,04182026,NB,NB,None,TSB
9,D4,1.272,04182026,Parent,Parent,None,TSB
9,D5,1.308,04182026,Parent_EV,Parent,EV,TSB
9,D6,1.302,04182026,Parent_Pdat dat,Parent,Pdat dat,TSB
9,D7,1.304,04182026,Parent_PpepV dat,Parent,PpepV dat,TSB
9,D8,1.301,04182026,Parent_alr1,Parent,alr1,TSB
9,D9,1.335,04182026,dat::Tn,dat::Tn,None,TSB
9,D10,1.254,04182026,dat::Tn_EV,dat::Tn,EV,TSB
9,D11,1.294,04182026,dat::Tn_Pdat dat,dat::Tn,Pdat dat,TSB
9,D12,1.16,04182026,dat::Tn_PpepV dat,dat::Tn,PpepV dat,TSB
9,E1,0.178,04182026,Δalr1_EV,Δalr1,EV,CDM19 - ala
9,E2,0.254,04182026,Δalr1_alr1,Δalr1,alr1,CDM19 - ala
9,E3,1.287,04182026,dat::Tn_alr1,dat::Tn,alr1,TSB
9,E4,1.108,04182026,Δalr1,Δalr1,None,TSB
9,E5,1.163,04182026,Δalr1_EV,Δalr1,EV,TSB
9,E6,1.24,04182026,Δalr1_alr1,Δalr1,alr1,TSB
9,F1,0.184,04182026,Δalr1_EV,Δalr1,EV,CDM19 - ala
9,F2,0.254,04182026,Δalr1_alr1,Δalr1,alr1,CDM19 - ala
9,F3,1.287,04182026,dat::Tn_alr1,dat::Tn,alr1,TSB
9,F4,1.113,04182026,Δalr1,Δalr1,None,TSB
9,F5,1.142,04182026,Δalr1_EV,Δalr1,EV,TSB
9,F6,1.218,04182026,Δalr1_alr1,Δalr1,alr1,TSB
9,G1,0.087,04182026,NB,NB,None,CDM19 - ala
9,G2,0.332,04182026,Parent,Parent,None,CDM19 - ala
9,G3,0.363,04182026,Parent_EV,Parent,EV,CDM19 - ala
9,G4,0.387,04182026,Parent_Pdat dat,Parent,Pdat dat,CDM19 - ala
9,G5,0.983,04182026,Parent_PpepV dat,Parent,PpepV dat,CDM19 - ala
9,G6,0.365,04182026,Parent_alr1,Parent,alr1,CDM19 - ala
9,G7,0.158,04182026,dat::Tn,dat::Tn,None,CDM19 - ala
9,G8,0.144,04182026,dat::Tn_EV,dat::Tn,EV,CDM19 - ala
9,G9,0.129,04182026,dat::Tn_Pdat dat,dat::Tn,Pdat dat,CDM19 - ala
9,G10,0.798,04182026,dat::Tn_PpepV dat,dat::Tn,PpepV dat,CDM19 - ala
9,G11,0.133,04182026,dat::Tn_alr1,dat::Tn,alr1,CDM19 - ala
9,G12,0.155,04182026,Δalr1,Δalr1,None,CDM19 - ala
9,H1,0.087,04182026,NB,NB,None,CDM19 - ala
9,H2,0.341,04182026,Parent,Parent,None,CDM19 - ala
9,H3,0.364,04182026,Parent_EV,Parent,EV,CDM19 - ala
9,H4,0.384,04182026,Parent_Pdat dat,Parent,Pdat dat,CDM19 - ala
9,H5,0.942,04182026,Parent_PpepV dat,Parent,PpepV dat,CDM19 - ala
9,H6,0.359,04182026,Parent_alr1,Parent,alr1,CDM19 - ala
9,H7,0.163,04182026,dat::Tn,dat::Tn,None,CDM19 - ala
9,H8,0.142,04182026,dat::Tn_EV,dat::Tn,EV,CDM19 - ala
9,H9,0.133,04182026,dat::Tn_Pdat dat,dat::Tn,Pdat dat,CDM19 - ala
9,H10,0.661,04182026,dat::Tn_PpepV dat,dat::Tn,PpepV dat,CDM19 - ala
9,H11,0.137,04182026,dat::Tn_alr1,dat::Tn,alr1,CDM19 - ala
9,H12,0.149,04182026,Δalr1,Δalr1,None,CDM19 - ala
10,A1,0.087,04182026,NB,NB,None,CDM20
10,A2,1.187,04182026,Parent,Parent,None,CDM20
10,A3,1.156,04182026,Parent_EV,Parent,EV,CDM20
10,A4,1.145,04182026,Parent_Pdat dat,Parent,Pdat dat,CDM20
10,A5,1.122,04182026,Parent_PpepV dat,Parent,PpepV dat,CDM20
10,A6,1.088,04182026,Parent_alr1,Parent,alr1,CDM20
10,A7,1.133,04182026,dat::Tn,dat::Tn,None,CDM20
10,A8,1.128,04182026,dat::Tn_EV,dat::Tn,EV,CDM20
10,A9,1.16,04182026,dat::Tn_Pdat dat,dat::Tn,Pdat dat,CDM20
10,A10,1.157,04182026,dat::Tn_PpepV dat,dat::Tn,PpepV dat,CDM20
10,A11,1.164,04182026,dat::Tn_alr1,dat::Tn,alr1,CDM20
10,A12,1.089,04182026,Δalr1,Δalr1,None,CDM20
10,B1,0.087,04182026,NB,NB,None,CDM20
10,B2,1.145,04182026,Parent,Parent,None,CDM20
10,B3,1.16,04182026,Parent_EV,Parent,EV,CDM20
10,B4,1.161,04182026,Parent_Pdat dat,Parent,Pdat dat,CDM20
10,B5,1.175,04182026,Parent_PpepV dat,Parent,PpepV dat,CDM20
10,B6,1.126,04182026,Parent_alr1,Parent,alr1,CDM20
10,B7,1.135,04182026,dat::Tn,dat::Tn,None,CDM20
10,B8,1.094,04182026,dat::Tn_EV,dat::Tn,EV,CDM20
10,B9,1.143,04182026,dat::Tn_Pdat dat,dat::Tn,Pdat dat,CDM20
10,B10,1.19,04182026,dat::Tn_PpepV dat,dat::Tn,PpepV dat,CDM20
10,B11,1.209,04182026,dat::Tn_alr1,dat::Tn,alr1,CDM20
10,B12,1.137,04182026,Δalr1,Δalr1,None,CDM20
10,C1,1.171,04182026,Δalr1_EV,Δalr1,EV,CDM20
10,C2,1.222,04182026,Δalr1_alr1,Δalr1,alr1,CDM20
10,C3,0.092,04182026,NB,NB,None,TSB
10,C4,1.298,04182026,Parent,Parent,None,TSB
10,C5,1.294,04182026,Parent_EV,Parent,EV,TSB
10,C6,1.295,04182026,Parent_Pdat dat,Parent,Pdat dat,TSB
10,C7,1.317,04182026,Parent_PpepV dat,Parent,PpepV dat,TSB
10,C8,1.296,04182026,Parent_alr1,Parent,alr1,TSB
10,C9,1.266,04182026,dat::Tn,dat::Tn,None,TSB
10,C10,1.268,04182026,dat::Tn_EV,dat::Tn,EV,TSB
10,C11,1.29,04182026,dat::Tn_Pdat dat,dat::Tn,Pdat dat,TSB
10,C12,1.222,04182026,dat::Tn_PpepV dat,dat::Tn,PpepV dat,TSB
10,D1,1.146,04182026,Δalr1_EV,Δalr1,EV,CDM20
10,D2,1.213,04182026,Δalr1_alr1,Δalr1,alr1,CDM20
10,D3,0.092,04182026,NB,NB,None,TSB
10,D4,1.294,04182026,Parent,Parent,None,TSB
10,D5,1.329,04182026,Parent_EV,Parent,EV,TSB
10,D6,1.322,04182026,Parent_Pdat dat,Parent,Pdat dat,TSB
10,D7,1.319,04182026,Parent_PpepV dat,Parent,PpepV dat,TSB
10,D8,1.318,04182026,Parent_alr1,Parent,alr1,TSB
10,D9,1.347,04182026,dat::Tn,dat::Tn,None,TSB
10,D10,1.319,04182026,dat::Tn_EV,dat::Tn,EV,TSB
10,D11,1.343,04182026,dat::Tn_Pdat dat,dat::Tn,Pdat dat,TSB
10,D12,1.245,04182026,dat::Tn_PpepV dat,dat::Tn,PpepV dat,TSB
10,E1,0.182,04182026,Δalr1_EV,Δalr1,EV,CDM19 - ala
10,E2,0.332,04182026,Δalr1_alr1,Δalr1,alr1,CDM19 - ala
10,E3,1.321,04182026,dat::Tn_alr1,dat::Tn,alr1,TSB
10,E4,1.149,04182026,Δalr1,Δalr1,None,TSB
10,E5,1.188,04182026,Δalr1_EV,Δalr1,EV,TSB
10,E6,1.263,04182026,Δalr1_alr1,Δalr1,alr1,TSB
10,F1,0.192,04182026,Δalr1_EV,Δalr1,EV,CDM19 - ala
10,F2,0.324,04182026,Δalr1_alr1,Δalr1,alr1,CDM19 - ala
10,F3,1.31,04182026,dat::Tn_alr1,dat::Tn,alr1,TSB
10,F4,1.153,04182026,Δalr1,Δalr1,None,TSB
10,F5,1.163,04182026,Δalr1_EV,Δalr1,EV,TSB
10,F6,1.244,04182026,Δalr1_alr1,Δalr1,alr1,TSB
10,G1,0.087,04182026,NB,NB,None,CDM19 - ala
10,G2,0.431,04182026,Parent,Parent,None,CDM19 - ala
10,G3,0.468,04182026,Parent_EV,Parent,EV,CDM19 - ala
10,G4,0.519,04182026,Parent_Pdat dat,Parent,Pdat dat,CDM19 - ala
10,G5,1.178,04182026,Parent_PpepV dat,Parent,PpepV dat,CDM19 - ala
10,G6,0.495,04182026,Parent_alr1,Parent,alr1,CDM19 - ala
10,G7,0.156,04182026,dat::Tn,dat::Tn,None,CDM19 - ala
10,G8,0.141,04182026,dat::Tn_EV,dat::Tn,EV,CDM19 - ala
10,G9,0.124,04182026,dat::Tn_Pdat dat,dat::Tn,Pdat dat,CDM19 - ala
10,G10,1.053,04182026,dat::Tn_PpepV dat,dat::Tn,PpepV dat,CDM19 - ala
10,G11,0.126,04182026,dat::Tn_alr1,dat::Tn,alr1,CDM19 - ala
10,G12,0.152,04182026,Δalr1,Δalr1,None,CDM19 - ala
10,H1,0.087,04182026,NB,NB,None,CDM19 - ala
10,H2,0.436,04182026,Parent,Parent,None,CDM19 - ala
10,H3,0.469,04182026,Parent_EV,Parent,EV,CDM19 - ala
10,H4,0.508,04182026,Parent_Pdat dat,Parent,Pdat dat,CDM19 - ala
10,H5,1.153,04182026,Parent_PpepV dat,Parent,PpepV dat,CDM19 - ala
10,H6,0.481,04182026,Parent_alr1,Parent,alr1,CDM19 - ala
10,H7,0.156,04182026,dat::Tn,dat::Tn,None,CDM19 - ala
10,H8,0.137,04182026,dat::Tn_EV,dat::Tn,EV,CDM19 - ala
10,H9,0.128,04182026,dat::Tn_Pdat dat,dat::Tn,Pdat dat,CDM19 - ala
10,H10,0.941,04182026,dat::Tn_PpepV dat,dat::Tn,PpepV dat,CDM19 - ala
10,H11,0.13,04182026,dat::Tn_alr1,dat::Tn,alr1,CDM19 - ala
10,H12,0.15,04182026,Δalr1,Δalr1,None,CDM19 - ala
11,A1,0.088,04182026,NB,NB,None,CDM20
11,A2,1.242,04182026,Parent,Parent,None,CDM20
11,A3,1.184,04182026,Parent_EV,Parent,EV,CDM20
11,A4,1.153,04182026,Parent_Pdat dat,Parent,Pdat dat,CDM20
11,A5,1.149,04182026,Parent_PpepV dat,Parent,PpepV dat,CDM20
11,A6,1.118,04182026,Parent_alr1,Parent,alr1,CDM20
11,A7,1.179,04182026,dat::Tn,dat::Tn,None,CDM20
11,A8,1.146,04182026,dat::Tn_EV,dat::Tn,EV,CDM20
11,A9,1.196,04182026,dat::Tn_Pdat dat,dat::Tn,Pdat dat,CDM20
11,A10,1.205,04182026,dat::Tn_PpepV dat,dat::Tn,PpepV dat,CDM20
11,A11,1.214,04182026,dat::Tn_alr1,dat::Tn,alr1,CDM20
11,A12,1.16,04182026,Δalr1,Δalr1,None,CDM20
11,B1,0.087,04182026,NB,NB,None,CDM20
11,B2,1.202,04182026,Parent,Parent,None,CDM20
11,B3,1.177,04182026,Parent_EV,Parent,EV,CDM20
11,B4,1.152,04182026,Parent_Pdat dat,Parent,Pdat dat,CDM20
11,B5,1.179,04182026,Parent_PpepV dat,Parent,PpepV dat,CDM20
11,B6,1.137,04182026,Parent_alr1,Parent,alr1,CDM20
11,B7,1.139,04182026,dat::Tn,dat::Tn,None,CDM20
11,B8,1.134,04182026,dat::Tn_EV,dat::Tn,EV,CDM20
11,B9,1.163,04182026,dat::Tn_Pdat dat,dat::Tn,Pdat dat,CDM20
11,B10,1.221,04182026,dat::Tn_PpepV dat,dat::Tn,PpepV dat,CDM20
11,B11,1.235,04182026,dat::Tn_alr1,dat::Tn,alr1,CDM20
11,B12,1.171,04182026,Δalr1,Δalr1,None,CDM20
11,C1,1.224,04182026,Δalr1_EV,Δalr1,EV,CDM20
11,C2,1.255,04182026,Δalr1_alr1,Δalr1,alr1,CDM20
11,C3,0.092,04182026,NB,NB,None,TSB
11,C4,1.309,04182026,Parent,Parent,None,TSB
11,C5,1.302,04182026,Parent_EV,Parent,EV,TSB
11,C6,1.298,04182026,Parent_Pdat dat,Parent,Pdat dat,TSB
11,C7,1.303,04182026,Parent_PpepV dat,Parent,PpepV dat,TSB
11,C8,1.283,04182026,Parent_alr1,Parent,alr1,TSB
11,C9,1.277,04182026,dat::Tn,dat::Tn,None,TSB
11,C10,1.268,04182026,dat::Tn_EV,dat::Tn,EV,TSB
11,C11,1.283,04182026,dat::Tn_Pdat dat,dat::Tn,Pdat dat,TSB
11,C12,1.227,04182026,dat::Tn_PpepV dat,dat::Tn,PpepV dat,TSB
11,D1,1.234,04182026,Δalr1_EV,Δalr1,EV,CDM20
11,D2,1.257,04182026,Δalr1_alr1,Δalr1,alr1,CDM20
11,D3,0.092,04182026,NB,NB,None,TSB
11,D4,1.293,04182026,Parent,Parent,None,TSB
11,D5,1.324,04182026,Parent_EV,Parent,EV,TSB
11,D6,1.317,04182026,Parent_Pdat dat,Parent,Pdat dat,TSB
11,D7,1.318,04182026,Parent_PpepV dat,Parent,PpepV dat,TSB
11,D8,1.311,04182026,Parent_alr1,Parent,alr1,TSB
11,D9,1.357,04182026,dat::Tn,dat::Tn,None,TSB
11,D10,1.314,04182026,dat::Tn_EV,dat::Tn,EV,TSB
11,D11,1.337,04182026,dat::Tn_Pdat dat,dat::Tn,Pdat dat,TSB
11,D12,1.246,04182026,dat::Tn_PpepV dat,dat::Tn,PpepV dat,TSB
11,E1,0.191,04182026,Δalr1_EV,Δalr1,EV,CDM19 - ala
11,E2,0.396,04182026,Δalr1_alr1,Δalr1,alr1,CDM19 - ala
11,E3,1.326,04182026,dat::Tn_alr1,dat::Tn,alr1,TSB
11,E4,1.146,04182026,Δalr1,Δalr1,None,TSB
11,E5,1.193,04182026,Δalr1_EV,Δalr1,EV,TSB
11,E6,1.254,04182026,Δalr1_alr1,Δalr1,alr1,TSB
11,F1,0.203,04182026,Δalr1_EV,Δalr1,EV,CDM19 - ala
11,F2,0.383,04182026,Δalr1_alr1,Δalr1,alr1,CDM19 - ala
11,F3,1.318,04182026,dat::Tn_alr1,dat::Tn,alr1,TSB
11,F4,1.161,04182026,Δalr1,Δalr1,None,TSB
11,F5,1.173,04182026,Δalr1_EV,Δalr1,EV,TSB
11,F6,1.234,04182026,Δalr1_alr1,Δalr1,alr1,TSB
11,G1,0.087,04182026,NB,NB,None,CDM19 - ala
11,G2,0.545,04182026,Parent,Parent,None,CDM19 - ala
11,G3,0.584,04182026,Parent_EV,Parent,EV,CDM19 - ala
11,G4,0.665,04182026,Parent_Pdat dat,Parent,Pdat dat,CDM19 - ala
11,G5,1.245,04182026,Parent_PpepV dat,Parent,PpepV dat,CDM19 - ala
11,G6,0.614,04182026,Parent_alr1,Parent,alr1,CDM19 - ala
11,G7,0.161,04182026,dat::Tn,dat::Tn,None,CDM19 - ala
11,G8,0.145,04182026,dat::Tn_EV,dat::Tn,EV,CDM19 - ala
11,G9,0.124,04182026,dat::Tn_Pdat dat,dat::Tn,Pdat dat,CDM19 - ala
11,G10,1.145,04182026,dat::Tn_PpepV dat,dat::Tn,PpepV dat,CDM19 - ala
11,G11,0.129,04182026,dat::Tn_alr1,dat::Tn,alr1,CDM19 - ala
11,G12,0.156,04182026,Δalr1,Δalr1,None,CDM19 - ala
11,H1,0.087,04182026,NB,NB,None,CDM19 - ala
11,H2,0.534,04182026,Parent,Parent,None,CDM19 - ala
11,H3,0.583,04182026,Parent_EV,Parent,EV,CDM19 - ala
11,H4,0.659,04182026,Parent_Pdat dat,Parent,Pdat dat,CDM19 - ala
11,H5,1.216,04182026,Parent_PpepV dat,Parent,PpepV dat,CDM19 - ala
11,H6,0.609,04182026,Parent_alr1,Parent,alr1,CDM19 - ala
11,H7,0.159,04182026,dat::Tn,dat::Tn,None,CDM19 - ala
11,H8,0.14,04182026,dat::Tn_EV,dat::Tn,EV,CDM19 - ala
11,H9,0.13,04182026,dat::Tn_Pdat dat,dat::Tn,Pdat dat,CDM19 - ala
11,H10,1.048,04182026,dat::Tn_PpepV dat,dat::Tn,PpepV dat,CDM19 - ala
11,H11,0.133,04182026,dat::Tn_alr1,dat::Tn,alr1,CDM19 - ala
11,H12,0.15,04182026,Δalr1,Δalr1,None,CDM19 - ala
12,A1,0.087,04182026,NB,NB,None,CDM20
12,A2,1.299,04182026,Parent,Parent,None,CDM20
12,A3,1.268,04182026,Parent_EV,Parent,EV,CDM20
12,A4,1.26,04182026,Parent_Pdat dat,Parent,Pdat dat,CDM20
12,A5,1.262,04182026,Parent_PpepV dat,Parent,PpepV dat,CDM20
12,A6,1.234,04182026,Parent_alr1,Parent,alr1,CDM20
12,A7,1.268,04182026,dat::Tn,dat::Tn,None,CDM20
12,A8,1.256,04182026,dat::Tn_EV,dat::Tn,EV,CDM20
12,A9,1.273,04182026,dat::Tn_Pdat dat,dat::Tn,Pdat dat,CDM20
12,A10,1.285,04182026,dat::Tn_PpepV dat,dat::Tn,PpepV dat,CDM20
12,A11,1.301,04182026,dat::Tn_alr1,dat::Tn,alr1,CDM20
12,A12,1.236,04182026,Δalr1,Δalr1,None,CDM20
12,B1,0.087,04182026,NB,NB,None,CDM20
12,B2,1.259,04182026,Parent,Parent,None,CDM20
12,B3,1.247,04182026,Parent_EV,Parent,EV,CDM20
12,B4,1.244,04182026,Parent_Pdat dat,Parent,Pdat dat,CDM20
12,B5,1.272,04182026,Parent_PpepV dat,Parent,PpepV dat,CDM20
12,B6,1.233,04182026,Parent_alr1,Parent,alr1,CDM20
12,B7,1.224,04182026,dat::Tn,dat::Tn,None,CDM20
12,B8,1.217,04182026,dat::Tn_EV,dat::Tn,EV,CDM20
12,B9,1.256,04182026,dat::Tn_Pdat dat,dat::Tn,Pdat dat,CDM20
12,B10,1.324,04182026,dat::Tn_PpepV dat,dat::Tn,PpepV dat,CDM20
12,B11,1.327,04182026,dat::Tn_alr1,dat::Tn,alr1,CDM20
12,B12,1.277,04182026,Δalr1,Δalr1,None,CDM20
12,C1,1.258,04182026,Δalr1_EV,Δalr1,EV,CDM20
12,C2,1.313,04182026,Δalr1_alr1,Δalr1,alr1,CDM20
12,C3,0.092,04182026,NB,NB,None,TSB
12,C4,1.323,04182026,Parent,Parent,None,TSB
12,C5,1.32,04182026,Parent_EV,Parent,EV,TSB
12,C6,1.316,04182026,Parent_Pdat dat,Parent,Pdat dat,TSB
12,C7,1.327,04182026,Parent_PpepV dat,Parent,PpepV dat,TSB
12,C8,1.307,04182026,Parent_alr1,Parent,alr1,TSB
12,C9,1.298,04182026,dat::Tn,dat::Tn,None,TSB
12,C10,1.291,04182026,dat::Tn_EV,dat::Tn,EV,TSB
12,C11,1.321,04182026,dat::Tn_Pdat dat,dat::Tn,Pdat dat,TSB
12,C12,1.257,04182026,dat::Tn_PpepV dat,dat::Tn,PpepV dat,TSB
12,D1,1.22,04182026,Δalr1_EV,Δalr1,EV,CDM20
12,D2,1.295,04182026,Δalr1_alr1,Δalr1,alr1,CDM20
12,D3,0.092,04182026,NB,NB,None,TSB
12,D4,1.308,04182026,Parent,Parent,None,TSB
12,D5,1.339,04182026,Parent_EV,Parent,EV,TSB
12,D6,1.331,04182026,Parent_Pdat dat,Parent,Pdat dat,TSB
12,D7,1.33,04182026,Parent_PpepV dat,Parent,PpepV dat,TSB
12,D8,1.332,04182026,Parent_alr1,Parent,alr1,TSB
12,D9,1.37,04182026,dat::Tn,dat::Tn,None,TSB
12,D10,1.34,04182026,dat::Tn_EV,dat::Tn,EV,TSB
12,D11,1.378,04182026,dat::Tn_Pdat dat,dat::Tn,Pdat dat,TSB
12,D12,1.294,04182026,dat::Tn_PpepV dat,dat::Tn,PpepV dat,TSB
12,E1,0.199,04182026,Δalr1_EV,Δalr1,EV,CDM19 - ala
12,E2,0.486,04182026,Δalr1_alr1,Δalr1,alr1,CDM19 - ala
12,E3,1.345,04182026,dat::Tn_alr1,dat::Tn,alr1,TSB
12,E4,1.166,04182026,Δalr1,Δalr1,None,TSB
12,E5,1.224,04182026,Δalr1_EV,Δalr1,EV,TSB
12,E6,1.269,04182026,Δalr1_alr1,Δalr1,alr1,TSB
12,F1,0.213,04182026,Δalr1_EV,Δalr1,EV,CDM19 - ala
12,F2,0.464,04182026,Δalr1_alr1,Δalr1,alr1,CDM19 - ala
12,F3,1.329,04182026,dat::Tn_alr1,dat::Tn,alr1,TSB
12,F4,1.176,04182026,Δalr1,Δalr1,None,TSB
12,F5,1.189,04182026,Δalr1_EV,Δalr1,EV,TSB
12,F6,1.247,04182026,Δalr1_alr1,Δalr1,alr1,TSB
12,G1,0.087,04182026,NB,NB,None,CDM19 - ala
12,G2,0.735,04182026,Parent,Parent,None,CDM19 - ala
12,G3,0.762,04182026,Parent_EV,Parent,EV,CDM19 - ala
12,G4,0.862,04182026,Parent_Pdat dat,Parent,Pdat dat,CDM19 - ala
12,G5,1.318,04182026,Parent_PpepV dat,Parent,PpepV dat,CDM19 - ala
12,G6,0.815,04182026,Parent_alr1,Parent,alr1,CDM19 - ala
12,G7,0.154,04182026,dat::Tn,dat::Tn,None,CDM19 - ala
12,G8,0.136,04182026,dat::Tn_EV,dat::Tn,EV,CDM19 - ala
12,G9,0.122,04182026,dat::Tn_Pdat dat,dat::Tn,Pdat dat,CDM19 - ala
12,G10,1.278,04182026,dat::Tn_PpepV dat,dat::Tn,PpepV dat,CDM19 - ala
12,G11,0.125,04182026,dat::Tn_alr1,dat::Tn,alr1,CDM19 - ala
12,G12,0.162,04182026,Δalr1,Δalr1,None,CDM19 - ala
12,H1,0.087,04182026,NB,NB,None,CDM19 - ala
12,H2,0.715,04182026,Parent,Parent,None,CDM19 - ala
12,H3,0.771,04182026,Parent_EV,Parent,EV,CDM19 - ala
12,H4,0.85,04182026,Parent_Pdat dat,Parent,Pdat dat,CDM19 - ala
12,H5,1.299,04182026,Parent_PpepV dat,Parent,PpepV dat,CDM19 - ala
12,H6,0.802,04182026,Parent_alr1,Parent,alr1,CDM19 - ala
12,H7,0.162,04182026,dat::Tn,dat::Tn,None,CDM19 - ala
12,H8,0.138,04182026,dat::Tn_EV,dat::Tn,EV,CDM19 - ala
12,H9,0.126,04182026,dat::Tn_Pdat dat,dat::Tn,Pdat dat,CDM19 - ala
12,H10,1.213,04182026,dat::Tn_PpepV dat,dat::Tn,PpepV dat,CDM19 - ala
12,H11,0.129,04182026,dat::Tn_alr1,dat::Tn,alr1,CDM19 - ala
12,H12,0.155,04182026,Δalr1,Δalr1,None,CDM19 - ala
13,A1,0.09,04182026,NB,NB,None,CDM20
13,A2,1.333,04182026,Parent,Parent,None,CDM20
13,A3,1.33,04182026,Parent_EV,Parent,EV,CDM20
13,A4,1.33,04182026,Parent_Pdat dat,Parent,Pdat dat,CDM20
13,A5,1.331,04182026,Parent_PpepV dat,Parent,PpepV dat,CDM20
13,A6,1.315,04182026,Parent_alr1,Parent,alr1,CDM20
13,A7,1.329,04182026,dat::Tn,dat::Tn,None,CDM20
13,A8,1.329,04182026,dat::Tn_EV,dat::Tn,EV,CDM20
13,A9,1.352,04182026,dat::Tn_Pdat dat,dat::Tn,Pdat dat,CDM20
13,A10,1.366,04182026,dat::Tn_PpepV dat,dat::Tn,PpepV dat,CDM20
13,A11,1.38,04182026,dat::Tn_alr1,dat::Tn,alr1,CDM20
13,A12,1.312,04182026,Δalr1,Δalr1,None,CDM20
13,B1,0.087,04182026,NB,NB,None,CDM20
13,B2,1.299,04182026,Parent,Parent,None,CDM20
13,B3,1.309,04182026,Parent_EV,Parent,EV,CDM20
13,B4,1.311,04182026,Parent_Pdat dat,Parent,Pdat dat,CDM20
13,B5,1.333,04182026,Parent_PpepV dat,Parent,PpepV dat,CDM20
13,B6,1.304,04182026,Parent_alr1,Parent,alr1,CDM20
13,B7,1.286,04182026,dat::Tn,dat::Tn,None,CDM20
13,B8,1.28,04182026,dat::Tn_EV,dat::Tn,EV,CDM20
13,B9,1.322,04182026,dat::Tn_Pdat dat,dat::Tn,Pdat dat,CDM20
13,B10,1.391,04182026,dat::Tn_PpepV dat,dat::Tn,PpepV dat,CDM20
13,B11,1.383,04182026,dat::Tn_alr1,dat::Tn,alr1,CDM20
13,B12,1.351,04182026,Δalr1,Δalr1,None,CDM20
13,C1,1.285,04182026,Δalr1_EV,Δalr1,EV,CDM20
13,C2,1.35,04182026,Δalr1_alr1,Δalr1,alr1,CDM20
13,C3,0.092,04182026,NB,NB,None,TSB
13,C4,1.321,04182026,Parent,Parent,None,TSB
13,C5,1.318,04182026,Parent_EV,Parent,EV,TSB
13,C6,1.321,04182026,Parent_Pdat dat,Parent,Pdat dat,TSB
13,C7,1.337,04182026,Parent_PpepV dat,Parent,PpepV dat,TSB
13,C8,1.327,04182026,Parent_alr1,Parent,alr1,TSB
13,C9,1.314,04182026,dat::Tn,dat::Tn,None,TSB
13,C10,1.304,04182026,dat::Tn_EV,dat::Tn,EV,TSB
13,C11,1.355,04182026,dat::Tn_Pdat dat,dat::Tn,Pdat dat,TSB
13,C12,1.299,04182026,dat::Tn_PpepV dat,dat::Tn,PpepV dat,TSB
13,D1,1.301,04182026,Δalr1_EV,Δalr1,EV,CDM20
13,D2,1.336,04182026,Δalr1_alr1,Δalr1,alr1,CDM20
13,D3,0.092,04182026,NB,NB,None,TSB
13,D4,1.306,04182026,Parent,Parent,None,TSB
13,D5,1.34,04182026,Parent_EV,Parent,EV,TSB
13,D6,1.332,04182026,Parent_Pdat dat,Parent,Pdat dat,TSB
13,D7,1.33,04182026,Parent_PpepV dat,Parent,PpepV dat,TSB
13,D8,1.337,04182026,Parent_alr1,Parent,alr1,TSB
13,D9,1.372,04182026,dat::Tn,dat::Tn,None,TSB
13,D10,1.356,04182026,dat::Tn_EV,dat::Tn,EV,TSB
13,D11,1.377,04182026,dat::Tn_Pdat dat,dat::Tn,Pdat dat,TSB
13,D12,1.321,04182026,dat::Tn_PpepV dat,dat::Tn,PpepV dat,TSB
13,E1,0.213,04182026,Δalr1_EV,Δalr1,EV,CDM19 - ala
13,E2,0.588,04182026,Δalr1_alr1,Δalr1,alr1,CDM19 - ala
13,E3,1.351,04182026,dat::Tn_alr1,dat::Tn,alr1,TSB
13,E4,1.178,04182026,Δalr1,Δalr1,None,TSB
13,E5,1.242,04182026,Δalr1_EV,Δalr1,EV,TSB
13,E6,1.273,04182026,Δalr1_alr1,Δalr1,alr1,TSB
13,F1,0.225,04182026,Δalr1_EV,Δalr1,EV,CDM19 - ala
13,F2,0.555,04182026,Δalr1_alr1,Δalr1,alr1,CDM19 - ala
13,F3,1.335,04182026,dat::Tn_alr1,dat::Tn,alr1,TSB
13,F4,1.193,04182026,Δalr1,Δalr1,None,TSB
13,F5,1.206,04182026,Δalr1_EV,Δalr1,EV,TSB
13,F6,1.255,04182026,Δalr1_alr1,Δalr1,alr1,TSB
13,G1,0.087,04182026,NB,NB,None,CDM19 - ala
13,G2,0.903,04182026,Parent,Parent,None,CDM19 - ala
13,G3,0.936,04182026,Parent_EV,Parent,EV,CDM19 - ala
13,G4,1.027,04182026,Parent_Pdat dat,Parent,Pdat dat,CDM19 - ala
13,G5,1.375,04182026,Parent_PpepV dat,Parent,PpepV dat,CDM19 - ala
13,G6,0.985,04182026,Parent_alr1,Parent,alr1,CDM19 - ala
13,G7,0.154,04182026,dat::Tn,dat::Tn,None,CDM19 - ala
13,G8,0.135,04182026,dat::Tn_EV,dat::Tn,EV,CDM19 - ala
13,G9,0.122,04182026,dat::Tn_Pdat dat,dat::Tn,Pdat dat,CDM19 - ala
13,G10,1.363,04182026,dat::Tn_PpepV dat,dat::Tn,PpepV dat,CDM19 - ala
13,G11,0.126,04182026,dat::Tn_alr1,dat::Tn,alr1,CDM19 - ala
13,G12,0.17,04182026,Δalr1,Δalr1,None,CDM19 - ala
13,H1,0.087,04182026,NB,NB,None,CDM19 - ala
13,H2,0.878,04182026,Parent,Parent,None,CDM19 - ala
13,H3,0.921,04182026,Parent_EV,Parent,EV,CDM19 - ala
13,H4,1.002,04182026,Parent_Pdat dat,Parent,Pdat dat,CDM19 - ala
13,H5,1.333,04182026,Parent_PpepV dat,Parent,PpepV dat,CDM19 - ala
13,H6,0.958,04182026,Parent_alr1,Parent,alr1,CDM19 - ala
13,H7,0.159,04182026,dat::Tn,dat::Tn,None,CDM19 - ala
13,H8,0.137,04182026,dat::Tn_EV,dat::Tn,EV,CDM19 - ala
13,H9,0.127,04182026,dat::Tn_Pdat dat,dat::Tn,Pdat dat,CDM19 - ala
13,H10,1.322,04182026,dat::Tn_PpepV dat,dat::Tn,PpepV dat,CDM19 - ala
13,H11,0.128,04182026,dat::Tn_alr1,dat::Tn,alr1,CDM19 - ala
13,H12,0.159,04182026,Δalr1,Δalr1,None,CDM19 - ala
14,A1,0.09,04182026,NB,NB,None,CDM20
14,A2,1.343,04182026,Parent,Parent,None,CDM20
14,A3,1.329,04182026,Parent_EV,Parent,EV,CDM20
14,A4,1.32,04182026,Parent_Pdat dat,Parent,Pdat dat,CDM20
14,A5,1.334,04182026,Parent_PpepV dat,Parent,PpepV dat,CDM20
14,A6,1.328,04182026,Parent_alr1,Parent,alr1,CDM20
14,A7,1.329,04182026,dat::Tn,dat::Tn,None,CDM20
14,A8,1.341,04182026,dat::Tn_EV,dat::Tn,EV,CDM20
14,A9,1.355,04182026,dat::Tn_Pdat dat,dat::Tn,Pdat dat,CDM20
14,A10,1.371,04182026,dat::Tn_PpepV dat,dat::Tn,PpepV dat,CDM20
14,A11,1.382,04182026,dat::Tn_alr1,dat::Tn,alr1,CDM20
14,A12,1.32,04182026,Δalr1,Δalr1,None,CDM20
14,B1,0.087,04182026,NB,NB,None,CDM20
14,B2,1.322,04182026,Parent,Parent,None,CDM20
14,B3,1.31,04182026,Parent_EV,Parent,EV,CDM20
14,B4,1.315,04182026,Parent_Pdat dat,Parent,Pdat dat,CDM20
14,B5,1.339,04182026,Parent_PpepV dat,Parent,PpepV dat,CDM20
14,B6,1.316,04182026,Parent_alr1,Parent,alr1,CDM20
14,B7,1.29,04182026,dat::Tn,dat::Tn,None,CDM20
14,B8,1.291,04182026,dat::Tn_EV,dat::Tn,EV,CDM20
14,B9,1.334,04182026,dat::Tn_Pdat dat,dat::Tn,Pdat dat,CDM20
14,B10,1.397,04182026,dat::Tn_PpepV dat,dat::Tn,PpepV dat,CDM20
14,B11,1.386,04182026,dat::Tn_alr1,dat::Tn,alr1,CDM20
14,B12,1.353,04182026,Δalr1,Δalr1,None,CDM20
14,C1,1.292,04182026,Δalr1_EV,Δalr1,EV,CDM20
14,C2,1.36,04182026,Δalr1_alr1,Δalr1,alr1,CDM20
14,C3,0.091,04182026,NB,NB,None,TSB
14,C4,1.305,04182026,Parent,Parent,None,TSB
14,C5,1.306,04182026,Parent_EV,Parent,EV,TSB
14,C6,1.306,04182026,Parent_Pdat dat,Parent,Pdat dat,TSB
14,C7,1.316,04182026,Parent_PpepV dat,Parent,PpepV dat,TSB
14,C8,1.306,04182026,Parent_alr1,Parent,alr1,TSB
14,C9,1.319,04182026,dat::Tn,dat::Tn,None,TSB
14,C10,1.312,04182026,dat::Tn_EV,dat::Tn,EV,TSB
14,C11,1.353,04182026,dat::Tn_Pdat dat,dat::Tn,Pdat dat,TSB
14,C12,1.316,04182026,dat::Tn_PpepV dat,dat::Tn,PpepV dat,TSB
14,D1,1.302,04182026,Δalr1_EV,Δalr1,EV,CDM20
14,D2,1.346,04182026,Δalr1_alr1,Δalr1,alr1,CDM20
14,D3,0.092,04182026,NB,NB,None,TSB
14,D4,1.289,04182026,Parent,Parent,None,TSB
14,D5,1.323,04182026,Parent_EV,Parent,EV,TSB
14,D6,1.314,04182026,Parent_Pdat dat,Parent,Pdat dat,TSB
14,D7,1.311,04182026,Parent_PpepV dat,Parent,PpepV dat,TSB
14,D8,1.321,04182026,Parent_alr1,Parent,alr1,TSB
14,D9,1.367,04182026,dat::Tn,dat::Tn,None,TSB
14,D10,1.353,04182026,dat::Tn_EV,dat::Tn,EV,TSB
14,D11,1.363,04182026,dat::Tn_Pdat dat,dat::Tn,Pdat dat,TSB
14,D12,1.327,04182026,dat::Tn_PpepV dat,dat::Tn,PpepV dat,TSB
14,E1,0.228,04182026,Δalr1_EV,Δalr1,EV,CDM19 - ala
14,E2,0.684,04182026,Δalr1_alr1,Δalr1,alr1,CDM19 - ala
14,E3,1.357,04182026,dat::Tn_alr1,dat::Tn,alr1,TSB
14,E4,1.179,04182026,Δalr1,Δalr1,None,TSB
14,E5,1.249,04182026,Δalr1_EV,Δalr1,EV,TSB
14,E6,1.26,04182026,Δalr1_alr1,Δalr1,alr1,TSB
14,F1,0.234,04182026,Δalr1_EV,Δalr1,EV,CDM19 - ala
14,F2,0.647,04182026,Δalr1_alr1,Δalr1,alr1,CDM19 - ala
14,F3,1.33,04182026,dat::Tn_alr1,dat::Tn,alr1,TSB
14,F4,1.2,04182026,Δalr1,Δalr1,None,TSB
14,F5,1.21,04182026,Δalr1_EV,Δalr1,EV,TSB
14,F6,1.241,04182026,Δalr1_alr1,Δalr1,alr1,TSB
14,G1,0.087,04182026,NB,NB,None,CDM19 - ala
14,G2,1.045,04182026,Parent,Parent,None,CDM19 - ala
14,G3,1.078,04182026,Parent_EV,Parent,EV,CDM19 - ala
14,G4,1.161,04182026,Parent_Pdat dat,Parent,Pdat dat,CDM19 - ala
14,G5,1.388,04182026,Parent_PpepV dat,Parent,PpepV dat,CDM19 - ala
14,G6,1.119,04182026,Parent_alr1,Parent,alr1,CDM19 - ala
14,G7,0.153,04182026,dat::Tn,dat::Tn,None,CDM19 - ala
14,G8,0.133,04182026,dat::Tn_EV,dat::Tn,EV,CDM19 - ala
14,G9,0.123,04182026,dat::Tn_Pdat dat,dat::Tn,Pdat dat,CDM19 - ala
14,G10,1.377,04182026,dat::Tn_PpepV dat,dat::Tn,PpepV dat,CDM19 - ala
14,G11,0.127,04182026,dat::Tn_alr1,dat::Tn,alr1,CDM19 - ala
14,G12,0.176,04182026,Δalr1,Δalr1,None,CDM19 - ala
14,H1,0.086,04182026,NB,NB,None,CDM19 - ala
14,H2,1.01,04182026,Parent,Parent,None,CDM19 - ala
14,H3,1.054,04182026,Parent_EV,Parent,EV,CDM19 - ala
14,H4,1.133,04182026,Parent_Pdat dat,Parent,Pdat dat,CDM19 - ala
14,H5,1.352,04182026,Parent_PpepV dat,Parent,PpepV dat,CDM19 - ala
14,H6,1.091,04182026,Parent_alr1,Parent,alr1,CDM19 - ala
14,H7,0.154,04182026,dat::Tn,dat::Tn,None,CDM19 - ala
14,H8,0.134,04182026,dat::Tn_EV,dat::Tn,EV,CDM19 - ala
14,H9,0.128,04182026,dat::Tn_Pdat dat,dat::Tn,Pdat dat,CDM19 - ala
14,H10,1.341,04182026,dat::Tn_PpepV dat,dat::Tn,PpepV dat,CDM19 - ala
14,H11,0.129,04182026,dat::Tn_alr1,dat::Tn,alr1,CDM19 - ala
14,H12,0.163,04182026,Δalr1,Δalr1,None,CDM19 - ala
15,A1,0.087,04182026,NB,NB,None,CDM20
15,A2,1.337,04182026,Parent,Parent,None,CDM20
15,A3,1.335,04182026,Parent_EV,Parent,EV,CDM20
15,A4,1.351,04182026,Parent_Pdat dat,Parent,Pdat dat,CDM20
15,A5,1.364,04182026,Parent_PpepV dat,Parent,PpepV dat,CDM20
15,A6,1.348,04182026,Parent_alr1,Parent,alr1,CDM20
15,A7,1.35,04182026,dat::Tn,dat::Tn,None,CDM20
15,A8,1.375,04182026,dat::Tn_EV,dat::Tn,EV,CDM20
15,A9,1.391,04182026,dat::Tn_Pdat dat,dat::Tn,Pdat dat,CDM20
15,A10,1.401,04182026,dat::Tn_PpepV dat,dat::Tn,PpepV dat,CDM20
15,A11,1.405,04182026,dat::Tn_alr1,dat::Tn,alr1,CDM20
15,A12,1.355,04182026,Δalr1,Δalr1,None,CDM20
15,B1,0.087,04182026,NB,NB,None,CDM20
15,B2,1.311,04182026,Parent,Parent,None,CDM20
15,B3,1.343,04182026,Parent_EV,Parent,EV,CDM20
15,B4,1.345,04182026,Parent_Pdat dat,Parent,Pdat dat,CDM20
15,B5,1.362,04182026,Parent_PpepV dat,Parent,PpepV dat,CDM20
15,B6,1.347,04182026,Parent_alr1,Parent,alr1,CDM20
15,B7,1.329,04182026,dat::Tn,dat::Tn,None,CDM20
15,B8,1.309,04182026,dat::Tn_EV,dat::Tn,EV,CDM20
15,B9,1.353,04182026,dat::Tn_Pdat dat,dat::Tn,Pdat dat,CDM20
15,B10,1.421,04182026,dat::Tn_PpepV dat,dat::Tn,PpepV dat,CDM20
15,B11,1.416,04182026,dat::Tn_alr1,dat::Tn,alr1,CDM20
15,B12,1.384,04182026,Δalr1,Δalr1,None,CDM20
15,C1,1.285,04182026,Δalr1_EV,Δalr1,EV,CDM20
15,C2,1.365,04182026,Δalr1_alr1,Δalr1,alr1,CDM20
15,C3,0.091,04182026,NB,NB,None,TSB
15,C4,1.287,04182026,Parent,Parent,None,TSB
15,C5,1.288,04182026,Parent_EV,Parent,EV,TSB
15,C6,1.293,04182026,Parent_Pdat dat,Parent,Pdat dat,TSB
15,C7,1.306,04182026,Parent_PpepV dat,Parent,PpepV dat,TSB
15,C8,1.308,04182026,Parent_alr1,Parent,alr1,TSB
15,C9,1.337,04182026,dat::Tn,dat::Tn,None,TSB
15,C10,1.343,04182026,dat::Tn_EV,dat::Tn,EV,TSB
15,C11,1.383,04182026,dat::Tn_Pdat dat,dat::Tn,Pdat dat,TSB
15,C12,1.338,04182026,dat::Tn_PpepV dat,dat::Tn,PpepV dat,TSB
15,D1,1.318,04182026,Δalr1_EV,Δalr1,EV,CDM20
15,D2,1.335,04182026,Δalr1_alr1,Δalr1,alr1,CDM20
15,D3,0.092,04182026,NB,NB,None,TSB
15,D4,1.271,04182026,Parent,Parent,None,TSB
15,D5,1.305,04182026,Parent_EV,Parent,EV,TSB
15,D6,1.298,04182026,Parent_Pdat dat,Parent,Pdat dat,TSB
15,D7,1.294,04182026,Parent_PpepV dat,Parent,PpepV dat,TSB
15,D8,1.309,04182026,Parent_alr1,Parent,alr1,TSB
15,D9,1.354,04182026,dat::Tn,dat::Tn,None,TSB
15,D10,1.376,04182026,dat::Tn_EV,dat::Tn,EV,TSB
15,D11,1.381,04182026,dat::Tn_Pdat dat,dat::Tn,Pdat dat,TSB
15,D12,1.363,04182026,dat::Tn_PpepV dat,dat::Tn,PpepV dat,TSB
15,E1,0.246,04182026,Δalr1_EV,Δalr1,EV,CDM19 - ala
15,E2,0.784,04182026,Δalr1_alr1,Δalr1,alr1,CDM19 - ala
15,E3,1.357,04182026,dat::Tn_alr1,dat::Tn,alr1,TSB
15,E4,1.189,04182026,Δalr1,Δalr1,None,TSB
15,E5,1.255,04182026,Δalr1_EV,Δalr1,EV,TSB
15,E6,1.248,04182026,Δalr1_alr1,Δalr1,alr1,TSB
15,F1,0.247,04182026,Δalr1_EV,Δalr1,EV,CDM19 - ala
15,F2,0.741,04182026,Δalr1_alr1,Δalr1,alr1,CDM19 - ala
15,F3,1.334,04182026,dat::Tn_alr1,dat::Tn,alr1,TSB
15,F4,1.209,04182026,Δalr1,Δalr1,None,TSB
15,F5,1.225,04182026,Δalr1_EV,Δalr1,EV,TSB
15,F6,1.243,04182026,Δalr1_alr1,Δalr1,alr1,TSB
15,G1,0.087,04182026,NB,NB,None,CDM19 - ala
15,G2,1.171,04182026,Parent,Parent,None,CDM19 - ala
15,G3,1.203,04182026,Parent_EV,Parent,EV,CDM19 - ala
15,G4,1.274,04182026,Parent_Pdat dat,Parent,Pdat dat,CDM19 - ala
15,G5,1.404,04182026,Parent_PpepV dat,Parent,PpepV dat,CDM19 - ala
15,G6,1.245,04182026,Parent_alr1,Parent,alr1,CDM19 - ala
15,G7,0.154,04182026,dat::Tn,dat::Tn,None,CDM19 - ala
15,G8,0.136,04182026,dat::Tn_EV,dat::Tn,EV,CDM19 - ala
15,G9,0.124,04182026,dat::Tn_Pdat dat,dat::Tn,Pdat dat,CDM19 - ala
15,G10,1.41,04182026,dat::Tn_PpepV dat,dat::Tn,PpepV dat,CDM19 - ala
15,G11,0.127,04182026,dat::Tn_alr1,dat::Tn,alr1,CDM19 - ala
15,G12,0.183,04182026,Δalr1,Δalr1,None,CDM19 - ala
15,H1,0.086,04182026,NB,NB,None,CDM19 - ala
15,H2,1.132,04182026,Parent,Parent,None,CDM19 - ala
15,H3,1.18,04182026,Parent_EV,Parent,EV,CDM19 - ala
15,H4,1.243,04182026,Parent_Pdat dat,Parent,Pdat dat,CDM19 - ala
15,H5,1.36,04182026,Parent_PpepV dat,Parent,PpepV dat,CDM19 - ala
15,H6,1.215,04182026,Parent_alr1,Parent,alr1,CDM19 - ala
15,H7,0.152,04182026,dat::Tn,dat::Tn,None,CDM19 - ala
15,H8,0.131,04182026,dat::Tn_EV,dat::Tn,EV,CDM19 - ala
15,H9,0.128,04182026,dat::Tn_Pdat dat,dat::Tn,Pdat dat,CDM19 - ala
15,H10,1.387,04182026,dat::Tn_PpepV dat,dat::Tn,PpepV dat,CDM19 - ala
15,H11,0.128,04182026,dat::Tn_alr1,dat::Tn,alr1,CDM19 - ala
15,H12,0.172,04182026,Δalr1,Δalr1,None,CDM19 - ala
16,A1,0.089,04182026,NB,NB,None,CDM20
16,A2,1.365,04182026,Parent,Parent,None,CDM20
16,A3,1.345,04182026,Parent_EV,Parent,EV,CDM20
16,A4,1.335,04182026,Parent_Pdat dat,Parent,Pdat dat,CDM20
16,A5,1.328,04182026,Parent_PpepV dat,Parent,PpepV dat,CDM20
16,A6,1.335,04182026,Parent_alr1,Parent,alr1,CDM20
16,A7,1.329,04182026,dat::Tn,dat::Tn,None,CDM20
16,A8,1.347,04182026,dat::Tn_EV,dat::Tn,EV,CDM20
16,A9,1.375,04182026,dat::Tn_Pdat dat,dat::Tn,Pdat dat,CDM20
16,A10,1.388,04182026,dat::Tn_PpepV dat,dat::Tn,PpepV dat,CDM20
16,A11,1.369,04182026,dat::Tn_alr1,dat::Tn,alr1,CDM20
16,A12,1.364,04182026,Δalr1,Δalr1,None,CDM20
16,B1,0.087,04182026,NB,NB,None,CDM20
16,B2,1.346,04182026,Parent,Parent,None,CDM20
16,B3,1.317,04182026,Parent_EV,Parent,EV,CDM20
16,B4,1.307,04182026,Parent_Pdat dat,Parent,Pdat dat,CDM20
16,B5,1.327,04182026,Parent_PpepV dat,Parent,PpepV dat,CDM20
16,B6,1.323,04182026,Parent_alr1,Parent,alr1,CDM20
16,B7,1.305,04182026,dat::Tn,dat::Tn,None,CDM20
16,B8,1.308,04182026,dat::Tn_EV,dat::Tn,EV,CDM20
16,B9,1.348,04182026,dat::Tn_Pdat dat,dat::Tn,Pdat dat,CDM20
16,B10,1.41,04182026,dat::Tn_PpepV dat,dat::Tn,PpepV dat,CDM20
16,B11,1.389,04182026,dat::Tn_alr1,dat::Tn,alr1,CDM20
16,B12,1.37,04182026,Δalr1,Δalr1,None,CDM20
16,C1,1.333,04182026,Δalr1_EV,Δalr1,EV,CDM20
16,C2,1.369,04182026,Δalr1_alr1,Δalr1,alr1,CDM20
16,C3,0.092,04182026,NB,NB,None,TSB
16,C4,1.272,04182026,Parent,Parent,None,TSB
16,C5,1.275,04182026,Parent_EV,Parent,EV,TSB
16,C6,1.275,04182026,Parent_Pdat dat,Parent,Pdat dat,TSB
16,C7,1.28,04182026,Parent_PpepV dat,Parent,PpepV dat,TSB
16,C8,1.28,04182026,Parent_alr1,Parent,alr1,TSB
16,C9,1.322,04182026,dat::Tn,dat::Tn,None,TSB
16,C10,1.323,04182026,dat::Tn_EV,dat::Tn,EV,TSB
16,C11,1.382,04182026,dat::Tn_Pdat dat,dat::Tn,Pdat dat,TSB
16,C12,1.329,04182026,dat::Tn_PpepV dat,dat::Tn,PpepV dat,TSB
16,D1,1.308,04182026,Δalr1_EV,Δalr1,EV,CDM20
16,D2,1.341,04182026,Δalr1_alr1,Δalr1,alr1,CDM20
16,D3,0.092,04182026,NB,NB,None,TSB
16,D4,1.252,04182026,Parent,Parent,None,TSB
16,D5,1.291,04182026,Parent_EV,Parent,EV,TSB
16,D6,1.286,04182026,Parent_Pdat dat,Parent,Pdat dat,TSB
16,D7,1.28,04182026,Parent_PpepV dat,Parent,PpepV dat,TSB
16,D8,1.293,04182026,Parent_alr1,Parent,alr1,TSB
16,D9,1.347,04182026,dat::Tn,dat::Tn,None,TSB
16,D10,1.372,04182026,dat::Tn_EV,dat::Tn,EV,TSB
16,D11,1.367,04182026,dat::Tn_Pdat dat,dat::Tn,Pdat dat,TSB
16,D12,1.347,04182026,dat::Tn_PpepV dat,dat::Tn,PpepV dat,TSB
16,E1,0.263,04182026,Δalr1_EV,Δalr1,EV,CDM19 - ala
16,E2,0.873,04182026,Δalr1_alr1,Δalr1,alr1,CDM19 - ala
16,E3,1.344,04182026,dat::Tn_alr1,dat::Tn,alr1,TSB
16,E4,1.181,04182026,Δalr1,Δalr1,None,TSB
16,E5,1.245,04182026,Δalr1_EV,Δalr1,EV,TSB
16,E6,1.226,04182026,Δalr1_alr1,Δalr1,alr1,TSB
16,F1,0.26,04182026,Δalr1_EV,Δalr1,EV,CDM19 - ala
16,F2,0.827,04182026,Δalr1_alr1,Δalr1,alr1,CDM19 - ala
16,F3,1.314,04182026,dat::Tn_alr1,dat::Tn,alr1,TSB
16,F4,1.203,04182026,Δalr1,Δalr1,None,TSB
16,F5,1.212,04182026,Δalr1_EV,Δalr1,EV,TSB
16,F6,1.218,04182026,Δalr1_alr1,Δalr1,alr1,TSB
16,G1,0.087,04182026,NB,NB,None,CDM19 - ala
16,G2,1.273,04182026,Parent,Parent,None,CDM19 - ala
16,G3,1.288,04182026,Parent_EV,Parent,EV,CDM19 - ala
16,G4,1.319,04182026,Parent_Pdat dat,Parent,Pdat dat,CDM19 - ala
16,G5,1.4,04182026,Parent_PpepV dat,Parent,PpepV dat,CDM19 - ala
16,G6,1.302,04182026,Parent_alr1,Parent,alr1,CDM19 - ala
16,G7,0.162,04182026,dat::Tn,dat::Tn,None,CDM19 - ala
16,G8,0.142,04182026,dat::Tn_EV,dat::Tn,EV,CDM19 - ala
16,G9,0.127,04182026,dat::Tn_Pdat dat,dat::Tn,Pdat dat,CDM19 - ala
16,G10,1.41,04182026,dat::Tn_PpepV dat,dat::Tn,PpepV dat,CDM19 - ala
16,G11,0.13,04182026,dat::Tn_alr1,dat::Tn,alr1,CDM19 - ala
16,G12,0.19,04182026,Δalr1,Δalr1,None,CDM19 - ala
16,H1,0.086,04182026,NB,NB,None,CDM19 - ala
16,H2,1.238,04182026,Parent,Parent,None,CDM19 - ala
16,H3,1.267,04182026,Parent_EV,Parent,EV,CDM19 - ala
16,H4,1.301,04182026,Parent_Pdat dat,Parent,Pdat dat,CDM19 - ala
16,H5,1.354,04182026,Parent_PpepV dat,Parent,PpepV dat,CDM19 - ala
16,H6,1.27,04182026,Parent_alr1,Parent,alr1,CDM19 - ala
16,H7,0.154,04182026,dat::Tn,dat::Tn,None,CDM19 - ala
16,H8,0.134,04182026,dat::Tn_EV,dat::Tn,EV,CDM19 - ala
16,H9,0.131,04182026,dat::Tn_Pdat dat,dat::Tn,Pdat dat,CDM19 - ala
16,H10,1.387,04182026,dat::Tn_PpepV dat,dat::Tn,PpepV dat,CDM19 - ala
16,H11,0.13,04182026,dat::Tn_alr1,dat::Tn,alr1,CDM19 - ala
16,H12,0.175,04182026,Δalr1,Δalr1,None,CDM19 - ala
17,A1,0.089,04182026,NB,NB,None,CDM20
17,A2,1.368,04182026,Parent,Parent,None,CDM20
17,A3,1.376,04182026,Parent_EV,Parent,EV,CDM20
17,A4,1.362,04182026,Parent_Pdat dat,Parent,Pdat dat,CDM20
17,A5,1.358,04182026,Parent_PpepV dat,Parent,PpepV dat,CDM20
17,A6,1.366,04182026,Parent_alr1,Parent,alr1,CDM20
17,A7,1.349,04182026,dat::Tn,dat::Tn,None,CDM20
17,A8,1.357,04182026,dat::Tn_EV,dat::Tn,EV,CDM20
17,A9,1.373,04182026,dat::Tn_Pdat dat,dat::Tn,Pdat dat,CDM20
17,A10,1.395,04182026,dat::Tn_PpepV dat,dat::Tn,PpepV dat,CDM20
17,A11,1.395,04182026,dat::Tn_alr1,dat::Tn,alr1,CDM20
17,A12,1.395,04182026,Δalr1,Δalr1,None,CDM20
17,B1,0.087,04182026,NB,NB,None,CDM20
17,B2,1.351,04182026,Parent,Parent,None,CDM20
17,B3,1.348,04182026,Parent_EV,Parent,EV,CDM20
17,B4,1.35,04182026,Parent_Pdat dat,Parent,Pdat dat,CDM20
17,B5,1.38,04182026,Parent_PpepV dat,Parent,PpepV dat,CDM20
17,B6,1.364,04182026,Parent_alr1,Parent,alr1,CDM20
17,B7,1.336,04182026,dat::Tn,dat::Tn,None,CDM20
17,B8,1.333,04182026,dat::Tn_EV,dat::Tn,EV,CDM20
17,B9,1.383,04182026,dat::Tn_Pdat dat,dat::Tn,Pdat dat,CDM20
17,B10,1.434,04182026,dat::Tn_PpepV dat,dat::Tn,PpepV dat,CDM20
17,B11,1.402,04182026,dat::Tn_alr1,dat::Tn,alr1,CDM20
17,B12,1.388,04182026,Δalr1,Δalr1,None,CDM20
17,C1,1.327,04182026,Δalr1_EV,Δalr1,EV,CDM20
17,C2,1.383,04182026,Δalr1_alr1,Δalr1,alr1,CDM20
17,C3,0.091,04182026,NB,NB,None,TSB
17,C4,1.278,04182026,Parent,Parent,None,TSB
17,C5,1.282,04182026,Parent_EV,Parent,EV,TSB
17,C6,1.283,04182026,Parent_Pdat dat,Parent,Pdat dat,TSB
17,C7,1.292,04182026,Parent_PpepV dat,Parent,PpepV dat,TSB
17,C8,1.29,04182026,Parent_alr1,Parent,alr1,TSB
17,C9,1.329,04182026,dat::Tn,dat::Tn,None,TSB
17,C10,1.337,04182026,dat::Tn_EV,dat::Tn,EV,TSB
17,C11,1.416,04182026,dat::Tn_Pdat dat,dat::Tn,Pdat dat,TSB
17,C12,1.358,04182026,dat::Tn_PpepV dat,dat::Tn,PpepV dat,TSB
17,D1,1.327,04182026,Δalr1_EV,Δalr1,EV,CDM20
17,D2,1.366,04182026,Δalr1_alr1,Δalr1,alr1,CDM20
17,D3,0.092,04182026,NB,NB,None,TSB
17,D4,1.259,04182026,Parent,Parent,None,TSB
17,D5,1.305,04182026,Parent_EV,Parent,EV,TSB
17,D6,1.299,04182026,Parent_Pdat dat,Parent,Pdat dat,TSB
17,D7,1.287,04182026,Parent_PpepV dat,Parent,PpepV dat,TSB
17,D8,1.305,04182026,Parent_alr1,Parent,alr1,TSB
17,D9,1.357,04182026,dat::Tn,dat::Tn,None,TSB
17,D10,1.39,04182026,dat::Tn_EV,dat::Tn,EV,TSB
17,D11,1.385,04182026,dat::Tn_Pdat dat,dat::Tn,Pdat dat,TSB
17,D12,1.372,04182026,dat::Tn_PpepV dat,dat::Tn,PpepV dat,TSB
17,E1,0.278,04182026,Δalr1_EV,Δalr1,EV,CDM19 - ala
17,E2,0.978,04182026,Δalr1_alr1,Δalr1,alr1,CDM19 - ala
17,E3,1.35,04182026,dat::Tn_alr1,dat::Tn,alr1,TSB
17,E4,1.187,04182026,Δalr1,Δalr1,None,TSB
17,E5,1.256,04182026,Δalr1_EV,Δalr1,EV,TSB
17,E6,1.235,04182026,Δalr1_alr1,Δalr1,alr1,TSB
17,F1,0.276,04182026,Δalr1_EV,Δalr1,EV,CDM19 - ala
17,F2,0.93,04182026,Δalr1_alr1,Δalr1,alr1,CDM19 - ala
17,F3,1.313,04182026,dat::Tn_alr1,dat::Tn,alr1,TSB
17,F4,1.21,04182026,Δalr1,Δalr1,None,TSB
17,F5,1.22,04182026,Δalr1_EV,Δalr1,EV,TSB
17,F6,1.215,04182026,Δalr1_alr1,Δalr1,alr1,TSB
17,G1,0.087,04182026,NB,NB,None,CDM19 - ala
17,G2,1.336,04182026,Parent,Parent,None,CDM19 - ala
17,G3,1.355,04182026,Parent_EV,Parent,EV,CDM19 - ala
17,G4,1.381,04182026,Parent_Pdat dat,Parent,Pdat dat,CDM19 - ala
17,G5,1.427,04182026,Parent_PpepV dat,Parent,PpepV dat,CDM19 - ala
17,G6,1.365,04182026,Parent_alr1,Parent,alr1,CDM19 - ala
17,G7,0.165,04182026,dat::Tn,dat::Tn,None,CDM19 - ala
17,G8,0.146,04182026,dat::Tn_EV,dat::Tn,EV,CDM19 - ala
17,G9,0.125,04182026,dat::Tn_Pdat dat,dat::Tn,Pdat dat,CDM19 - ala
17,G10,1.448,04182026,dat::Tn_PpepV dat,dat::Tn,PpepV dat,CDM19 - ala
17,G11,0.132,04182026,dat::Tn_alr1,dat::Tn,alr1,CDM19 - ala
17,G12,0.198,04182026,Δalr1,Δalr1,None,CDM19 - ala
17,H1,0.086,04182026,NB,NB,None,CDM19 - ala
17,H2,1.313,04182026,Parent,Parent,None,CDM19 - ala
17,H3,1.328,04182026,Parent_EV,Parent,EV,CDM19 - ala
17,H4,1.347,04182026,Parent_Pdat dat,Parent,Pdat dat,CDM19 - ala
17,H5,1.381,04182026,Parent_PpepV dat,Parent,PpepV dat,CDM19 - ala
17,H6,1.314,04182026,Parent_alr1,Parent,alr1,CDM19 - ala
17,H7,0.156,04182026,dat::Tn,dat::Tn,None,CDM19 - ala
17,H8,0.136,04182026,dat::Tn_EV,dat::Tn,EV,CDM19 - ala
17,H9,0.133,04182026,dat::Tn_Pdat dat,dat::Tn,Pdat dat,CDM19 - ala
17,H10,1.429,04182026,dat::Tn_PpepV dat,dat::Tn,PpepV dat,CDM19 - ala
17,H11,0.132,04182026,dat::Tn_alr1,dat::Tn,alr1,CDM19 - ala
17,H12,0.183,04182026,Δalr1,Δalr1,None,CDM19 - ala
18,A1,0.09,04182026,NB,NB,None,CDM20
18,A2,1.368,04182026,Parent,Parent,None,CDM20
18,A3,1.393,04182026,Parent_EV,Parent,EV,CDM20
18,A4,1.408,04182026,Parent_Pdat dat,Parent,Pdat dat,CDM20
18,A5,1.424,04182026,Parent_PpepV dat,Parent,PpepV dat,CDM20
18,A6,1.409,04182026,Parent_alr1,Parent,alr1,CDM20
18,A7,1.396,04182026,dat::Tn,dat::Tn,None,CDM20
18,A8,1.442,04182026,dat::Tn_EV,dat::Tn,EV,CDM20
18,A9,1.462,04182026,dat::Tn_Pdat dat,dat::Tn,Pdat dat,CDM20
18,A10,1.476,04182026,dat::Tn_PpepV dat,dat::Tn,PpepV dat,CDM20
18,A11,1.469,04182026,dat::Tn_alr1,dat::Tn,alr1,CDM20
18,A12,1.435,04182026,Δalr1,Δalr1,None,CDM20
18,B1,0.087,04182026,NB,NB,None,CDM20
18,B2,1.367,04182026,Parent,Parent,None,CDM20
18,B3,1.405,04182026,Parent_EV,Parent,EV,CDM20
18,B4,1.417,04182026,Parent_Pdat dat,Parent,Pdat dat,CDM20
18,B5,1.438,04182026,Parent_PpepV dat,Parent,PpepV dat,CDM20
18,B6,1.427,04182026,Parent_alr1,Parent,alr1,CDM20
18,B7,1.396,04182026,dat::Tn,dat::Tn,None,CDM20
18,B8,1.406,04182026,dat::Tn_EV,dat::Tn,EV,CDM20
18,B9,1.433,04182026,dat::Tn_Pdat dat,dat::Tn,Pdat dat,CDM20
18,B10,1.486,04182026,dat::Tn_PpepV dat,dat::Tn,PpepV dat,CDM20
18,B11,1.461,04182026,dat::Tn_alr1,dat::Tn,alr1,CDM20
18,B12,1.458,04182026,Δalr1,Δalr1,None,CDM20
18,C1,1.315,04182026,Δalr1_EV,Δalr1,EV,CDM20
18,C2,1.419,04182026,Δalr1_alr1,Δalr1,alr1,CDM20
18,C3,0.091,04182026,NB,NB,None,TSB
18,C4,1.296,04182026,Parent,Parent,None,TSB
18,C5,1.294,04182026,Parent_EV,Parent,EV,TSB
18,C6,1.302,04182026,Parent_Pdat dat,Parent,Pdat dat,TSB
18,C7,1.321,04182026,Parent_PpepV dat,Parent,PpepV dat,TSB
18,C8,1.321,04182026,Parent_alr1,Parent,alr1,TSB
18,C9,1.365,04182026,dat::Tn,dat::Tn,None,TSB
18,C10,1.383,04182026,dat::Tn_EV,dat::Tn,EV,TSB
18,C11,1.448,04182026,dat::Tn_Pdat dat,dat::Tn,Pdat dat,TSB
18,C12,1.411,04182026,dat::Tn_PpepV dat,dat::Tn,PpepV dat,TSB
18,D1,1.36,04182026,Δalr1_EV,Δalr1,EV,CDM20
18,D2,1.402,04182026,Δalr1_alr1,Δalr1,alr1,CDM20
18,D3,0.092,04182026,NB,NB,None,TSB
18,D4,1.284,04182026,Parent,Parent,None,TSB
18,D5,1.33,04182026,Parent_EV,Parent,EV,TSB
18,D6,1.32,04182026,Parent_Pdat dat,Parent,Pdat dat,TSB
18,D7,1.305,04182026,Parent_PpepV dat,Parent,PpepV dat,TSB
18,D8,1.326,04182026,Parent_alr1,Parent,alr1,TSB
18,D9,1.369,04182026,dat::Tn,dat::Tn,None,TSB
18,D10,1.424,04182026,dat::Tn_EV,dat::Tn,EV,TSB
18,D11,1.421,04182026,dat::Tn_Pdat dat,dat::Tn,Pdat dat,TSB
18,D12,1.426,04182026,dat::Tn_PpepV dat,dat::Tn,PpepV dat,TSB
18,E1,0.303,04182026,Δalr1_EV,Δalr1,EV,CDM19 - ala
18,E2,1.094,04182026,Δalr1_alr1,Δalr1,alr1,CDM19 - ala
18,E3,1.363,04182026,dat::Tn_alr1,dat::Tn,alr1,TSB
18,E4,1.205,04182026,Δalr1,Δalr1,None,TSB
18,E5,1.292,04182026,Δalr1_EV,Δalr1,EV,TSB
18,E6,1.253,04182026,Δalr1_alr1,Δalr1,alr1,TSB
18,F1,0.308,04182026,Δalr1_EV,Δalr1,EV,CDM19 - ala
18,F2,1.045,04182026,Δalr1_alr1,Δalr1,alr1,CDM19 - ala
18,F3,1.334,04182026,dat::Tn_alr1,dat::Tn,alr1,TSB
18,F4,1.232,04182026,Δalr1,Δalr1,None,TSB
18,F5,1.248,04182026,Δalr1_EV,Δalr1,EV,TSB
18,F6,1.234,04182026,Δalr1_alr1,Δalr1,alr1,TSB
18,G1,0.086,04182026,NB,NB,None,CDM19 - ala
18,G2,1.401,04182026,Parent,Parent,None,CDM19 - ala
18,G3,1.415,04182026,Parent_EV,Parent,EV,CDM19 - ala
18,G4,1.436,04182026,Parent_Pdat dat,Parent,Pdat dat,CDM19 - ala
18,G5,1.456,04182026,Parent_PpepV dat,Parent,PpepV dat,CDM19 - ala
18,G6,1.432,04182026,Parent_alr1,Parent,alr1,CDM19 - ala
18,G7,0.154,04182026,dat::Tn,dat::Tn,None,CDM19 - ala
18,G8,0.137,04182026,dat::Tn_EV,dat::Tn,EV,CDM19 - ala
18,G9,0.122,04182026,dat::Tn_Pdat dat,dat::Tn,Pdat dat,CDM19 - ala
18,G10,1.498,04182026,dat::Tn_PpepV dat,dat::Tn,PpepV dat,CDM19 - ala
18,G11,0.126,04182026,dat::Tn_alr1,dat::Tn,alr1,CDM19 - ala
18,G12,0.218,04182026,Δalr1,Δalr1,None,CDM19 - ala
18,H1,0.086,04182026,NB,NB,None,CDM19 - ala
18,H2,1.371,04182026,Parent,Parent,None,CDM19 - ala
18,H3,1.388,04182026,Parent_EV,Parent,EV,CDM19 - ala
18,H4,1.401,04182026,Parent_Pdat dat,Parent,Pdat dat,CDM19 - ala
18,H5,1.404,04182026,Parent_PpepV dat,Parent,PpepV dat,CDM19 - ala
18,H6,1.376,04182026,Parent_alr1,Parent,alr1,CDM19 - ala
18,H7,0.151,04182026,dat::Tn,dat::Tn,None,CDM19 - ala
18,H8,0.131,04182026,dat::Tn_EV,dat::Tn,EV,CDM19 - ala
18,H9,0.13,04182026,dat::Tn_Pdat dat,dat::Tn,Pdat dat,CDM19 - ala
18,H10,1.485,04182026,dat::Tn_PpepV dat,dat::Tn,PpepV dat,CDM19 - ala
18,H11,0.131,04182026,dat::Tn_alr1,dat::Tn,alr1,CDM19 - ala
18,H12,0.205,04182026,Δalr1,Δalr1,None,CDM19 - ala
19,A1,0.088,04182026,NB,NB,None,CDM20
19,A2,1.359,04182026,Parent,Parent,None,CDM20
19,A3,1.371,04182026,Parent_EV,Parent,EV,CDM20
19,A4,1.386,04182026,Parent_Pdat dat,Parent,Pdat dat,CDM20
19,A5,1.387,04182026,Parent_PpepV dat,Parent,PpepV dat,CDM20
19,A6,1.391,04182026,Parent_alr1,Parent,alr1,CDM20
19,A7,1.38,04182026,dat::Tn,dat::Tn,None,CDM20
19,A8,1.395,04182026,dat::Tn_EV,dat::Tn,EV,CDM20
19,A9,1.388,04182026,dat::Tn_Pdat dat,dat::Tn,Pdat dat,CDM20
19,A10,1.415,04182026,dat::Tn_PpepV dat,dat::Tn,PpepV dat,CDM20
19,A11,1.428,04182026,dat::Tn_alr1,dat::Tn,alr1,CDM20
19,A12,1.424,04182026,Δalr1,Δalr1,None,CDM20
19,B1,0.087,04182026,NB,NB,None,CDM20
19,B2,1.362,04182026,Parent,Parent,None,CDM20
19,B3,1.384,04182026,Parent_EV,Parent,EV,CDM20
19,B4,1.4,04182026,Parent_Pdat dat,Parent,Pdat dat,CDM20
19,B5,1.425,04182026,Parent_PpepV dat,Parent,PpepV dat,CDM20
19,B6,1.407,04182026,Parent_alr1,Parent,alr1,CDM20
19,B7,1.377,04182026,dat::Tn,dat::Tn,None,CDM20
19,B8,1.367,04182026,dat::Tn_EV,dat::Tn,EV,CDM20
19,B9,1.397,04182026,dat::Tn_Pdat dat,dat::Tn,Pdat dat,CDM20
19,B10,1.431,04182026,dat::Tn_PpepV dat,dat::Tn,PpepV dat,CDM20
19,B11,1.402,04182026,dat::Tn_alr1,dat::Tn,alr1,CDM20
19,B12,1.395,04182026,Δalr1,Δalr1,None,CDM20
19,C1,1.318,04182026,Δalr1_EV,Δalr1,EV,CDM20
19,C2,1.379,04182026,Δalr1_alr1,Δalr1,alr1,CDM20
19,C3,0.091,04182026,NB,NB,None,TSB
19,C4,1.273,04182026,Parent,Parent,None,TSB
19,C5,1.272,04182026,Parent_EV,Parent,EV,TSB
19,C6,1.282,04182026,Parent_Pdat dat,Parent,Pdat dat,TSB
19,C7,1.301,04182026,Parent_PpepV dat,Parent,PpepV dat,TSB
19,C8,1.305,04182026,Parent_alr1,Parent,alr1,TSB
19,C9,1.359,04182026,dat::Tn,dat::Tn,None,TSB
19,C10,1.369,04182026,dat::Tn_EV,dat::Tn,EV,TSB
19,C11,1.428,04182026,dat::Tn_Pdat dat,dat::Tn,Pdat dat,TSB
19,C12,1.4,04182026,dat::Tn_PpepV dat,dat::Tn,PpepV dat,TSB
19,D1,1.363,04182026,Δalr1_EV,Δalr1,EV,CDM20
19,D2,1.369,04182026,Δalr1_alr1,Δalr1,alr1,CDM20
19,D3,0.092,04182026,NB,NB,None,TSB
19,D4,1.256,04182026,Parent,Parent,None,TSB
19,D5,1.306,04182026,Parent_EV,Parent,EV,TSB
19,D6,1.298,04182026,Parent_Pdat dat,Parent,Pdat dat,TSB
19,D7,1.28,04182026,Parent_PpepV dat,Parent,PpepV dat,TSB
19,D8,1.311,04182026,Parent_alr1,Parent,alr1,TSB
19,D9,1.357,04182026,dat::Tn,dat::Tn,None,TSB
19,D10,1.41,04182026,dat::Tn_EV,dat::Tn,EV,TSB
19,D11,1.406,04182026,dat::Tn_Pdat dat,dat::Tn,Pdat dat,TSB
19,D12,1.423,04182026,dat::Tn_PpepV dat,dat::Tn,PpepV dat,TSB
19,E1,0.323,04182026,Δalr1_EV,Δalr1,EV,CDM19 - ala
19,E2,1.166,04182026,Δalr1_alr1,Δalr1,alr1,CDM19 - ala
19,E3,1.357,04182026,dat::Tn_alr1,dat::Tn,alr1,TSB
19,E4,1.185,04182026,Δalr1,Δalr1,None,TSB
19,E5,1.279,04182026,Δalr1_EV,Δalr1,EV,TSB
19,E6,1.234,04182026,Δalr1_alr1,Δalr1,alr1,TSB
19,F1,0.322,04182026,Δalr1_EV,Δalr1,EV,CDM19 - ala
19,F2,1.124,04182026,Δalr1_alr1,Δalr1,alr1,CDM19 - ala
19,F3,1.319,04182026,dat::Tn_alr1,dat::Tn,alr1,TSB
19,F4,1.209,04182026,Δalr1,Δalr1,None,TSB
19,F5,1.219,04182026,Δalr1_EV,Δalr1,EV,TSB
19,F6,1.212,04182026,Δalr1_alr1,Δalr1,alr1,TSB
19,G1,0.086,04182026,NB,NB,None,CDM19 - ala
19,G2,1.419,04182026,Parent,Parent,None,CDM19 - ala
19,G3,1.434,04182026,Parent_EV,Parent,EV,CDM19 - ala
19,G4,1.452,04182026,Parent_Pdat dat,Parent,Pdat dat,CDM19 - ala
19,G5,1.421,04182026,Parent_PpepV dat,Parent,PpepV dat,CDM19 - ala
19,G6,1.434,04182026,Parent_alr1,Parent,alr1,CDM19 - ala
19,G7,0.161,04182026,dat::Tn,dat::Tn,None,CDM19 - ala
19,G8,0.143,04182026,dat::Tn_EV,dat::Tn,EV,CDM19 - ala
19,G9,0.125,04182026,dat::Tn_Pdat dat,dat::Tn,Pdat dat,CDM19 - ala
19,G10,1.471,04182026,dat::Tn_PpepV dat,dat::Tn,PpepV dat,CDM19 - ala
19,G11,0.131,04182026,dat::Tn_alr1,dat::Tn,alr1,CDM19 - ala
19,G12,0.234,04182026,Δalr1,Δalr1,None,CDM19 - ala
19,H1,0.086,04182026,NB,NB,None,CDM19 - ala
19,H2,1.4,04182026,Parent,Parent,None,CDM19 - ala
19,H3,1.413,04182026,Parent_EV,Parent,EV,CDM19 - ala
19,H4,1.42,04182026,Parent_Pdat dat,Parent,Pdat dat,CDM19 - ala
19,H5,1.383,04182026,Parent_PpepV dat,Parent,PpepV dat,CDM19 - ala
19,H6,1.386,04182026,Parent_alr1,Parent,alr1,CDM19 - ala
19,H7,0.148,04182026,dat::Tn,dat::Tn,None,CDM19 - ala
19,H8,0.133,04182026,dat::Tn_EV,dat::Tn,EV,CDM19 - ala
19,H9,0.133,04182026,dat::Tn_Pdat dat,dat::Tn,Pdat dat,CDM19 - ala
19,H10,1.458,04182026,dat::Tn_PpepV dat,dat::Tn,PpepV dat,CDM19 - ala
19,H11,0.13,04182026,dat::Tn_alr1,dat::Tn,alr1,CDM19 - ala
19,H12,0.227,04182026,Δalr1,Δalr1,None,CDM19 - ala
20,A1,0.09,04182026,NB,NB,None,CDM20
20,A2,1.371,04182026,Parent,Parent,None,CDM20
20,A3,1.353,04182026,Parent_EV,Parent,EV,CDM20
20,A4,1.391,04182026,Parent_Pdat dat,Parent,Pdat dat,CDM20
20,A5,1.412,04182026,Parent_PpepV dat,Parent,PpepV dat,CDM20
20,A6,1.394,04182026,Parent_alr1,Parent,alr1,CDM20
20,A7,1.395,04182026,dat::Tn,dat::Tn,None,CDM20
20,A8,1.441,04182026,dat::Tn_EV,dat::Tn,EV,CDM20
20,A9,1.456,04182026,dat::Tn_Pdat dat,dat::Tn,Pdat dat,CDM20
20,A10,1.462,04182026,dat::Tn_PpepV dat,dat::Tn,PpepV dat,CDM20
20,A11,1.461,04182026,dat::Tn_alr1,dat::Tn,alr1,CDM20
20,A12,1.449,04182026,Δalr1,Δalr1,None,CDM20
20,B1,0.087,04182026,NB,NB,None,CDM20
20,B2,1.358,04182026,Parent,Parent,None,CDM20
20,B3,1.397,04182026,Parent_EV,Parent,EV,CDM20
20,B4,1.427,04182026,Parent_Pdat dat,Parent,Pdat dat,CDM20
20,B5,1.45,04182026,Parent_PpepV dat,Parent,PpepV dat,CDM20
20,B6,1.425,04182026,Parent_alr1,Parent,alr1,CDM20
20,B7,1.407,04182026,dat::Tn,dat::Tn,None,CDM20
20,B8,1.395,04182026,dat::Tn_EV,dat::Tn,EV,CDM20
20,B9,1.42,04182026,dat::Tn_Pdat dat,dat::Tn,Pdat dat,CDM20
20,B10,1.47,04182026,dat::Tn_PpepV dat,dat::Tn,PpepV dat,CDM20
20,B11,1.45,04182026,dat::Tn_alr1,dat::Tn,alr1,CDM20
20,B12,1.431,04182026,Δalr1,Δalr1,None,CDM20
20,C1,1.335,04182026,Δalr1_EV,Δalr1,EV,CDM20
20,C2,1.417,04182026,Δalr1_alr1,Δalr1,alr1,CDM20
20,C3,0.091,04182026,NB,NB,None,TSB
20,C4,1.28,04182026,Parent,Parent,None,TSB
20,C5,1.284,04182026,Parent_EV,Parent,EV,TSB
20,C6,1.29,04182026,Parent_Pdat dat,Parent,Pdat dat,TSB
20,C7,1.314,04182026,Parent_PpepV dat,Parent,PpepV dat,TSB
20,C8,1.321,04182026,Parent_alr1,Parent,alr1,TSB
20,C9,1.37,04182026,dat::Tn,dat::Tn,None,TSB
20,C10,1.384,04182026,dat::Tn_EV,dat::Tn,EV,TSB
20,C11,1.45,04182026,dat::Tn_Pdat dat,dat::Tn,Pdat dat,TSB
20,C12,1.429,04182026,dat::Tn_PpepV dat,dat::Tn,PpepV dat,TSB
20,D1,1.386,04182026,Δalr1_EV,Δalr1,EV,CDM20
20,D2,1.389,04182026,Δalr1_alr1,Δalr1,alr1,CDM20
20,D3,0.092,04182026,NB,NB,None,TSB
20,D4,1.272,04182026,Parent,Parent,None,TSB
20,D5,1.323,04182026,Parent_EV,Parent,EV,TSB
20,D6,1.314,04182026,Parent_Pdat dat,Parent,Pdat dat,TSB
20,D7,1.295,04182026,Parent_PpepV dat,Parent,PpepV dat,TSB
20,D8,1.322,04182026,Parent_alr1,Parent,alr1,TSB
20,D9,1.357,04182026,dat::Tn,dat::Tn,None,TSB
20,D10,1.429,04182026,dat::Tn_EV,dat::Tn,EV,TSB
20,D11,1.434,04182026,dat::Tn_Pdat dat,dat::Tn,Pdat dat,TSB
20,D12,1.45,04182026,dat::Tn_PpepV dat,dat::Tn,PpepV dat,TSB
20,E1,0.341,04182026,Δalr1_EV,Δalr1,EV,CDM19 - ala
20,E2,1.245,04182026,Δalr1_alr1,Δalr1,alr1,CDM19 - ala
20,E3,1.375,04182026,dat::Tn_alr1,dat::Tn,alr1,TSB
20,E4,1.195,04182026,Δalr1,Δalr1,None,TSB
20,E5,1.303,04182026,Δalr1_EV,Δalr1,EV,TSB
20,E6,1.248,04182026,Δalr1_alr1,Δalr1,alr1,TSB
20,F1,0.345,04182026,Δalr1_EV,Δalr1,EV,CDM19 - ala
20,F2,1.212,04182026,Δalr1_alr1,Δalr1,alr1,CDM19 - ala
20,F3,1.327,04182026,dat::Tn_alr1,dat::Tn,alr1,TSB
20,F4,1.224,04182026,Δalr1,Δalr1,None,TSB
20,F5,1.232,04182026,Δalr1_EV,Δalr1,EV,TSB
20,F6,1.227,04182026,Δalr1_alr1,Δalr1,alr1,TSB
20,G1,0.086,04182026,NB,NB,None,CDM19 - ala
20,G2,1.461,04182026,Parent,Parent,None,CDM19 - ala
20,G3,1.458,04182026,Parent_EV,Parent,EV,CDM19 - ala
20,G4,1.472,04182026,Parent_Pdat dat,Parent,Pdat dat,CDM19 - ala
20,G5,1.433,04182026,Parent_PpepV dat,Parent,PpepV dat,CDM19 - ala
20,G6,1.457,04182026,Parent_alr1,Parent,alr1,CDM19 - ala
20,G7,0.16,04182026,dat::Tn,dat::Tn,None,CDM19 - ala
20,G8,0.141,04182026,dat::Tn_EV,dat::Tn,EV,CDM19 - ala
20,G9,0.125,04182026,dat::Tn_Pdat dat,dat::Tn,Pdat dat,CDM19 - ala
20,G10,1.487,04182026,dat::Tn_PpepV dat,dat::Tn,PpepV dat,CDM19 - ala
20,G11,0.13,04182026,dat::Tn_alr1,dat::Tn,alr1,CDM19 - ala
20,G12,0.262,04182026,Δalr1,Δalr1,None,CDM19 - ala
20,H1,0.086,04182026,NB,NB,None,CDM19 - ala
20,H2,1.418,04182026,Parent,Parent,None,CDM19 - ala
20,H3,1.439,04182026,Parent_EV,Parent,EV,CDM19 - ala
20,H4,1.449,04182026,Parent_Pdat dat,Parent,Pdat dat,CDM19 - ala
20,H5,1.406,04182026,Parent_PpepV dat,Parent,PpepV dat,CDM19 - ala
20,H6,1.42,04182026,Parent_alr1,Parent,alr1,CDM19 - ala
20,H7,0.145,04182026,dat::Tn,dat::Tn,None,CDM19 - ala
20,H8,0.13,04182026,dat::Tn_EV,dat::Tn,EV,CDM19 - ala
20,H9,0.13,04182026,dat::Tn_Pdat dat,dat::Tn,Pdat dat,CDM19 - ala
20,H10,1.485,04182026,dat::Tn_PpepV dat,dat::Tn,PpepV dat,CDM19 - ala
20,H11,0.126,04182026,dat::Tn_alr1,dat::Tn,alr1,CDM19 - ala
20,H12,0.257,04182026,Δalr1,Δalr1,None,CDM19 - ala
21,A1,0.086,04182026,NB,NB,None,CDM20
21,A2,1.371,04182026,Parent,Parent,None,CDM20
21,A3,1.377,04182026,Parent_EV,Parent,EV,CDM20
21,A4,1.376,04182026,Parent_Pdat dat,Parent,Pdat dat,CDM20
21,A5,1.373,04182026,Parent_PpepV dat,Parent,PpepV dat,CDM20
21,A6,1.366,04182026,Parent_alr1,Parent,alr1,CDM20
21,A7,1.366,04182026,dat::Tn,dat::Tn,None,CDM20
21,A8,1.351,04182026,dat::Tn_EV,dat::Tn,EV,CDM20
21,A9,1.383,04182026,dat::Tn_Pdat dat,dat::Tn,Pdat dat,CDM20
21,A10,1.43,04182026,dat::Tn_PpepV dat,dat::Tn,PpepV dat,CDM20
21,A11,1.401,04182026,dat::Tn_alr1,dat::Tn,alr1,CDM20
21,A12,1.432,04182026,Δalr1,Δalr1,None,CDM20
21,B1,0.087,04182026,NB,NB,None,CDM20
21,B2,1.349,04182026,Parent,Parent,None,CDM20
21,B3,1.359,04182026,Parent_EV,Parent,EV,CDM20
21,B4,1.371,04182026,Parent_Pdat dat,Parent,Pdat dat,CDM20
21,B5,1.405,04182026,Parent_PpepV dat,Parent,PpepV dat,CDM20
21,B6,1.377,04182026,Parent_alr1,Parent,alr1,CDM20
21,B7,1.357,04182026,dat::Tn,dat::Tn,None,CDM20
21,B8,1.356,04182026,dat::Tn_EV,dat::Tn,EV,CDM20
21,B9,1.396,04182026,dat::Tn_Pdat dat,dat::Tn,Pdat dat,CDM20
21,B10,1.438,04182026,dat::Tn_PpepV dat,dat::Tn,PpepV dat,CDM20
21,B11,1.405,04182026,dat::Tn_alr1,dat::Tn,alr1,CDM20
21,B12,1.383,04182026,Δalr1,Δalr1,None,CDM20
21,C1,1.355,04182026,Δalr1_EV,Δalr1,EV,CDM20
21,C2,1.398,04182026,Δalr1_alr1,Δalr1,alr1,CDM20
21,C3,0.091,04182026,NB,NB,None,TSB
21,C4,1.274,04182026,Parent,Parent,None,TSB
21,C5,1.276,04182026,Parent_EV,Parent,EV,TSB
21,C6,1.283,04182026,Parent_Pdat dat,Parent,Pdat dat,TSB
21,C7,1.303,04182026,Parent_PpepV dat,Parent,PpepV dat,TSB
21,C8,1.31,04182026,Parent_alr1,Parent,alr1,TSB
21,C9,1.352,04182026,dat::Tn,dat::Tn,None,TSB
21,C10,1.363,04182026,dat::Tn_EV,dat::Tn,EV,TSB
21,C11,1.425,04182026,dat::Tn_Pdat dat,dat::Tn,Pdat dat,TSB
21,C12,1.405,04182026,dat::Tn_PpepV dat,dat::Tn,PpepV dat,TSB
21,D1,1.383,04182026,Δalr1_EV,Δalr1,EV,CDM20
21,D2,1.383,04182026,Δalr1_alr1,Δalr1,alr1,CDM20
21,D3,0.092,04182026,NB,NB,None,TSB
21,D4,1.266,04182026,Parent,Parent,None,TSB
21,D5,1.319,04182026,Parent_EV,Parent,EV,TSB
21,D6,1.31,04182026,Parent_Pdat dat,Parent,Pdat dat,TSB
21,D7,1.292,04182026,Parent_PpepV dat,Parent,PpepV dat,TSB
21,D8,1.318,04182026,Parent_alr1,Parent,alr1,TSB
21,D9,1.355,04182026,dat::Tn,dat::Tn,None,TSB
21,D10,1.41,04182026,dat::Tn_EV,dat::Tn,EV,TSB
21,D11,1.411,04182026,dat::Tn_Pdat dat,dat::Tn,Pdat dat,TSB
21,D12,1.424,04182026,dat::Tn_PpepV dat,dat::Tn,PpepV dat,TSB
21,E1,0.364,04182026,Δalr1_EV,Δalr1,EV,CDM19 - ala
21,E2,1.286,04182026,Δalr1_alr1,Δalr1,alr1,CDM19 - ala
21,E3,1.356,04182026,dat::Tn_alr1,dat::Tn,alr1,TSB
21,E4,1.183,04182026,Δalr1,Δalr1,None,TSB
21,E5,1.279,04182026,Δalr1_EV,Δalr1,EV,TSB
21,E6,1.234,04182026,Δalr1_alr1,Δalr1,alr1,TSB
21,F1,0.356,04182026,Δalr1_EV,Δalr1,EV,CDM19 - ala
21,F2,1.264,04182026,Δalr1_alr1,Δalr1,alr1,CDM19 - ala
21,F3,1.297,04182026,dat::Tn_alr1,dat::Tn,alr1,TSB
21,F4,1.206,04182026,Δalr1,Δalr1,None,TSB
21,F5,1.209,04182026,Δalr1_EV,Δalr1,EV,TSB
21,F6,1.208,04182026,Δalr1_alr1,Δalr1,alr1,TSB
21,G1,0.086,04182026,NB,NB,None,CDM19 - ala
21,G2,1.474,04182026,Parent,Parent,None,CDM19 - ala
21,G3,1.464,04182026,Parent_EV,Parent,EV,CDM19 - ala
21,G4,1.468,04182026,Parent_Pdat dat,Parent,Pdat dat,CDM19 - ala
21,G5,1.408,04182026,Parent_PpepV dat,Parent,PpepV dat,CDM19 - ala
21,G6,1.45,04182026,Parent_alr1,Parent,alr1,CDM19 - ala
21,G7,0.168,04182026,dat::Tn,dat::Tn,None,CDM19 - ala
21,G8,0.146,04182026,dat::Tn_EV,dat::Tn,EV,CDM19 - ala
21,G9,0.129,04182026,dat::Tn_Pdat dat,dat::Tn,Pdat dat,CDM19 - ala
21,G10,1.462,04182026,dat::Tn_PpepV dat,dat::Tn,PpepV dat,CDM19 - ala
21,G11,0.136,04182026,dat::Tn_alr1,dat::Tn,alr1,CDM19 - ala
21,G12,0.29,04182026,Δalr1,Δalr1,None,CDM19 - ala
21,H1,0.086,04182026,NB,NB,None,CDM19 - ala
21,H2,1.456,04182026,Parent,Parent,None,CDM19 - ala
21,H3,1.463,04182026,Parent_EV,Parent,EV,CDM19 - ala
21,H4,1.454,04182026,Parent_Pdat dat,Parent,Pdat dat,CDM19 - ala
21,H5,1.371,04182026,Parent_PpepV dat,Parent,PpepV dat,CDM19 - ala
21,H6,1.432,04182026,Parent_alr1,Parent,alr1,CDM19 - ala
21,H7,0.146,04182026,dat::Tn,dat::Tn,None,CDM19 - ala
21,H8,0.134,04182026,dat::Tn_EV,dat::Tn,EV,CDM19 - ala
21,H9,0.134,04182026,dat::Tn_Pdat dat,dat::Tn,Pdat dat,CDM19 - ala
21,H10,1.453,04182026,dat::Tn_PpepV dat,dat::Tn,PpepV dat,CDM19 - ala
21,H11,0.128,04182026,dat::Tn_alr1,dat::Tn,alr1,CDM19 - ala
21,H12,0.275,04182026,Δalr1,Δalr1,None,CDM19 - ala
22,A1,0.09,04182026,NB,NB,None,CDM20
22,A2,1.372,04182026,Parent,Parent,None,CDM20
22,A3,1.372,04182026,Parent_EV,Parent,EV,CDM20
22,A4,1.357,04182026,Parent_Pdat dat,Parent,Pdat dat,CDM20
22,A5,1.367,04182026,Parent_PpepV dat,Parent,PpepV dat,CDM20
22,A6,1.366,04182026,Parent_alr1,Parent,alr1,CDM20
22,A7,1.344,04182026,dat::Tn,dat::Tn,None,CDM20
22,A8,1.335,04182026,dat::Tn_EV,dat::Tn,EV,CDM20
22,A9,1.361,04182026,dat::Tn_Pdat dat,dat::Tn,Pdat dat,CDM20
22,A10,1.356,04182026,dat::Tn_PpepV dat,dat::Tn,PpepV dat,CDM20
22,A11,1.424,04182026,dat::Tn_alr1,dat::Tn,alr1,CDM20
22,A12,1.436,04182026,Δalr1,Δalr1,None,CDM20
22,B1,0.087,04182026,NB,NB,None,CDM20
22,B2,1.361,04182026,Parent,Parent,None,CDM20
22,B3,1.333,04182026,Parent_EV,Parent,EV,CDM20
22,B4,1.368,04182026,Parent_Pdat dat,Parent,Pdat dat,CDM20
22,B5,1.375,04182026,Parent_PpepV dat,Parent,PpepV dat,CDM20
22,B6,1.367,04182026,Parent_alr1,Parent,alr1,CDM20
22,B7,1.348,04182026,dat::Tn,dat::Tn,None,CDM20
22,B8,1.353,04182026,dat::Tn_EV,dat::Tn,EV,CDM20
22,B9,1.381,04182026,dat::Tn_Pdat dat,dat::Tn,Pdat dat,CDM20
22,B10,1.413,04182026,dat::Tn_PpepV dat,dat::Tn,PpepV dat,CDM20
22,B11,1.41,04182026,dat::Tn_alr1,dat::Tn,alr1,CDM20
22,B12,1.382,04182026,Δalr1,Δalr1,None,CDM20
22,C1,1.344,04182026,Δalr1_EV,Δalr1,EV,CDM20
22,C2,1.372,04182026,Δalr1_alr1,Δalr1,alr1,CDM20
22,C3,0.091,04182026,NB,NB,None,TSB
22,C4,1.254,04182026,Parent,Parent,None,TSB
22,C5,1.258,04182026,Parent_EV,Parent,EV,TSB
22,C6,1.268,04182026,Parent_Pdat dat,Parent,Pdat dat,TSB
22,C7,1.29,04182026,Parent_PpepV dat,Parent,PpepV dat,TSB
22,C8,1.295,04182026,Parent_alr1,Parent,alr1,TSB
22,C9,1.343,04182026,dat::Tn,dat::Tn,None,TSB
22,C10,1.357,04182026,dat::Tn_EV,dat::Tn,EV,TSB
22,C11,1.407,04182026,dat::Tn_Pdat dat,dat::Tn,Pdat dat,TSB
22,C12,1.393,04182026,dat::Tn_PpepV dat,dat::Tn,PpepV dat,TSB
22,D1,1.381,04182026,Δalr1_EV,Δalr1,EV,CDM20
22,D2,1.357,04182026,Δalr1_alr1,Δalr1,alr1,CDM20
22,D3,0.092,04182026,NB,NB,None,TSB
22,D4,1.242,04182026,Parent,Parent,None,TSB
22,D5,1.298,04182026,Parent_EV,Parent,EV,TSB
22,D6,1.293,04182026,Parent_Pdat dat,Parent,Pdat dat,TSB
22,D7,1.274,04182026,Parent_PpepV dat,Parent,PpepV dat,TSB
22,D8,1.298,04182026,Parent_alr1,Parent,alr1,TSB
22,D9,1.34,04182026,dat::Tn,dat::Tn,None,TSB
22,D10,1.395,04182026,dat::Tn_EV,dat::Tn,EV,TSB
22,D11,1.396,04182026,dat::Tn_Pdat dat,dat::Tn,Pdat dat,TSB
22,D12,1.421,04182026,dat::Tn_PpepV dat,dat::Tn,PpepV dat,TSB
22,E1,0.389,04182026,Δalr1_EV,Δalr1,EV,CDM19 - ala
22,E2,1.311,04182026,Δalr1_alr1,Δalr1,alr1,CDM19 - ala
22,E3,1.348,04182026,dat::Tn_alr1,dat::Tn,alr1,TSB
22,E4,1.16,04182026,Δalr1,Δalr1,None,TSB
22,E5,1.261,04182026,Δalr1_EV,Δalr1,EV,TSB
22,E6,1.211,04182026,Δalr1_alr1,Δalr1,alr1,TSB
22,F1,0.362,04182026,Δalr1_EV,Δalr1,EV,CDM19 - ala
22,F2,1.297,04182026,Δalr1_alr1,Δalr1,alr1,CDM19 - ala
22,F3,1.277,04182026,dat::Tn_alr1,dat::Tn,alr1,TSB
22,F4,1.184,04182026,Δalr1,Δalr1,None,TSB
22,F5,1.183,04182026,Δalr1_EV,Δalr1,EV,TSB
22,F6,1.191,04182026,Δalr1_alr1,Δalr1,alr1,TSB
22,G1,0.086,04182026,NB,NB,None,CDM19 - ala
22,G2,1.467,04182026,Parent,Parent,None,CDM19 - ala
22,G3,1.456,04182026,Parent_EV,Parent,EV,CDM19 - ala
22,G4,1.446,04182026,Parent_Pdat dat,Parent,Pdat dat,CDM19 - ala
22,G5,1.353,04182026,Parent_PpepV dat,Parent,PpepV dat,CDM19 - ala
22,G6,1.437,04182026,Parent_alr1,Parent,alr1,CDM19 - ala
22,G7,0.18,04182026,dat::Tn,dat::Tn,None,CDM19 - ala
22,G8,0.156,04182026,dat::Tn_EV,dat::Tn,EV,CDM19 - ala
22,G9,0.138,04182026,dat::Tn_Pdat dat,dat::Tn,Pdat dat,CDM19 - ala
22,G10,1.456,04182026,dat::Tn_PpepV dat,dat::Tn,PpepV dat,CDM19 - ala
22,G11,0.146,04182026,dat::Tn_alr1,dat::Tn,alr1,CDM19 - ala
22,G12,0.315,04182026,Δalr1,Δalr1,None,CDM19 - ala
22,H1,0.086,04182026,NB,NB,None,CDM19 - ala
22,H2,1.476,04182026,Parent,Parent,None,CDM19 - ala
22,H3,1.47,04182026,Parent_EV,Parent,EV,CDM19 - ala
22,H4,1.449,04182026,Parent_Pdat dat,Parent,Pdat dat,CDM19 - ala
22,H5,1.351,04182026,Parent_PpepV dat,Parent,PpepV dat,CDM19 - ala
22,H6,1.44,04182026,Parent_alr1,Parent,alr1,CDM19 - ala
22,H7,0.149,04182026,dat::Tn,dat::Tn,None,CDM19 - ala
22,H8,0.138,04182026,dat::Tn_EV,dat::Tn,EV,CDM19 - ala
22,H9,0.14,04182026,dat::Tn_Pdat dat,dat::Tn,Pdat dat,CDM19 - ala
22,H10,1.412,04182026,dat::Tn_PpepV dat,dat::Tn,PpepV dat,CDM19 - ala
22,H11,0.13,04182026,dat::Tn_alr1,dat::Tn,alr1,CDM19 - ala
22,H12,0.295,04182026,Δalr1,Δalr1,None,CDM19 - ala
NA,A1,NA,04182026,NB,NB,None,CDM20
NA,A2,NA,04182026,Parent,Parent,None,CDM20
NA,A3,NA,04182026,Parent_EV,Parent,EV,CDM20
NA,A4,NA,04182026,Parent_Pdat dat,Parent,Pdat dat,CDM20
NA,A5,NA,04182026,Parent_PpepV dat,Parent,PpepV dat,CDM20
NA,A6,NA,04182026,Parent_alr1,Parent,alr1,CDM20
NA,A7,NA,04182026,dat::Tn,dat::Tn,None,CDM20
NA,A8,NA,04182026,dat::Tn_EV,dat::Tn,EV,CDM20
NA,A9,NA,04182026,dat::Tn_Pdat dat,dat::Tn,Pdat dat,CDM20
NA,A10,NA,04182026,dat::Tn_PpepV dat,dat::Tn,PpepV dat,CDM20
NA,A11,NA,04182026,dat::Tn_alr1,dat::Tn,alr1,CDM20
NA,A12,NA,04182026,Δalr1,Δalr1,None,CDM20
NA,B1,NA,04182026,NB,NB,None,CDM20
NA,B2,NA,04182026,Parent,Parent,None,CDM20
NA,B3,NA,04182026,Parent_EV,Parent,EV,CDM20
NA,B4,NA,04182026,Parent_Pdat dat,Parent,Pdat dat,CDM20
NA,B5,NA,04182026,Parent_PpepV dat,Parent,PpepV dat,CDM20
NA,B6,NA,04182026,Parent_alr1,Parent,alr1,CDM20
NA,B7,NA,04182026,dat::Tn,dat::Tn,None,CDM20
NA,B8,NA,04182026,dat::Tn_EV,dat::Tn,EV,CDM20
NA,B9,NA,04182026,dat::Tn_Pdat dat,dat::Tn,Pdat dat,CDM20
NA,B10,NA,04182026,dat::Tn_PpepV dat,dat::Tn,PpepV dat,CDM20
NA,B11,NA,04182026,dat::Tn_alr1,dat::Tn,alr1,CDM20
NA,B12,NA,04182026,Δalr1,Δalr1,None,CDM20
NA,C1,NA,04182026,Δalr1_EV,Δalr1,EV,CDM20
NA,C2,NA,04182026,Δalr1_alr1,Δalr1,alr1,CDM20
NA,C3,NA,04182026,NB,NB,None,TSB
NA,C4,NA,04182026,Parent,Parent,None,TSB
NA,C5,NA,04182026,Parent_EV,Parent,EV,TSB
NA,C6,NA,04182026,Parent_Pdat dat,Parent,Pdat dat,TSB
NA,C7,NA,04182026,Parent_PpepV dat,Parent,PpepV dat,TSB
NA,C8,NA,04182026,Parent_alr1,Parent,alr1,TSB
NA,C9,NA,04182026,dat::Tn,dat::Tn,None,TSB
NA,C10,NA,04182026,dat::Tn_EV,dat::Tn,EV,TSB
NA,C11,NA,04182026,dat::Tn_Pdat dat,dat::Tn,Pdat dat,TSB
NA,C12,NA,04182026,dat::Tn_PpepV dat,dat::Tn,PpepV dat,TSB
NA,D1,NA,04182026,Δalr1_EV,Δalr1,EV,CDM20
NA,D2,NA,04182026,Δalr1_alr1,Δalr1,alr1,CDM20
NA,D3,NA,04182026,NB,NB,None,TSB
NA,D4,NA,04182026,Parent,Parent,None,TSB
NA,D5,NA,04182026,Parent_EV,Parent,EV,TSB
NA,D6,NA,04182026,Parent_Pdat dat,Parent,Pdat dat,TSB
NA,D7,NA,04182026,Parent_PpepV dat,Parent,PpepV dat,TSB
NA,D8,NA,04182026,Parent_alr1,Parent,alr1,TSB
NA,D9,NA,04182026,dat::Tn,dat::Tn,None,TSB
NA,D10,NA,04182026,dat::Tn_EV,dat::Tn,EV,TSB
NA,D11,NA,04182026,dat::Tn_Pdat dat,dat::Tn,Pdat dat,TSB
NA,D12,NA,04182026,dat::Tn_PpepV dat,dat::Tn,PpepV dat,TSB
NA,E1,NA,04182026,Δalr1_EV,Δalr1,EV,CDM19 - ala
NA,E2,NA,04182026,Δalr1_alr1,Δalr1,alr1,CDM19 - ala
NA,E3,NA,04182026,dat::Tn_alr1,dat::Tn,alr1,TSB
NA,E4,NA,04182026,Δalr1,Δalr1,None,TSB
NA,E5,NA,04182026,Δalr1_EV,Δalr1,EV,TSB
NA,E6,NA,04182026,Δalr1_alr1,Δalr1,alr1,TSB
NA,F1,NA,04182026,Δalr1_EV,Δalr1,EV,CDM19 - ala
NA,F2,NA,04182026,Δalr1_alr1,Δalr1,alr1,CDM19 - ala
NA,F3,NA,04182026,dat::Tn_alr1,dat::Tn,alr1,TSB
NA,F4,NA,04182026,Δalr1,Δalr1,None,TSB
NA,F5,NA,04182026,Δalr1_EV,Δalr1,EV,TSB
NA,F6,NA,04182026,Δalr1_alr1,Δalr1,alr1,TSB
NA,G1,NA,04182026,NB,NB,None,CDM19 - ala
NA,G2,NA,04182026,Parent,Parent,None,CDM19 - ala
NA,G3,NA,04182026,Parent_EV,Parent,EV,CDM19 - ala
NA,G4,NA,04182026,Parent_Pdat dat,Parent,Pdat dat,CDM19 - ala
NA,G5,NA,04182026,Parent_PpepV dat,Parent,PpepV dat,CDM19 - ala
NA,G6,NA,04182026,Parent_alr1,Parent,alr1,CDM19 - ala
NA,G7,NA,04182026,dat::Tn,dat::Tn,None,CDM19 - ala
NA,G8,NA,04182026,dat::Tn_EV,dat::Tn,EV,CDM19 - ala
NA,G9,NA,04182026,dat::Tn_Pdat dat,dat::Tn,Pdat dat,CDM19 - ala
NA,G10,NA,04182026,dat::Tn_PpepV dat,dat::Tn,PpepV dat,CDM19 - ala
NA,G11,NA,04182026,dat::Tn_alr1,dat::Tn,alr1,CDM19 - ala
NA,G12,NA,04182026,Δalr1,Δalr1,None,CDM19 - ala
NA,H1,NA,04182026,NB,NB,None,CDM19 - ala
NA,H2,NA,04182026,Parent,Parent,None,CDM19 - ala
NA,H3,NA,04182026,Parent_EV,Parent,EV,CDM19 - ala
NA,H4,NA,04182026,Parent_Pdat dat,Parent,Pdat dat,CDM19 - ala
NA,H5,NA,04182026,Parent_PpepV dat,Parent,PpepV dat,CDM19 - ala
NA,H6,NA,04182026,Parent_alr1,Parent,alr1,CDM19 - ala
NA,H7,NA,04182026,dat::Tn,dat::Tn,None,CDM19 - ala
NA,H8,NA,04182026,dat::Tn_EV,dat::Tn,EV,CDM19 - ala
NA,H9,NA,04182026,dat::Tn_Pdat dat,dat::Tn,Pdat dat,CDM19 - ala
NA,H10,NA,04182026,dat::Tn_PpepV dat,dat::Tn,PpepV dat,CDM19 - ala
NA,H11,NA,04182026,dat::Tn_alr1,dat::Tn,alr1,CDM19 - ala
NA,H12,NA,04182026,Δalr1,Δalr1,None,CDM19 - ala
NA,A1,NA,04182026,NB,NB,None,CDM20
NA,A2,NA,04182026,Parent,Parent,None,CDM20
NA,A3,NA,04182026,Parent_EV,Parent,EV,CDM20
NA,A4,NA,04182026,Parent_Pdat dat,Parent,Pdat dat,CDM20
NA,A5,NA,04182026,Parent_PpepV dat,Parent,PpepV dat,CDM20
NA,A6,NA,04182026,Parent_alr1,Parent,alr1,CDM20
NA,A7,NA,04182026,dat::Tn,dat::Tn,None,CDM20
NA,A8,NA,04182026,dat::Tn_EV,dat::Tn,EV,CDM20
NA,A9,NA,04182026,dat::Tn_Pdat dat,dat::Tn,Pdat dat,CDM20
NA,A10,NA,04182026,dat::Tn_PpepV dat,dat::Tn,PpepV dat,CDM20
NA,A11,NA,04182026,dat::Tn_alr1,dat::Tn,alr1,CDM20
NA,A12,NA,04182026,Δalr1,Δalr1,None,CDM20
NA,B1,NA,04182026,NB,NB,None,CDM20
NA,B2,NA,04182026,Parent,Parent,None,CDM20
NA,B3,NA,04182026,Parent_EV,Parent,EV,CDM20
NA,B4,NA,04182026,Parent_Pdat dat,Parent,Pdat dat,CDM20
NA,B5,NA,04182026,Parent_PpepV dat,Parent,PpepV dat,CDM20
NA,B6,NA,04182026,Parent_alr1,Parent,alr1,CDM20
NA,B7,NA,04182026,dat::Tn,dat::Tn,None,CDM20
NA,B8,NA,04182026,dat::Tn_EV,dat::Tn,EV,CDM20
NA,B9,NA,04182026,dat::Tn_Pdat dat,dat::Tn,Pdat dat,CDM20
NA,B10,NA,04182026,dat::Tn_PpepV dat,dat::Tn,PpepV dat,CDM20
NA,B11,NA,04182026,dat::Tn_alr1,dat::Tn,alr1,CDM20
NA,B12,NA,04182026,Δalr1,Δalr1,None,CDM20
NA,C1,NA,04182026,Δalr1_EV,Δalr1,EV,CDM20
NA,C2,NA,04182026,Δalr1_alr1,Δalr1,alr1,CDM20
NA,C3,NA,04182026,NB,NB,None,TSB
NA,C4,NA,04182026,Parent,Parent,None,TSB
NA,C5,NA,04182026,Parent_EV,Parent,EV,TSB
NA,C6,NA,04182026,Parent_Pdat dat,Parent,Pdat dat,TSB
NA,C7,NA,04182026,Parent_PpepV dat,Parent,PpepV dat,TSB
NA,C8,NA,04182026,Parent_alr1,Parent,alr1,TSB
NA,C9,NA,04182026,dat::Tn,dat::Tn,None,TSB
NA,C10,NA,04182026,dat::Tn_EV,dat::Tn,EV,TSB
NA,C11,NA,04182026,dat::Tn_Pdat dat,dat::Tn,Pdat dat,TSB
NA,C12,NA,04182026,dat::Tn_PpepV dat,dat::Tn,PpepV dat,TSB
NA,D1,NA,04182026,Δalr1_EV,Δalr1,EV,CDM20
NA,D2,NA,04182026,Δalr1_alr1,Δalr1,alr1,CDM20
NA,D3,NA,04182026,NB,NB,None,TSB
NA,D4,NA,04182026,Parent,Parent,None,TSB
NA,D5,NA,04182026,Parent_EV,Parent,EV,TSB
NA,D6,NA,04182026,Parent_Pdat dat,Parent,Pdat dat,TSB
NA,D7,NA,04182026,Parent_PpepV dat,Parent,PpepV dat,TSB
NA,D8,NA,04182026,Parent_alr1,Parent,alr1,TSB
NA,D9,NA,04182026,dat::Tn,dat::Tn,None,TSB
NA,D10,NA,04182026,dat::Tn_EV,dat::Tn,EV,TSB
NA,D11,NA,04182026,dat::Tn_Pdat dat,dat::Tn,Pdat dat,TSB
NA,D12,NA,04182026,dat::Tn_PpepV dat,dat::Tn,PpepV dat,TSB
NA,E1,NA,04182026,Δalr1_EV,Δalr1,EV,CDM19 - ala
NA,E2,NA,04182026,Δalr1_alr1,Δalr1,alr1,CDM19 - ala
NA,E3,NA,04182026,dat::Tn_alr1,dat::Tn,alr1,TSB
NA,E4,NA,04182026,Δalr1,Δalr1,None,TSB
NA,E5,NA,04182026,Δalr1_EV,Δalr1,EV,TSB
NA,E6,NA,04182026,Δalr1_alr1,Δalr1,alr1,TSB
NA,F1,NA,04182026,Δalr1_EV,Δalr1,EV,CDM19 - ala
NA,F2,NA,04182026,Δalr1_alr1,Δalr1,alr1,CDM19 - ala
NA,F3,NA,04182026,dat::Tn_alr1,dat::Tn,alr1,TSB
NA,F4,NA,04182026,Δalr1,Δalr1,None,TSB
NA,F5,NA,04182026,Δalr1_EV,Δalr1,EV,TSB
NA,F6,NA,04182026,Δalr1_alr1,Δalr1,alr1,TSB
NA,G1,NA,04182026,NB,NB,None,CDM19 - ala
NA,G2,NA,04182026,Parent,Parent,None,CDM19 - ala
NA,G3,NA,04182026,Parent_EV,Parent,EV,CDM19 - ala
NA,G4,NA,04182026,Parent_Pdat dat,Parent,Pdat dat,CDM19 - ala
NA,G5,NA,04182026,Parent_PpepV dat,Parent,PpepV dat,CDM19 - ala
NA,G6,NA,04182026,Parent_alr1,Parent,alr1,CDM19 - ala
NA,G7,NA,04182026,dat::Tn,dat::Tn,None,CDM19 - ala
NA,G8,NA,04182026,dat::Tn_EV,dat::Tn,EV,CDM19 - ala
NA,G9,NA,04182026,dat::Tn_Pdat dat,dat::Tn,Pdat dat,CDM19 - ala
NA,G10,NA,04182026,dat::Tn_PpepV dat,dat::Tn,PpepV dat,CDM19 - ala
NA,G11,NA,04182026,dat::Tn_alr1,dat::Tn,alr1,CDM19 - ala
NA,G12,NA,04182026,Δalr1,Δalr1,None,CDM19 - ala
NA,H1,NA,04182026,NB,NB,None,CDM19 - ala
NA,H2,NA,04182026,Parent,Parent,None,CDM19 - ala
NA,H3,NA,04182026,Parent_EV,Parent,EV,CDM19 - ala
NA,H4,NA,04182026,Parent_Pdat dat,Parent,Pdat dat,CDM19 - ala
NA,H5,NA,04182026,Parent_PpepV dat,Parent,PpepV dat,CDM19 - ala
NA,H6,NA,04182026,Parent_alr1,Parent,alr1,CDM19 - ala
NA,H7,NA,04182026,dat::Tn,dat::Tn,None,CDM19 - ala
NA,H8,NA,04182026,dat::Tn_EV,dat::Tn,EV,CDM19 - ala
NA,H9,NA,04182026,dat::Tn_Pdat dat,dat::Tn,Pdat dat,CDM19 - ala
NA,H10,NA,04182026,dat::Tn_PpepV dat,dat::Tn,PpepV dat,CDM19 - ala
NA,H11,NA,04182026,dat::Tn_alr1,dat::Tn,alr1,CDM19 - ala
NA,H12,NA,04182026,Δalr1,Δalr1,None,CDM19 - ala
NA,A1,NA,04182026,NB,NB,None,CDM20
NA,A2,NA,04182026,Parent,Parent,None,CDM20
NA,A3,NA,04182026,Parent_EV,Parent,EV,CDM20
NA,A4,NA,04182026,Parent_Pdat dat,Parent,Pdat dat,CDM20
NA,A5,NA,04182026,Parent_PpepV dat,Parent,PpepV dat,CDM20
NA,A6,NA,04182026,Parent_alr1,Parent,alr1,CDM20
NA,A7,NA,04182026,dat::Tn,dat::Tn,None,CDM20
NA,A8,NA,04182026,dat::Tn_EV,dat::Tn,EV,CDM20
NA,A9,NA,04182026,dat::Tn_Pdat dat,dat::Tn,Pdat dat,CDM20
NA,A10,NA,04182026,dat::Tn_PpepV dat,dat::Tn,PpepV dat,CDM20
NA,A11,NA,04182026,dat::Tn_alr1,dat::Tn,alr1,CDM20
NA,A12,NA,04182026,Δalr1,Δalr1,None,CDM20
NA,B1,NA,04182026,NB,NB,None,CDM20
NA,B2,NA,04182026,Parent,Parent,None,CDM20
NA,B3,NA,04182026,Parent_EV,Parent,EV,CDM20
NA,B4,NA,04182026,Parent_Pdat dat,Parent,Pdat dat,CDM20
NA,B5,NA,04182026,Parent_PpepV dat,Parent,PpepV dat,CDM20
NA,B6,NA,04182026,Parent_alr1,Parent,alr1,CDM20
NA,B7,NA,04182026,dat::Tn,dat::Tn,None,CDM20
NA,B8,NA,04182026,dat::Tn_EV,dat::Tn,EV,CDM20
NA,B9,NA,04182026,dat::Tn_Pdat dat,dat::Tn,Pdat dat,CDM20
NA,B10,NA,04182026,dat::Tn_PpepV dat,dat::Tn,PpepV dat,CDM20
NA,B11,NA,04182026,dat::Tn_alr1,dat::Tn,alr1,CDM20
NA,B12,NA,04182026,Δalr1,Δalr1,None,CDM20
NA,C1,NA,04182026,Δalr1_EV,Δalr1,EV,CDM20
NA,C2,NA,04182026,Δalr1_alr1,Δalr1,alr1,CDM20
NA,C3,NA,04182026,NB,NB,None,TSB
NA,C4,NA,04182026,Parent,Parent,None,TSB
NA,C5,NA,04182026,Parent_EV,Parent,EV,TSB
NA,C6,NA,04182026,Parent_Pdat dat,Parent,Pdat dat,TSB
NA,C7,NA,04182026,Parent_PpepV dat,Parent,PpepV dat,TSB
NA,C8,NA,04182026,Parent_alr1,Parent,alr1,TSB
NA,C9,NA,04182026,dat::Tn,dat::Tn,None,TSB
NA,C10,NA,04182026,dat::Tn_EV,dat::Tn,EV,TSB
NA,C11,NA,04182026,dat::Tn_Pdat dat,dat::Tn,Pdat dat,TSB
NA,C12,NA,04182026,dat::Tn_PpepV dat,dat::Tn,PpepV dat,TSB
NA,D1,NA,04182026,Δalr1_EV,Δalr1,EV,CDM20
NA,D2,NA,04182026,Δalr1_alr1,Δalr1,alr1,CDM20
NA,D3,NA,04182026,NB,NB,None,TSB
NA,D4,NA,04182026,Parent,Parent,None,TSB
NA,D5,NA,04182026,Parent_EV,Parent,EV,TSB
NA,D6,NA,04182026,Parent_Pdat dat,Parent,Pdat dat,TSB
NA,D7,NA,04182026,Parent_PpepV dat,Parent,PpepV dat,TSB
NA,D8,NA,04182026,Parent_alr1,Parent,alr1,TSB
NA,D9,NA,04182026,dat::Tn,dat::Tn,None,TSB
NA,D10,NA,04182026,dat::Tn_EV,dat::Tn,EV,TSB
NA,D11,NA,04182026,dat::Tn_Pdat dat,dat::Tn,Pdat dat,TSB
NA,D12,NA,04182026,dat::Tn_PpepV dat,dat::Tn,PpepV dat,TSB
NA,E1,NA,04182026,Δalr1_EV,Δalr1,EV,CDM19 - ala
NA,E2,NA,04182026,Δalr1_alr1,Δalr1,alr1,CDM19 - ala
NA,E3,NA,04182026,dat::Tn_alr1,dat::Tn,alr1,TSB
NA,E4,NA,04182026,Δalr1,Δalr1,None,TSB
NA,E5,NA,04182026,Δalr1_EV,Δalr1,EV,TSB
NA,E6,NA,04182026,Δalr1_alr1,Δalr1,alr1,TSB
NA,F1,NA,04182026,Δalr1_EV,Δalr1,EV,CDM19 - ala
NA,F2,NA,04182026,Δalr1_alr1,Δalr1,alr1,CDM19 - ala
NA,F3,NA,04182026,dat::Tn_alr1,dat::Tn,alr1,TSB
NA,F4,NA,04182026,Δalr1,Δalr1,None,TSB
NA,F5,NA,04182026,Δalr1_EV,Δalr1,EV,TSB
NA,F6,NA,04182026,Δalr1_alr1,Δalr1,alr1,TSB
NA,G1,NA,04182026,NB,NB,None,CDM19 - ala
NA,G2,NA,04182026,Parent,Parent,None,CDM19 - ala
NA,G3,NA,04182026,Parent_EV,Parent,EV,CDM19 - ala
NA,G4,NA,04182026,Parent_Pdat dat,Parent,Pdat dat,CDM19 - ala
NA,G5,NA,04182026,Parent_PpepV dat,Parent,PpepV dat,CDM19 - ala
NA,G6,NA,04182026,Parent_alr1,Parent,alr1,CDM19 - ala
NA,G7,NA,04182026,dat::Tn,dat::Tn,None,CDM19 - ala
NA,G8,NA,04182026,dat::Tn_EV,dat::Tn,EV,CDM19 - ala
NA,G9,NA,04182026,dat::Tn_Pdat dat,dat::Tn,Pdat dat,CDM19 - ala
NA,G10,NA,04182026,dat::Tn_PpepV dat,dat::Tn,PpepV dat,CDM19 - ala
NA,G11,NA,04182026,dat::Tn_alr1,dat::Tn,alr1,CDM19 - ala
NA,G12,NA,04182026,Δalr1,Δalr1,None,CDM19 - ala
NA,H1,NA,04182026,NB,NB,None,CDM19 - ala
NA,H2,NA,04182026,Parent,Parent,None,CDM19 - ala
NA,H3,NA,04182026,Parent_EV,Parent,EV,CDM19 - ala
NA,H4,NA,04182026,Parent_Pdat dat,Parent,Pdat dat,CDM19 - ala
NA,H5,NA,04182026,Parent_PpepV dat,Parent,PpepV dat,CDM19 - ala
NA,H6,NA,04182026,Parent_alr1,Parent,alr1,CDM19 - ala
NA,H7,NA,04182026,dat::Tn,dat::Tn,None,CDM19 - ala
NA,H8,NA,04182026,dat::Tn_EV,dat::Tn,EV,CDM19 - ala
NA,H9,NA,04182026,dat::Tn_Pdat dat,dat::Tn,Pdat dat,CDM19 - ala
NA,H10,NA,04182026,dat::Tn_PpepV dat,dat::Tn,PpepV dat,CDM19 - ala
NA,H11,NA,04182026,dat::Tn_alr1,dat::Tn,alr1,CDM19 - ala
NA,H12,NA,04182026,Δalr1,Δalr1,None,CDM19 - ala
NA,A1,NA,04182026,NB,NB,None,CDM20
NA,A2,NA,04182026,Parent,Parent,None,CDM20
NA,A3,NA,04182026,Parent_EV,Parent,EV,CDM20
NA,A4,NA,04182026,Parent_Pdat dat,Parent,Pdat dat,CDM20
NA,A5,NA,04182026,Parent_PpepV dat,Parent,PpepV dat,CDM20
NA,A6,NA,04182026,Parent_alr1,Parent,alr1,CDM20
NA,A7,NA,04182026,dat::Tn,dat::Tn,None,CDM20
NA,A8,NA,04182026,dat::Tn_EV,dat::Tn,EV,CDM20
NA,A9,NA,04182026,dat::Tn_Pdat dat,dat::Tn,Pdat dat,CDM20
NA,A10,NA,04182026,dat::Tn_PpepV dat,dat::Tn,PpepV dat,CDM20
NA,A11,NA,04182026,dat::Tn_alr1,dat::Tn,alr1,CDM20
NA,A12,NA,04182026,Δalr1,Δalr1,None,CDM20
NA,B1,NA,04182026,NB,NB,None,CDM20
NA,B2,NA,04182026,Parent,Parent,None,CDM20
NA,B3,NA,04182026,Parent_EV,Parent,EV,CDM20
NA,B4,NA,04182026,Parent_Pdat dat,Parent,Pdat dat,CDM20
NA,B5,NA,04182026,Parent_PpepV dat,Parent,PpepV dat,CDM20
NA,B6,NA,04182026,Parent_alr1,Parent,alr1,CDM20
NA,B7,NA,04182026,dat::Tn,dat::Tn,None,CDM20
NA,B8,NA,04182026,dat::Tn_EV,dat::Tn,EV,CDM20
NA,B9,NA,04182026,dat::Tn_Pdat dat,dat::Tn,Pdat dat,CDM20
NA,B10,NA,04182026,dat::Tn_PpepV dat,dat::Tn,PpepV dat,CDM20
NA,B11,NA,04182026,dat::Tn_alr1,dat::Tn,alr1,CDM20
NA,B12,NA,04182026,Δalr1,Δalr1,None,CDM20
NA,C1,NA,04182026,Δalr1_EV,Δalr1,EV,CDM20
NA,C2,NA,04182026,Δalr1_alr1,Δalr1,alr1,CDM20
NA,C3,NA,04182026,NB,NB,None,TSB
NA,C4,NA,04182026,Parent,Parent,None,TSB
NA,C5,NA,04182026,Parent_EV,Parent,EV,TSB
NA,C6,NA,04182026,Parent_Pdat dat,Parent,Pdat dat,TSB
NA,C7,NA,04182026,Parent_PpepV dat,Parent,PpepV dat,TSB
NA,C8,NA,04182026,Parent_alr1,Parent,alr1,TSB
NA,C9,NA,04182026,dat::Tn,dat::Tn,None,TSB
NA,C10,NA,04182026,dat::Tn_EV,dat::Tn,EV,TSB
NA,C11,NA,04182026,dat::Tn_Pdat dat,dat::Tn,Pdat dat,TSB
NA,C12,NA,04182026,dat::Tn_PpepV dat,dat::Tn,PpepV dat,TSB
NA,D1,NA,04182026,Δalr1_EV,Δalr1,EV,CDM20
NA,D2,NA,04182026,Δalr1_alr1,Δalr1,alr1,CDM20
NA,D3,NA,04182026,NB,NB,None,TSB
NA,D4,NA,04182026,Parent,Parent,None,TSB
NA,D5,NA,04182026,Parent_EV,Parent,EV,TSB
NA,D6,NA,04182026,Parent_Pdat dat,Parent,Pdat dat,TSB
NA,D7,NA,04182026,Parent_PpepV dat,Parent,PpepV dat,TSB
NA,D8,NA,04182026,Parent_alr1,Parent,alr1,TSB
NA,D9,NA,04182026,dat::Tn,dat::Tn,None,TSB
NA,D10,NA,04182026,dat::Tn_EV,dat::Tn,EV,TSB
NA,D11,NA,04182026,dat::Tn_Pdat dat,dat::Tn,Pdat dat,TSB
NA,D12,NA,04182026,dat::Tn_PpepV dat,dat::Tn,PpepV dat,TSB
NA,E1,NA,04182026,Δalr1_EV,Δalr1,EV,CDM19 - ala
NA,E2,NA,04182026,Δalr1_alr1,Δalr1,alr1,CDM19 - ala
NA,E3,NA,04182026,dat::Tn_alr1,dat::Tn,alr1,TSB
NA,E4,NA,04182026,Δalr1,Δalr1,None,TSB
NA,E5,NA,04182026,Δalr1_EV,Δalr1,EV,TSB
NA,E6,NA,04182026,Δalr1_alr1,Δalr1,alr1,TSB
NA,F1,NA,04182026,Δalr1_EV,Δalr1,EV,CDM19 - ala
NA,F2,NA,04182026,Δalr1_alr1,Δalr1,alr1,CDM19 - ala
NA,F3,NA,04182026,dat::Tn_alr1,dat::Tn,alr1,TSB
NA,F4,NA,04182026,Δalr1,Δalr1,None,TSB
NA,F5,NA,04182026,Δalr1_EV,Δalr1,EV,TSB
NA,F6,NA,04182026,Δalr1_alr1,Δalr1,alr1,TSB
NA,G1,NA,04182026,NB,NB,None,CDM19 - ala
NA,G2,NA,04182026,Parent,Parent,None,CDM19 - ala
NA,G3,NA,04182026,Parent_EV,Parent,EV,CDM19 - ala
NA,G4,NA,04182026,Parent_Pdat dat,Parent,Pdat dat,CDM19 - ala
NA,G5,NA,04182026,Parent_PpepV dat,Parent,PpepV dat,CDM19 - ala
NA,G6,NA,04182026,Parent_alr1,Parent,alr1,CDM19 - ala
NA,G7,NA,04182026,dat::Tn,dat::Tn,None,CDM19 - ala
NA,G8,NA,04182026,dat::Tn_EV,dat::Tn,EV,CDM19 - ala
NA,G9,NA,04182026,dat::Tn_Pdat dat,dat::Tn,Pdat dat,CDM19 - ala
NA,G10,NA,04182026,dat::Tn_PpepV dat,dat::Tn,PpepV dat,CDM19 - ala
NA,G11,NA,04182026,dat::Tn_alr1,dat::Tn,alr1,CDM19 - ala
NA,G12,NA,04182026,Δalr1,Δalr1,None,CDM19 - ala
NA,H1,NA,04182026,NB,NB,None,CDM19 - ala
NA,H2,NA,04182026,Parent,Parent,None,CDM19 - ala
NA,H3,NA,04182026,Parent_EV,Parent,EV,CDM19 - ala
NA,H4,NA,04182026,Parent_Pdat dat,Parent,Pdat dat,CDM19 - ala
NA,H5,NA,04182026,Parent_PpepV dat,Parent,PpepV dat,CDM19 - ala
NA,H6,NA,04182026,Parent_alr1,Parent,alr1,CDM19 - ala
NA,H7,NA,04182026,dat::Tn,dat::Tn,None,CDM19 - ala
NA,H8,NA,04182026,dat::Tn_EV,dat::Tn,EV,CDM19 - ala
NA,H9,NA,04182026,dat::Tn_Pdat dat,dat::Tn,Pdat dat,CDM19 - ala
NA,H10,NA,04182026,dat::Tn_PpepV dat,dat::Tn,PpepV dat,CDM19 - ala
NA,H11,NA,04182026,dat::Tn_alr1,dat::Tn,alr1,CDM19 - ala
NA,H12,NA,04182026,Δalr1,Δalr1,None,CDM19 - ala
NA,A1,NA,04182026,NB,NB,None,CDM20
NA,A2,NA,04182026,Parent,Parent,None,CDM20
NA,A3,NA,04182026,Parent_EV,Parent,EV,CDM20
NA,A4,NA,04182026,Parent_Pdat dat,Parent,Pdat dat,CDM20
NA,A5,NA,04182026,Parent_PpepV dat,Parent,PpepV dat,CDM20
NA,A6,NA,04182026,Parent_alr1,Parent,alr1,CDM20
NA,A7,NA,04182026,dat::Tn,dat::Tn,None,CDM20
NA,A8,NA,04182026,dat::Tn_EV,dat::Tn,EV,CDM20
NA,A9,NA,04182026,dat::Tn_Pdat dat,dat::Tn,Pdat dat,CDM20
NA,A10,NA,04182026,dat::Tn_PpepV dat,dat::Tn,PpepV dat,CDM20
NA,A11,NA,04182026,dat::Tn_alr1,dat::Tn,alr1,CDM20
NA,A12,NA,04182026,Δalr1,Δalr1,None,CDM20
NA,B1,NA,04182026,NB,NB,None,CDM20
NA,B2,NA,04182026,Parent,Parent,None,CDM20
NA,B3,NA,04182026,Parent_EV,Parent,EV,CDM20
NA,B4,NA,04182026,Parent_Pdat dat,Parent,Pdat dat,CDM20
NA,B5,NA,04182026,Parent_PpepV dat,Parent,PpepV dat,CDM20
NA,B6,NA,04182026,Parent_alr1,Parent,alr1,CDM20
NA,B7,NA,04182026,dat::Tn,dat::Tn,None,CDM20
NA,B8,NA,04182026,dat::Tn_EV,dat::Tn,EV,CDM20
NA,B9,NA,04182026,dat::Tn_Pdat dat,dat::Tn,Pdat dat,CDM20
NA,B10,NA,04182026,dat::Tn_PpepV dat,dat::Tn,PpepV dat,CDM20
NA,B11,NA,04182026,dat::Tn_alr1,dat::Tn,alr1,CDM20
NA,B12,NA,04182026,Δalr1,Δalr1,None,CDM20
NA,C1,NA,04182026,Δalr1_EV,Δalr1,EV,CDM20
NA,C2,NA,04182026,Δalr1_alr1,Δalr1,alr1,CDM20
NA,C3,NA,04182026,NB,NB,None,TSB
NA,C4,NA,04182026,Parent,Parent,None,TSB
NA,C5,NA,04182026,Parent_EV,Parent,EV,TSB
NA,C6,NA,04182026,Parent_Pdat dat,Parent,Pdat dat,TSB
NA,C7,NA,04182026,Parent_PpepV dat,Parent,PpepV dat,TSB
NA,C8,NA,04182026,Parent_alr1,Parent,alr1,TSB
NA,C9,NA,04182026,dat::Tn,dat::Tn,None,TSB
NA,C10,NA,04182026,dat::Tn_EV,dat::Tn,EV,TSB
NA,C11,NA,04182026,dat::Tn_Pdat dat,dat::Tn,Pdat dat,TSB
NA,C12,NA,04182026,dat::Tn_PpepV dat,dat::Tn,PpepV dat,TSB
NA,D1,NA,04182026,Δalr1_EV,Δalr1,EV,CDM20
NA,D2,NA,04182026,Δalr1_alr1,Δalr1,alr1,CDM20
NA,D3,NA,04182026,NB,NB,None,TSB
NA,D4,NA,04182026,Parent,Parent,None,TSB
NA,D5,NA,04182026,Parent_EV,Parent,EV,TSB
NA,D6,NA,04182026,Parent_Pdat dat,Parent,Pdat dat,TSB
NA,D7,NA,04182026,Parent_PpepV dat,Parent,PpepV dat,TSB
NA,D8,NA,04182026,Parent_alr1,Parent,alr1,TSB
NA,D9,NA,04182026,dat::Tn,dat::Tn,None,TSB
NA,D10,NA,04182026,dat::Tn_EV,dat::Tn,EV,TSB
NA,D11,NA,04182026,dat::Tn_Pdat dat,dat::Tn,Pdat dat,TSB
NA,D12,NA,04182026,dat::Tn_PpepV dat,dat::Tn,PpepV dat,TSB
NA,E1,NA,04182026,Δalr1_EV,Δalr1,EV,CDM19 - ala
NA,E2,NA,04182026,Δalr1_alr1,Δalr1,alr1,CDM19 - ala
NA,E3,NA,04182026,dat::Tn_alr1,dat::Tn,alr1,TSB
NA,E4,NA,04182026,Δalr1,Δalr1,None,TSB
NA,E5,NA,04182026,Δalr1_EV,Δalr1,EV,TSB
NA,E6,NA,04182026,Δalr1_alr1,Δalr1,alr1,TSB
NA,F1,NA,04182026,Δalr1_EV,Δalr1,EV,CDM19 - ala
NA,F2,NA,04182026,Δalr1_alr1,Δalr1,alr1,CDM19 - ala
NA,F3,NA,04182026,dat::Tn_alr1,dat::Tn,alr1,TSB
NA,F4,NA,04182026,Δalr1,Δalr1,None,TSB
NA,F5,NA,04182026,Δalr1_EV,Δalr1,EV,TSB
NA,F6,NA,04182026,Δalr1_alr1,Δalr1,alr1,TSB
NA,G1,NA,04182026,NB,NB,None,CDM19 - ala
NA,G2,NA,04182026,Parent,Parent,None,CDM19 - ala
NA,G3,NA,04182026,Parent_EV,Parent,EV,CDM19 - ala
NA,G4,NA,04182026,Parent_Pdat dat,Parent,Pdat dat,CDM19 - ala
NA,G5,NA,04182026,Parent_PpepV dat,Parent,PpepV dat,CDM19 - ala
NA,G6,NA,04182026,Parent_alr1,Parent,alr1,CDM19 - ala
NA,G7,NA,04182026,dat::Tn,dat::Tn,None,CDM19 - ala
NA,G8,NA,04182026,dat::Tn_EV,dat::Tn,EV,CDM19 - ala
NA,G9,NA,04182026,dat::Tn_Pdat dat,dat::Tn,Pdat dat,CDM19 - ala
NA,G10,NA,04182026,dat::Tn_PpepV dat,dat::Tn,PpepV dat,CDM19 - ala
NA,G11,NA,04182026,dat::Tn_alr1,dat::Tn,alr1,CDM19 - ala
NA,G12,NA,04182026,Δalr1,Δalr1,None,CDM19 - ala
NA,H1,NA,04182026,NB,NB,None,CDM19 - ala
NA,H2,NA,04182026,Parent,Parent,None,CDM19 - ala
NA,H3,NA,04182026,Parent_EV,Parent,EV,CDM19 - ala
NA,H4,NA,04182026,Parent_Pdat dat,Parent,Pdat dat,CDM19 - ala
NA,H5,NA,04182026,Parent_PpepV dat,Parent,PpepV dat,CDM19 - ala
NA,H6,NA,04182026,Parent_alr1,Parent,alr1,CDM19 - ala
NA,H7,NA,04182026,dat::Tn,dat::Tn,None,CDM19 - ala
NA,H8,NA,04182026,dat::Tn_EV,dat::Tn,EV,CDM19 - ala
NA,H9,NA,04182026,dat::Tn_Pdat dat,dat::Tn,Pdat dat,CDM19 - ala
NA,H10,NA,04182026,dat::Tn_PpepV dat,dat::Tn,PpepV dat,CDM19 - ala
NA,H11,NA,04182026,dat::Tn_alr1,dat::Tn,alr1,CDM19 - ala
NA,H12,NA,04182026,Δalr1,Δalr1,None,CDM19 - ala
NA,A1,NA,04182026,NB,NB,None,CDM20
NA,A2,NA,04182026,Parent,Parent,None,CDM20
NA,A3,NA,04182026,Parent_EV,Parent,EV,CDM20
NA,A4,NA,04182026,Parent_Pdat dat,Parent,Pdat dat,CDM20
NA,A5,NA,04182026,Parent_PpepV dat,Parent,PpepV dat,CDM20
NA,A6,NA,04182026,Parent_alr1,Parent,alr1,CDM20
NA,A7,NA,04182026,dat::Tn,dat::Tn,None,CDM20
NA,A8,NA,04182026,dat::Tn_EV,dat::Tn,EV,CDM20
NA,A9,NA,04182026,dat::Tn_Pdat dat,dat::Tn,Pdat dat,CDM20
NA,A10,NA,04182026,dat::Tn_PpepV dat,dat::Tn,PpepV dat,CDM20
NA,A11,NA,04182026,dat::Tn_alr1,dat::Tn,alr1,CDM20
NA,A12,NA,04182026,Δalr1,Δalr1,None,CDM20
NA,B1,NA,04182026,NB,NB,None,CDM20
NA,B2,NA,04182026,Parent,Parent,None,CDM20
NA,B3,NA,04182026,Parent_EV,Parent,EV,CDM20
NA,B4,NA,04182026,Parent_Pdat dat,Parent,Pdat dat,CDM20
NA,B5,NA,04182026,Parent_PpepV dat,Parent,PpepV dat,CDM20
NA,B6,NA,04182026,Parent_alr1,Parent,alr1,CDM20
NA,B7,NA,04182026,dat::Tn,dat::Tn,None,CDM20
NA,B8,NA,04182026,dat::Tn_EV,dat::Tn,EV,CDM20
NA,B9,NA,04182026,dat::Tn_Pdat dat,dat::Tn,Pdat dat,CDM20
NA,B10,NA,04182026,dat::Tn_PpepV dat,dat::Tn,PpepV dat,CDM20
NA,B11,NA,04182026,dat::Tn_alr1,dat::Tn,alr1,CDM20
NA,B12,NA,04182026,Δalr1,Δalr1,None,CDM20
NA,C1,NA,04182026,Δalr1_EV,Δalr1,EV,CDM20
NA,C2,NA,04182026,Δalr1_alr1,Δalr1,alr1,CDM20
NA,C3,NA,04182026,NB,NB,None,TSB
NA,C4,NA,04182026,Parent,Parent,None,TSB
NA,C5,NA,04182026,Parent_EV,Parent,EV,TSB
NA,C6,NA,04182026,Parent_Pdat dat,Parent,Pdat dat,TSB
NA,C7,NA,04182026,Parent_PpepV dat,Parent,PpepV dat,TSB
NA,C8,NA,04182026,Parent_alr1,Parent,alr1,TSB
NA,C9,NA,04182026,dat::Tn,dat::Tn,None,TSB
NA,C10,NA,04182026,dat::Tn_EV,dat::Tn,EV,TSB
NA,C11,NA,04182026,dat::Tn_Pdat dat,dat::Tn,Pdat dat,TSB
NA,C12,NA,04182026,dat::Tn_PpepV dat,dat::Tn,PpepV dat,TSB
NA,D1,NA,04182026,Δalr1_EV,Δalr1,EV,CDM20
NA,D2,NA,04182026,Δalr1_alr1,Δalr1,alr1,CDM20
NA,D3,NA,04182026,NB,NB,None,TSB
NA,D4,NA,04182026,Parent,Parent,None,TSB
NA,D5,NA,04182026,Parent_EV,Parent,EV,TSB
NA,D6,NA,04182026,Parent_Pdat dat,Parent,Pdat dat,TSB
NA,D7,NA,04182026,Parent_PpepV dat,Parent,PpepV dat,TSB
NA,D8,NA,04182026,Parent_alr1,Parent,alr1,TSB
NA,D9,NA,04182026,dat::Tn,dat::Tn,None,TSB
NA,D10,NA,04182026,dat::Tn_EV,dat::Tn,EV,TSB
NA,D11,NA,04182026,dat::Tn_Pdat dat,dat::Tn,Pdat dat,TSB
NA,D12,NA,04182026,dat::Tn_PpepV dat,dat::Tn,PpepV dat,TSB
NA,E1,NA,04182026,Δalr1_EV,Δalr1,EV,CDM19 - ala
NA,E2,NA,04182026,Δalr1_alr1,Δalr1,alr1,CDM19 - ala
NA,E3,NA,04182026,dat::Tn_alr1,dat::Tn,alr1,TSB
NA,E4,NA,04182026,Δalr1,Δalr1,None,TSB
NA,E5,NA,04182026,Δalr1_EV,Δalr1,EV,TSB
NA,E6,NA,04182026,Δalr1_alr1,Δalr1,alr1,TSB
NA,F1,NA,04182026,Δalr1_EV,Δalr1,EV,CDM19 - ala
NA,F2,NA,04182026,Δalr1_alr1,Δalr1,alr1,CDM19 - ala
NA,F3,NA,04182026,dat::Tn_alr1,dat::Tn,alr1,TSB
NA,F4,NA,04182026,Δalr1,Δalr1,None,TSB
NA,F5,NA,04182026,Δalr1_EV,Δalr1,EV,TSB
NA,F6,NA,04182026,Δalr1_alr1,Δalr1,alr1,TSB
NA,G1,NA,04182026,NB,NB,None,CDM19 - ala
NA,G2,NA,04182026,Parent,Parent,None,CDM19 - ala
NA,G3,NA,04182026,Parent_EV,Parent,EV,CDM19 - ala
NA,G4,NA,04182026,Parent_Pdat dat,Parent,Pdat dat,CDM19 - ala
NA,G5,NA,04182026,Parent_PpepV dat,Parent,PpepV dat,CDM19 - ala
NA,G6,NA,04182026,Parent_alr1,Parent,alr1,CDM19 - ala
NA,G7,NA,04182026,dat::Tn,dat::Tn,None,CDM19 - ala
NA,G8,NA,04182026,dat::Tn_EV,dat::Tn,EV,CDM19 - ala
NA,G9,NA,04182026,dat::Tn_Pdat dat,dat::Tn,Pdat dat,CDM19 - ala
NA,G10,NA,04182026,dat::Tn_PpepV dat,dat::Tn,PpepV dat,CDM19 - ala
NA,G11,NA,04182026,dat::Tn_alr1,dat::Tn,alr1,CDM19 - ala
NA,G12,NA,04182026,Δalr1,Δalr1,None,CDM19 - ala
NA,H1,NA,04182026,NB,NB,None,CDM19 - ala
NA,H2,NA,04182026,Parent,Parent,None,CDM19 - ala
NA,H3,NA,04182026,Parent_EV,Parent,EV,CDM19 - ala
NA,H4,NA,04182026,Parent_Pdat dat,Parent,Pdat dat,CDM19 - ala
NA,H5,NA,04182026,Parent_PpepV dat,Parent,PpepV dat,CDM19 - ala
NA,H6,NA,04182026,Parent_alr1,Parent,alr1,CDM19 - ala
NA,H7,NA,04182026,dat::Tn,dat::Tn,None,CDM19 - ala
NA,H8,NA,04182026,dat::Tn_EV,dat::Tn,EV,CDM19 - ala
NA,H9,NA,04182026,dat::Tn_Pdat dat,dat::Tn,Pdat dat,CDM19 - ala
NA,H10,NA,04182026,dat::Tn_PpepV dat,dat::Tn,PpepV dat,CDM19 - ala
NA,H11,NA,04182026,dat::Tn_alr1,dat::Tn,alr1,CDM19 - ala
NA,H12,NA,04182026,Δalr1,Δalr1,None,CDM19 - ala
NA,A1,NA,04182026,NB,NB,None,CDM20
NA,A2,NA,04182026,Parent,Parent,None,CDM20
NA,A3,NA,04182026,Parent_EV,Parent,EV,CDM20
NA,A4,NA,04182026,Parent_Pdat dat,Parent,Pdat dat,CDM20
NA,A5,NA,04182026,Parent_PpepV dat,Parent,PpepV dat,CDM20
NA,A6,NA,04182026,Parent_alr1,Parent,alr1,CDM20
NA,A7,NA,04182026,dat::Tn,dat::Tn,None,CDM20
NA,A8,NA,04182026,dat::Tn_EV,dat::Tn,EV,CDM20
NA,A9,NA,04182026,dat::Tn_Pdat dat,dat::Tn,Pdat dat,CDM20
NA,A10,NA,04182026,dat::Tn_PpepV dat,dat::Tn,PpepV dat,CDM20
NA,A11,NA,04182026,dat::Tn_alr1,dat::Tn,alr1,CDM20
NA,A12,NA,04182026,Δalr1,Δalr1,None,CDM20
NA,B1,NA,04182026,NB,NB,None,CDM20
NA,B2,NA,04182026,Parent,Parent,None,CDM20
NA,B3,NA,04182026,Parent_EV,Parent,EV,CDM20
NA,B4,NA,04182026,Parent_Pdat dat,Parent,Pdat dat,CDM20
NA,B5,NA,04182026,Parent_PpepV dat,Parent,PpepV dat,CDM20
NA,B6,NA,04182026,Parent_alr1,Parent,alr1,CDM20
NA,B7,NA,04182026,dat::Tn,dat::Tn,None,CDM20
NA,B8,NA,04182026,dat::Tn_EV,dat::Tn,EV,CDM20
NA,B9,NA,04182026,dat::Tn_Pdat dat,dat::Tn,Pdat dat,CDM20
NA,B10,NA,04182026,dat::Tn_PpepV dat,dat::Tn,PpepV dat,CDM20
NA,B11,NA,04182026,dat::Tn_alr1,dat::Tn,alr1,CDM20
NA,B12,NA,04182026,Δalr1,Δalr1,None,CDM20
NA,C1,NA,04182026,Δalr1_EV,Δalr1,EV,CDM20
NA,C2,NA,04182026,Δalr1_alr1,Δalr1,alr1,CDM20
NA,C3,NA,04182026,NB,NB,None,TSB
NA,C4,NA,04182026,Parent,Parent,None,TSB
NA,C5,NA,04182026,Parent_EV,Parent,EV,TSB
NA,C6,NA,04182026,Parent_Pdat dat,Parent,Pdat dat,TSB
NA,C7,NA,04182026,Parent_PpepV dat,Parent,PpepV dat,TSB
NA,C8,NA,04182026,Parent_alr1,Parent,alr1,TSB
NA,C9,NA,04182026,dat::Tn,dat::Tn,None,TSB
NA,C10,NA,04182026,dat::Tn_EV,dat::Tn,EV,TSB
NA,C11,NA,04182026,dat::Tn_Pdat dat,dat::Tn,Pdat dat,TSB
NA,C12,NA,04182026,dat::Tn_PpepV dat,dat::Tn,PpepV dat,TSB
NA,D1,NA,04182026,Δalr1_EV,Δalr1,EV,CDM20
NA,D2,NA,04182026,Δalr1_alr1,Δalr1,alr1,CDM20
NA,D3,NA,04182026,NB,NB,None,TSB
NA,D4,NA,04182026,Parent,Parent,None,TSB
NA,D5,NA,04182026,Parent_EV,Parent,EV,TSB
NA,D6,NA,04182026,Parent_Pdat dat,Parent,Pdat dat,TSB
NA,D7,NA,04182026,Parent_PpepV dat,Parent,PpepV dat,TSB
NA,D8,NA,04182026,Parent_alr1,Parent,alr1,TSB
NA,D9,NA,04182026,dat::Tn,dat::Tn,None,TSB
NA,D10,NA,04182026,dat::Tn_EV,dat::Tn,EV,TSB
NA,D11,NA,04182026,dat::Tn_Pdat dat,dat::Tn,Pdat dat,TSB
NA,D12,NA,04182026,dat::Tn_PpepV dat,dat::Tn,PpepV dat,TSB
NA,E1,NA,04182026,Δalr1_EV,Δalr1,EV,CDM19 - ala
NA,E2,NA,04182026,Δalr1_alr1,Δalr1,alr1,CDM19 - ala
NA,E3,NA,04182026,dat::Tn_alr1,dat::Tn,alr1,TSB
NA,E4,NA,04182026,Δalr1,Δalr1,None,TSB
NA,E5,NA,04182026,Δalr1_EV,Δalr1,EV,TSB
NA,E6,NA,04182026,Δalr1_alr1,Δalr1,alr1,TSB
NA,F1,NA,04182026,Δalr1_EV,Δalr1,EV,CDM19 - ala
NA,F2,NA,04182026,Δalr1_alr1,Δalr1,alr1,CDM19 - ala
NA,F3,NA,04182026,dat::Tn_alr1,dat::Tn,alr1,TSB
NA,F4,NA,04182026,Δalr1,Δalr1,None,TSB
NA,F5,NA,04182026,Δalr1_EV,Δalr1,EV,TSB
NA,F6,NA,04182026,Δalr1_alr1,Δalr1,alr1,TSB
NA,G1,NA,04182026,NB,NB,None,CDM19 - ala
NA,G2,NA,04182026,Parent,Parent,None,CDM19 - ala
NA,G3,NA,04182026,Parent_EV,Parent,EV,CDM19 - ala
NA,G4,NA,04182026,Parent_Pdat dat,Parent,Pdat dat,CDM19 - ala
NA,G5,NA,04182026,Parent_PpepV dat,Parent,PpepV dat,CDM19 - ala
NA,G6,NA,04182026,Parent_alr1,Parent,alr1,CDM19 - ala
NA,G7,NA,04182026,dat::Tn,dat::Tn,None,CDM19 - ala
NA,G8,NA,04182026,dat::Tn_EV,dat::Tn,EV,CDM19 - ala
NA,G9,NA,04182026,dat::Tn_Pdat dat,dat::Tn,Pdat dat,CDM19 - ala
NA,G10,NA,04182026,dat::Tn_PpepV dat,dat::Tn,PpepV dat,CDM19 - ala
NA,G11,NA,04182026,dat::Tn_alr1,dat::Tn,alr1,CDM19 - ala
NA,G12,NA,04182026,Δalr1,Δalr1,None,CDM19 - ala
NA,H1,NA,04182026,NB,NB,None,CDM19 - ala
NA,H2,NA,04182026,Parent,Parent,None,CDM19 - ala
NA,H3,NA,04182026,Parent_EV,Parent,EV,CDM19 - ala
NA,H4,NA,04182026,Parent_Pdat dat,Parent,Pdat dat,CDM19 - ala
NA,H5,NA,04182026,Parent_PpepV dat,Parent,PpepV dat,CDM19 - ala
NA,H6,NA,04182026,Parent_alr1,Parent,alr1,CDM19 - ala
NA,H7,NA,04182026,dat::Tn,dat::Tn,None,CDM19 - ala
NA,H8,NA,04182026,dat::Tn_EV,dat::Tn,EV,CDM19 - ala
NA,H9,NA,04182026,dat::Tn_Pdat dat,dat::Tn,Pdat dat,CDM19 - ala
NA,H10,NA,04182026,dat::Tn_PpepV dat,dat::Tn,PpepV dat,CDM19 - ala
NA,H11,NA,04182026,dat::Tn_alr1,dat::Tn,alr1,CDM19 - ala
NA,H12,NA,04182026,Δalr1,Δalr1,None,CDM19 - ala
NA,A1,NA,04182026,NB,NB,None,CDM20
NA,A2,NA,04182026,Parent,Parent,None,CDM20
NA,A3,NA,04182026,Parent_EV,Parent,EV,CDM20
NA,A4,NA,04182026,Parent_Pdat dat,Parent,Pdat dat,CDM20
NA,A5,NA,04182026,Parent_PpepV dat,Parent,PpepV dat,CDM20
NA,A6,NA,04182026,Parent_alr1,Parent,alr1,CDM20
NA,A7,NA,04182026,dat::Tn,dat::Tn,None,CDM20
NA,A8,NA,04182026,dat::Tn_EV,dat::Tn,EV,CDM20
NA,A9,NA,04182026,dat::Tn_Pdat dat,dat::Tn,Pdat dat,CDM20
NA,A10,NA,04182026,dat::Tn_PpepV dat,dat::Tn,PpepV dat,CDM20
NA,A11,NA,04182026,dat::Tn_alr1,dat::Tn,alr1,CDM20
NA,A12,NA,04182026,Δalr1,Δalr1,None,CDM20
NA,B1,NA,04182026,NB,NB,None,CDM20
NA,B2,NA,04182026,Parent,Parent,None,CDM20
NA,B3,NA,04182026,Parent_EV,Parent,EV,CDM20
NA,B4,NA,04182026,Parent_Pdat dat,Parent,Pdat dat,CDM20
NA,B5,NA,04182026,Parent_PpepV dat,Parent,PpepV dat,CDM20
NA,B6,NA,04182026,Parent_alr1,Parent,alr1,CDM20
NA,B7,NA,04182026,dat::Tn,dat::Tn,None,CDM20
NA,B8,NA,04182026,dat::Tn_EV,dat::Tn,EV,CDM20
NA,B9,NA,04182026,dat::Tn_Pdat dat,dat::Tn,Pdat dat,CDM20
NA,B10,NA,04182026,dat::Tn_PpepV dat,dat::Tn,PpepV dat,CDM20
NA,B11,NA,04182026,dat::Tn_alr1,dat::Tn,alr1,CDM20
NA,B12,NA,04182026,Δalr1,Δalr1,None,CDM20
NA,C1,NA,04182026,Δalr1_EV,Δalr1,EV,CDM20
NA,C2,NA,04182026,Δalr1_alr1,Δalr1,alr1,CDM20
NA,C3,NA,04182026,NB,NB,None,TSB
NA,C4,NA,04182026,Parent,Parent,None,TSB
NA,C5,NA,04182026,Parent_EV,Parent,EV,TSB
NA,C6,NA,04182026,Parent_Pdat dat,Parent,Pdat dat,TSB
NA,C7,NA,04182026,Parent_PpepV dat,Parent,PpepV dat,TSB
NA,C8,NA,04182026,Parent_alr1,Parent,alr1,TSB
NA,C9,NA,04182026,dat::Tn,dat::Tn,None,TSB
NA,C10,NA,04182026,dat::Tn_EV,dat::Tn,EV,TSB
NA,C11,NA,04182026,dat::Tn_Pdat dat,dat::Tn,Pdat dat,TSB
NA,C12,NA,04182026,dat::Tn_PpepV dat,dat::Tn,PpepV dat,TSB
NA,D1,NA,04182026,Δalr1_EV,Δalr1,EV,CDM20
NA,D2,NA,04182026,Δalr1_alr1,Δalr1,alr1,CDM20
NA,D3,NA,04182026,NB,NB,None,TSB
NA,D4,NA,04182026,Parent,Parent,None,TSB
NA,D5,NA,04182026,Parent_EV,Parent,EV,TSB
NA,D6,NA,04182026,Parent_Pdat dat,Parent,Pdat dat,TSB
NA,D7,NA,04182026,Parent_PpepV dat,Parent,PpepV dat,TSB
NA,D8,NA,04182026,Parent_alr1,Parent,alr1,TSB
NA,D9,NA,04182026,dat::Tn,dat::Tn,None,TSB
NA,D10,NA,04182026,dat::Tn_EV,dat::Tn,EV,TSB
NA,D11,NA,04182026,dat::Tn_Pdat dat,dat::Tn,Pdat dat,TSB
NA,D12,NA,04182026,dat::Tn_PpepV dat,dat::Tn,PpepV dat,TSB
NA,E1,NA,04182026,Δalr1_EV,Δalr1,EV,CDM19 - ala
NA,E2,NA,04182026,Δalr1_alr1,Δalr1,alr1,CDM19 - ala
NA,E3,NA,04182026,dat::Tn_alr1,dat::Tn,alr1,TSB
NA,E4,NA,04182026,Δalr1,Δalr1,None,TSB
NA,E5,NA,04182026,Δalr1_EV,Δalr1,EV,TSB
NA,E6,NA,04182026,Δalr1_alr1,Δalr1,alr1,TSB
NA,F1,NA,04182026,Δalr1_EV,Δalr1,EV,CDM19 - ala
NA,F2,NA,04182026,Δalr1_alr1,Δalr1,alr1,CDM19 - ala
NA,F3,NA,04182026,dat::Tn_alr1,dat::Tn,alr1,TSB
NA,F4,NA,04182026,Δalr1,Δalr1,None,TSB
NA,F5,NA,04182026,Δalr1_EV,Δalr1,EV,TSB
NA,F6,NA,04182026,Δalr1_alr1,Δalr1,alr1,TSB
NA,G1,NA,04182026,NB,NB,None,CDM19 - ala
NA,G2,NA,04182026,Parent,Parent,None,CDM19 - ala
NA,G3,NA,04182026,Parent_EV,Parent,EV,CDM19 - ala
NA,G4,NA,04182026,Parent_Pdat dat,Parent,Pdat dat,CDM19 - ala
NA,G5,NA,04182026,Parent_PpepV dat,Parent,PpepV dat,CDM19 - ala
NA,G6,NA,04182026,Parent_alr1,Parent,alr1,CDM19 - ala
NA,G7,NA,04182026,dat::Tn,dat::Tn,None,CDM19 - ala
NA,G8,NA,04182026,dat::Tn_EV,dat::Tn,EV,CDM19 - ala
NA,G9,NA,04182026,dat::Tn_Pdat dat,dat::Tn,Pdat dat,CDM19 - ala
NA,G10,NA,04182026,dat::Tn_PpepV dat,dat::Tn,PpepV dat,CDM19 - ala
NA,G11,NA,04182026,dat::Tn_alr1,dat::Tn,alr1,CDM19 - ala
NA,G12,NA,04182026,Δalr1,Δalr1,None,CDM19 - ala
NA,H1,NA,04182026,NB,NB,None,CDM19 - ala
NA,H2,NA,04182026,Parent,Parent,None,CDM19 - ala
NA,H3,NA,04182026,Parent_EV,Parent,EV,CDM19 - ala
NA,H4,NA,04182026,Parent_Pdat dat,Parent,Pdat dat,CDM19 - ala
NA,H5,NA,04182026,Parent_PpepV dat,Parent,PpepV dat,CDM19 - ala
NA,H6,NA,04182026,Parent_alr1,Parent,alr1,CDM19 - ala
NA,H7,NA,04182026,dat::Tn,dat::Tn,None,CDM19 - ala
NA,H8,NA,04182026,dat::Tn_EV,dat::Tn,EV,CDM19 - ala
NA,H9,NA,04182026,dat::Tn_Pdat dat,dat::Tn,Pdat dat,CDM19 - ala
NA,H10,NA,04182026,dat::Tn_PpepV dat,dat::Tn,PpepV dat,CDM19 - ala
NA,H11,NA,04182026,dat::Tn_alr1,dat::Tn,alr1,CDM19 - ala
NA,H12,NA,04182026,Δalr1,Δalr1,None,CDM19 - ala
NA,A1,NA,04182026,NB,NB,None,CDM20
NA,A2,NA,04182026,Parent,Parent,None,CDM20
NA,A3,NA,04182026,Parent_EV,Parent,EV,CDM20
NA,A4,NA,04182026,Parent_Pdat dat,Parent,Pdat dat,CDM20
NA,A5,NA,04182026,Parent_PpepV dat,Parent,PpepV dat,CDM20
NA,A6,NA,04182026,Parent_alr1,Parent,alr1,CDM20
NA,A7,NA,04182026,dat::Tn,dat::Tn,None,CDM20
NA,A8,NA,04182026,dat::Tn_EV,dat::Tn,EV,CDM20
NA,A9,NA,04182026,dat::Tn_Pdat dat,dat::Tn,Pdat dat,CDM20
NA,A10,NA,04182026,dat::Tn_PpepV dat,dat::Tn,PpepV dat,CDM20
NA,A11,NA,04182026,dat::Tn_alr1,dat::Tn,alr1,CDM20
NA,A12,NA,04182026,Δalr1,Δalr1,None,CDM20
NA,B1,NA,04182026,NB,NB,None,CDM20
NA,B2,NA,04182026,Parent,Parent,None,CDM20
NA,B3,NA,04182026,Parent_EV,Parent,EV,CDM20
NA,B4,NA,04182026,Parent_Pdat dat,Parent,Pdat dat,CDM20
NA,B5,NA,04182026,Parent_PpepV dat,Parent,PpepV dat,CDM20
NA,B6,NA,04182026,Parent_alr1,Parent,alr1,CDM20
NA,B7,NA,04182026,dat::Tn,dat::Tn,None,CDM20
NA,B8,NA,04182026,dat::Tn_EV,dat::Tn,EV,CDM20
NA,B9,NA,04182026,dat::Tn_Pdat dat,dat::Tn,Pdat dat,CDM20
NA,B10,NA,04182026,dat::Tn_PpepV dat,dat::Tn,PpepV dat,CDM20
NA,B11,NA,04182026,dat::Tn_alr1,dat::Tn,alr1,CDM20
NA,B12,NA,04182026,Δalr1,Δalr1,None,CDM20
NA,C1,NA,04182026,Δalr1_EV,Δalr1,EV,CDM20
NA,C2,NA,04182026,Δalr1_alr1,Δalr1,alr1,CDM20
NA,C3,NA,04182026,NB,NB,None,TSB
NA,C4,NA,04182026,Parent,Parent,None,TSB
NA,C5,NA,04182026,Parent_EV,Parent,EV,TSB
NA,C6,NA,04182026,Parent_Pdat dat,Parent,Pdat dat,TSB
NA,C7,NA,04182026,Parent_PpepV dat,Parent,PpepV dat,TSB
NA,C8,NA,04182026,Parent_alr1,Parent,alr1,TSB
NA,C9,NA,04182026,dat::Tn,dat::Tn,None,TSB
NA,C10,NA,04182026,dat::Tn_EV,dat::Tn,EV,TSB
NA,C11,NA,04182026,dat::Tn_Pdat dat,dat::Tn,Pdat dat,TSB
NA,C12,NA,04182026,dat::Tn_PpepV dat,dat::Tn,PpepV dat,TSB
NA,D1,NA,04182026,Δalr1_EV,Δalr1,EV,CDM20
NA,D2,NA,04182026,Δalr1_alr1,Δalr1,alr1,CDM20
NA,D3,NA,04182026,NB,NB,None,TSB
NA,D4,NA,04182026,Parent,Parent,None,TSB
NA,D5,NA,04182026,Parent_EV,Parent,EV,TSB
NA,D6,NA,04182026,Parent_Pdat dat,Parent,Pdat dat,TSB
NA,D7,NA,04182026,Parent_PpepV dat,Parent,PpepV dat,TSB
NA,D8,NA,04182026,Parent_alr1,Parent,alr1,TSB
NA,D9,NA,04182026,dat::Tn,dat::Tn,None,TSB
NA,D10,NA,04182026,dat::Tn_EV,dat::Tn,EV,TSB
NA,D11,NA,04182026,dat::Tn_Pdat dat,dat::Tn,Pdat dat,TSB
NA,D12,NA,04182026,dat::Tn_PpepV dat,dat::Tn,PpepV dat,TSB
NA,E1,NA,04182026,Δalr1_EV,Δalr1,EV,CDM19 - ala
NA,E2,NA,04182026,Δalr1_alr1,Δalr1,alr1,CDM19 - ala
NA,E3,NA,04182026,dat::Tn_alr1,dat::Tn,alr1,TSB
NA,E4,NA,04182026,Δalr1,Δalr1,None,TSB
NA,E5,NA,04182026,Δalr1_EV,Δalr1,EV,TSB
NA,E6,NA,04182026,Δalr1_alr1,Δalr1,alr1,TSB
NA,F1,NA,04182026,Δalr1_EV,Δalr1,EV,CDM19 - ala
NA,F2,NA,04182026,Δalr1_alr1,Δalr1,alr1,CDM19 - ala
NA,F3,NA,04182026,dat::Tn_alr1,dat::Tn,alr1,TSB
NA,F4,NA,04182026,Δalr1,Δalr1,None,TSB
NA,F5,NA,04182026,Δalr1_EV,Δalr1,EV,TSB
NA,F6,NA,04182026,Δalr1_alr1,Δalr1,alr1,TSB
NA,G1,NA,04182026,NB,NB,None,CDM19 - ala
NA,G2,NA,04182026,Parent,Parent,None,CDM19 - ala
NA,G3,NA,04182026,Parent_EV,Parent,EV,CDM19 - ala
NA,G4,NA,04182026,Parent_Pdat dat,Parent,Pdat dat,CDM19 - ala
NA,G5,NA,04182026,Parent_PpepV dat,Parent,PpepV dat,CDM19 - ala
NA,G6,NA,04182026,Parent_alr1,Parent,alr1,CDM19 - ala
NA,G7,NA,04182026,dat::Tn,dat::Tn,None,CDM19 - ala
NA,G8,NA,04182026,dat::Tn_EV,dat::Tn,EV,CDM19 - ala
NA,G9,NA,04182026,dat::Tn_Pdat dat,dat::Tn,Pdat dat,CDM19 - ala
NA,G10,NA,04182026,dat::Tn_PpepV dat,dat::Tn,PpepV dat,CDM19 - ala
NA,G11,NA,04182026,dat::Tn_alr1,dat::Tn,alr1,CDM19 - ala
NA,G12,NA,04182026,Δalr1,Δalr1,None,CDM19 - ala
NA,H1,NA,04182026,NB,NB,None,CDM19 - ala
NA,H2,NA,04182026,Parent,Parent,None,CDM19 - ala
NA,H3,NA,04182026,Parent_EV,Parent,EV,CDM19 - ala
NA,H4,NA,04182026,Parent_Pdat dat,Parent,Pdat dat,CDM19 - ala
NA,H5,NA,04182026,Parent_PpepV dat,Parent,PpepV dat,CDM19 - ala
NA,H6,NA,04182026,Parent_alr1,Parent,alr1,CDM19 - ala
NA,H7,NA,04182026,dat::Tn,dat::Tn,None,CDM19 - ala
NA,H8,NA,04182026,dat::Tn_EV,dat::Tn,EV,CDM19 - ala
NA,H9,NA,04182026,dat::Tn_Pdat dat,dat::Tn,Pdat dat,CDM19 - ala
NA,H10,NA,04182026,dat::Tn_PpepV dat,dat::Tn,PpepV dat,CDM19 - ala
NA,H11,NA,04182026,dat::Tn_alr1,dat::Tn,alr1,CDM19 - ala
NA,H12,NA,04182026,Δalr1,Δalr1,None,CDM19 - ala
0,A1,0.086,04192026,NB,NB,None,CDM20
0,A2,0.112,04192026,Parent,Parent,None,CDM20
0,A3,0.109,04192026,Parent_EV,Parent,EV,CDM20
0,A4,0.112,04192026,Parent_Pdat dat,Parent,Pdat dat,CDM20
0,A5,0.113,04192026,Parent_PpepV dat,Parent,PpepV dat,CDM20
0,A6,0.111,04192026,Parent_alr1,Parent,alr1,CDM20
0,A7,0.111,04192026,dat::Tn,dat::Tn,None,CDM20
0,A8,0.109,04192026,dat::Tn_EV,dat::Tn,EV,CDM20
0,A9,0.109,04192026,dat::Tn_Pdat dat,dat::Tn,Pdat dat,CDM20
0,A10,0.111,04192026,dat::Tn_PpepV dat,dat::Tn,PpepV dat,CDM20
0,A11,0.111,04192026,dat::Tn_alr1,dat::Tn,alr1,CDM20
0,A12,0.112,04192026,Δalr1,Δalr1,None,CDM20
0,B1,0.086,04192026,NB,NB,None,CDM20
0,B2,0.115,04192026,Parent,Parent,None,CDM20
0,B3,0.105,04192026,Parent_EV,Parent,EV,CDM20
0,B4,0.11,04192026,Parent_Pdat dat,Parent,Pdat dat,CDM20
0,B5,0.113,04192026,Parent_PpepV dat,Parent,PpepV dat,CDM20
0,B6,0.109,04192026,Parent_alr1,Parent,alr1,CDM20
0,B7,0.112,04192026,dat::Tn,dat::Tn,None,CDM20
0,B8,0.112,04192026,dat::Tn_EV,dat::Tn,EV,CDM20
0,B9,0.11,04192026,dat::Tn_Pdat dat,dat::Tn,Pdat dat,CDM20
0,B10,0.111,04192026,dat::Tn_PpepV dat,dat::Tn,PpepV dat,CDM20
0,B11,0.11,04192026,dat::Tn_alr1,dat::Tn,alr1,CDM20
0,B12,0.111,04192026,Δalr1,Δalr1,None,CDM20
0,C1,0.112,04192026,Δalr1_EV,Δalr1,EV,CDM20
0,C2,0.113,04192026,Δalr1_alr1,Δalr1,alr1,CDM20
0,C3,0.093,04192026,NB,NB,None,TSB
0,C4,0.131,04192026,Parent,Parent,None,TSB
0,C5,0.138,04192026,Parent_EV,Parent,EV,TSB
0,C6,0.134,04192026,Parent_Pdat dat,Parent,Pdat dat,TSB
0,C7,0.136,04192026,Parent_PpepV dat,Parent,PpepV dat,TSB
0,C8,0.138,04192026,Parent_alr1,Parent,alr1,TSB
0,C9,0.129,04192026,dat::Tn,dat::Tn,None,TSB
0,C10,0.125,04192026,dat::Tn_EV,dat::Tn,EV,TSB
0,C11,0.121,04192026,dat::Tn_Pdat dat,dat::Tn,Pdat dat,TSB
0,C12,0.125,04192026,dat::Tn_PpepV dat,dat::Tn,PpepV dat,TSB
0,D1,0.106,04192026,Δalr1_EV,Δalr1,EV,CDM20
0,D2,0.107,04192026,Δalr1_alr1,Δalr1,alr1,CDM20
0,D3,0.092,04192026,NB,NB,None,TSB
0,D4,0.136,04192026,Parent,Parent,None,TSB
0,D5,0.127,04192026,Parent_EV,Parent,EV,TSB
0,D6,0.13,04192026,Parent_Pdat dat,Parent,Pdat dat,TSB
0,D7,0.13,04192026,Parent_PpepV dat,Parent,PpepV dat,TSB
0,D8,0.13,04192026,Parent_alr1,Parent,alr1,TSB
0,D9,0.128,04192026,dat::Tn,dat::Tn,None,TSB
0,D10,0.129,04192026,dat::Tn_EV,dat::Tn,EV,TSB
0,D11,0.126,04192026,dat::Tn_Pdat dat,dat::Tn,Pdat dat,TSB
0,D12,0.124,04192026,dat::Tn_PpepV dat,dat::Tn,PpepV dat,TSB
0,E1,0.115,04192026,Δalr1_EV,Δalr1,EV,CDM19 - ala
0,E2,0.109,04192026,Δalr1_alr1,Δalr1,alr1,CDM19 - ala
0,E3,0.126,04192026,dat::Tn_alr1,dat::Tn,alr1,TSB
0,E4,0.131,04192026,Δalr1,Δalr1,None,TSB
0,E5,0.124,04192026,Δalr1_EV,Δalr1,EV,TSB
0,E6,0.127,04192026,Δalr1_alr1,Δalr1,alr1,TSB
0,F1,0.106,04192026,Δalr1_EV,Δalr1,EV,CDM19 - ala
0,F2,0.112,04192026,Δalr1_alr1,Δalr1,alr1,CDM19 - ala
0,F3,0.129,04192026,dat::Tn_alr1,dat::Tn,alr1,TSB
0,F4,0.123,04192026,Δalr1,Δalr1,None,TSB
0,F5,0.128,04192026,Δalr1_EV,Δalr1,EV,TSB
0,F6,0.135,04192026,Δalr1_alr1,Δalr1,alr1,TSB
0,G1,0.086,04192026,NB,NB,None,CDM19 - ala
0,G2,0.109,04192026,Parent,Parent,None,CDM19 - ala
0,G3,0.102,04192026,Parent_EV,Parent,EV,CDM19 - ala
0,G4,0.108,04192026,Parent_Pdat dat,Parent,Pdat dat,CDM19 - ala
0,G5,0.114,04192026,Parent_PpepV dat,Parent,PpepV dat,CDM19 - ala
0,G6,0.112,04192026,Parent_alr1,Parent,alr1,CDM19 - ala
0,G7,0.109,04192026,dat::Tn,dat::Tn,None,CDM19 - ala
0,G8,0.108,04192026,dat::Tn_EV,dat::Tn,EV,CDM19 - ala
0,G9,0.098,04192026,dat::Tn_Pdat dat,dat::Tn,Pdat dat,CDM19 - ala
0,G10,0.111,04192026,dat::Tn_PpepV dat,dat::Tn,PpepV dat,CDM19 - ala
0,G11,0.109,04192026,dat::Tn_alr1,dat::Tn,alr1,CDM19 - ala
0,G12,0.11,04192026,Δalr1,Δalr1,None,CDM19 - ala
0,H1,0.086,04192026,NB,NB,None,CDM19 - ala
0,H2,0.11,04192026,Parent,Parent,None,CDM19 - ala
0,H3,0.108,04192026,Parent_EV,Parent,EV,CDM19 - ala
0,H4,0.107,04192026,Parent_Pdat dat,Parent,Pdat dat,CDM19 - ala
0,H5,0.113,04192026,Parent_PpepV dat,Parent,PpepV dat,CDM19 - ala
0,H6,0.112,04192026,Parent_alr1,Parent,alr1,CDM19 - ala
0,H7,0.109,04192026,dat::Tn,dat::Tn,None,CDM19 - ala
0,H8,0.107,04192026,dat::Tn_EV,dat::Tn,EV,CDM19 - ala
0,H9,0.106,04192026,dat::Tn_Pdat dat,dat::Tn,Pdat dat,CDM19 - ala
0,H10,0.111,04192026,dat::Tn_PpepV dat,dat::Tn,PpepV dat,CDM19 - ala
0,H11,0.112,04192026,dat::Tn_alr1,dat::Tn,alr1,CDM19 - ala
0,H12,0.113,04192026,Δalr1,Δalr1,None,CDM19 - ala
1,A1,0.087,04192026,NB,NB,None,CDM20
1,A2,0.119,04192026,Parent,Parent,None,CDM20
1,A3,0.114,04192026,Parent_EV,Parent,EV,CDM20
1,A4,0.118,04192026,Parent_Pdat dat,Parent,Pdat dat,CDM20
1,A5,0.121,04192026,Parent_PpepV dat,Parent,PpepV dat,CDM20
1,A6,0.116,04192026,Parent_alr1,Parent,alr1,CDM20
1,A7,0.118,04192026,dat::Tn,dat::Tn,None,CDM20
1,A8,0.114,04192026,dat::Tn_EV,dat::Tn,EV,CDM20
1,A9,0.114,04192026,dat::Tn_Pdat dat,dat::Tn,Pdat dat,CDM20
1,A10,0.116,04192026,dat::Tn_PpepV dat,dat::Tn,PpepV dat,CDM20
1,A11,0.116,04192026,dat::Tn_alr1,dat::Tn,alr1,CDM20
1,A12,0.118,04192026,Δalr1,Δalr1,None,CDM20
1,B1,0.086,04192026,NB,NB,None,CDM20
1,B2,0.12,04192026,Parent,Parent,None,CDM20
1,B3,0.111,04192026,Parent_EV,Parent,EV,CDM20
1,B4,0.116,04192026,Parent_Pdat dat,Parent,Pdat dat,CDM20
1,B5,0.119,04192026,Parent_PpepV dat,Parent,PpepV dat,CDM20
1,B6,0.114,04192026,Parent_alr1,Parent,alr1,CDM20
1,B7,0.118,04192026,dat::Tn,dat::Tn,None,CDM20
1,B8,0.117,04192026,dat::Tn_EV,dat::Tn,EV,CDM20
1,B9,0.115,04192026,dat::Tn_Pdat dat,dat::Tn,Pdat dat,CDM20
1,B10,0.116,04192026,dat::Tn_PpepV dat,dat::Tn,PpepV dat,CDM20
1,B11,0.116,04192026,dat::Tn_alr1,dat::Tn,alr1,CDM20
1,B12,0.117,04192026,Δalr1,Δalr1,None,CDM20
1,C1,0.116,04192026,Δalr1_EV,Δalr1,EV,CDM20
1,C2,0.115,04192026,Δalr1_alr1,Δalr1,alr1,CDM20
1,C3,0.094,04192026,NB,NB,None,TSB
1,C4,0.215,04192026,Parent,Parent,None,TSB
1,C5,0.229,04192026,Parent_EV,Parent,EV,TSB
1,C6,0.222,04192026,Parent_Pdat dat,Parent,Pdat dat,TSB
1,C7,0.225,04192026,Parent_PpepV dat,Parent,PpepV dat,TSB
1,C8,0.224,04192026,Parent_alr1,Parent,alr1,TSB
1,C9,0.2,04192026,dat::Tn,dat::Tn,None,TSB
1,C10,0.181,04192026,dat::Tn_EV,dat::Tn,EV,TSB
1,C11,0.171,04192026,dat::Tn_Pdat dat,dat::Tn,Pdat dat,TSB
1,C12,0.169,04192026,dat::Tn_PpepV dat,dat::Tn,PpepV dat,TSB
1,D1,0.11,04192026,Δalr1_EV,Δalr1,EV,CDM20
1,D2,0.11,04192026,Δalr1_alr1,Δalr1,alr1,CDM20
1,D3,0.092,04192026,NB,NB,None,TSB
1,D4,0.229,04192026,Parent,Parent,None,TSB
1,D5,0.206,04192026,Parent_EV,Parent,EV,TSB
1,D6,0.218,04192026,Parent_Pdat dat,Parent,Pdat dat,TSB
1,D7,0.222,04192026,Parent_PpepV dat,Parent,PpepV dat,TSB
1,D8,0.222,04192026,Parent_alr1,Parent,alr1,TSB
1,D9,0.209,04192026,dat::Tn,dat::Tn,None,TSB
1,D10,0.214,04192026,dat::Tn_EV,dat::Tn,EV,TSB
1,D11,0.206,04192026,dat::Tn_Pdat dat,dat::Tn,Pdat dat,TSB
1,D12,0.179,04192026,dat::Tn_PpepV dat,dat::Tn,PpepV dat,TSB
1,E1,0.12,04192026,Δalr1_EV,Δalr1,EV,CDM19 - ala
1,E2,0.112,04192026,Δalr1_alr1,Δalr1,alr1,CDM19 - ala
1,E3,0.202,04192026,dat::Tn_alr1,dat::Tn,alr1,TSB
1,E4,0.19,04192026,Δalr1,Δalr1,None,TSB
1,E5,0.179,04192026,Δalr1_EV,Δalr1,EV,TSB
1,E6,0.201,04192026,Δalr1_alr1,Δalr1,alr1,TSB
1,F1,0.109,04192026,Δalr1_EV,Δalr1,EV,CDM19 - ala
1,F2,0.116,04192026,Δalr1_alr1,Δalr1,alr1,CDM19 - ala
1,F3,0.22,04192026,dat::Tn_alr1,dat::Tn,alr1,TSB
1,F4,0.175,04192026,Δalr1,Δalr1,None,TSB
1,F5,0.199,04192026,Δalr1_EV,Δalr1,EV,TSB
1,F6,0.214,04192026,Δalr1_alr1,Δalr1,alr1,TSB
1,G1,0.087,04192026,NB,NB,None,CDM19 - ala
1,G2,0.113,04192026,Parent,Parent,None,CDM19 - ala
1,G3,0.105,04192026,Parent_EV,Parent,EV,CDM19 - ala
1,G4,0.111,04192026,Parent_Pdat dat,Parent,Pdat dat,CDM19 - ala
1,G5,0.119,04192026,Parent_PpepV dat,Parent,PpepV dat,CDM19 - ala
1,G6,0.115,04192026,Parent_alr1,Parent,alr1,CDM19 - ala
1,G7,0.112,04192026,dat::Tn,dat::Tn,None,CDM19 - ala
1,G8,0.11,04192026,dat::Tn_EV,dat::Tn,EV,CDM19 - ala
1,G9,0.099,04192026,dat::Tn_Pdat dat,dat::Tn,Pdat dat,CDM19 - ala
1,G10,0.116,04192026,dat::Tn_PpepV dat,dat::Tn,PpepV dat,CDM19 - ala
1,G11,0.111,04192026,dat::Tn_alr1,dat::Tn,alr1,CDM19 - ala
1,G12,0.113,04192026,Δalr1,Δalr1,None,CDM19 - ala
1,H1,0.086,04192026,NB,NB,None,CDM19 - ala
1,H2,0.113,04192026,Parent,Parent,None,CDM19 - ala
1,H3,0.11,04192026,Parent_EV,Parent,EV,CDM19 - ala
1,H4,0.11,04192026,Parent_Pdat dat,Parent,Pdat dat,CDM19 - ala
1,H5,0.118,04192026,Parent_PpepV dat,Parent,PpepV dat,CDM19 - ala
1,H6,0.115,04192026,Parent_alr1,Parent,alr1,CDM19 - ala
1,H7,0.111,04192026,dat::Tn,dat::Tn,None,CDM19 - ala
1,H8,0.109,04192026,dat::Tn_EV,dat::Tn,EV,CDM19 - ala
1,H9,0.108,04192026,dat::Tn_Pdat dat,dat::Tn,Pdat dat,CDM19 - ala
1,H10,0.116,04192026,dat::Tn_PpepV dat,dat::Tn,PpepV dat,CDM19 - ala
1,H11,0.114,04192026,dat::Tn_alr1,dat::Tn,alr1,CDM19 - ala
1,H12,0.118,04192026,Δalr1,Δalr1,None,CDM19 - ala
2,A1,0.087,04192026,NB,NB,None,CDM20
2,A2,0.128,04192026,Parent,Parent,None,CDM20
2,A3,0.124,04192026,Parent_EV,Parent,EV,CDM20
2,A4,0.126,04192026,Parent_Pdat dat,Parent,Pdat dat,CDM20
2,A5,0.13,04192026,Parent_PpepV dat,Parent,PpepV dat,CDM20
2,A6,0.124,04192026,Parent_alr1,Parent,alr1,CDM20
2,A7,0.127,04192026,dat::Tn,dat::Tn,None,CDM20
2,A8,0.122,04192026,dat::Tn_EV,dat::Tn,EV,CDM20
2,A9,0.121,04192026,dat::Tn_Pdat dat,dat::Tn,Pdat dat,CDM20
2,A10,0.122,04192026,dat::Tn_PpepV dat,dat::Tn,PpepV dat,CDM20
2,A11,0.124,04192026,dat::Tn_alr1,dat::Tn,alr1,CDM20
2,A12,0.125,04192026,Δalr1,Δalr1,None,CDM20
2,B1,0.086,04192026,NB,NB,None,CDM20
2,B2,0.13,04192026,Parent,Parent,None,CDM20
2,B3,0.121,04192026,Parent_EV,Parent,EV,CDM20
2,B4,0.124,04192026,Parent_Pdat dat,Parent,Pdat dat,CDM20
2,B5,0.128,04192026,Parent_PpepV dat,Parent,PpepV dat,CDM20
2,B6,0.122,04192026,Parent_alr1,Parent,alr1,CDM20
2,B7,0.127,04192026,dat::Tn,dat::Tn,None,CDM20
2,B8,0.124,04192026,dat::Tn_EV,dat::Tn,EV,CDM20
2,B9,0.123,04192026,dat::Tn_Pdat dat,dat::Tn,Pdat dat,CDM20
2,B10,0.123,04192026,dat::Tn_PpepV dat,dat::Tn,PpepV dat,CDM20
2,B11,0.124,04192026,dat::Tn_alr1,dat::Tn,alr1,CDM20
2,B12,0.123,04192026,Δalr1,Δalr1,None,CDM20
2,C1,0.12,04192026,Δalr1_EV,Δalr1,EV,CDM20
2,C2,0.119,04192026,Δalr1_alr1,Δalr1,alr1,CDM20
2,C3,0.094,04192026,NB,NB,None,TSB
2,C4,0.413,04192026,Parent,Parent,None,TSB
2,C5,0.412,04192026,Parent_EV,Parent,EV,TSB
2,C6,0.399,04192026,Parent_Pdat dat,Parent,Pdat dat,TSB
2,C7,0.436,04192026,Parent_PpepV dat,Parent,PpepV dat,TSB
2,C8,0.429,04192026,Parent_alr1,Parent,alr1,TSB
2,C9,0.403,04192026,dat::Tn,dat::Tn,None,TSB
2,C10,0.35,04192026,dat::Tn_EV,dat::Tn,EV,TSB
2,C11,0.336,04192026,dat::Tn_Pdat dat,dat::Tn,Pdat dat,TSB
2,C12,0.308,04192026,dat::Tn_PpepV dat,dat::Tn,PpepV dat,TSB
2,D1,0.114,04192026,Δalr1_EV,Δalr1,EV,CDM20
2,D2,0.115,04192026,Δalr1_alr1,Δalr1,alr1,CDM20
2,D3,0.092,04192026,NB,NB,None,TSB
2,D4,0.439,04192026,Parent,Parent,None,TSB
2,D5,0.404,04192026,Parent_EV,Parent,EV,TSB
2,D6,0.434,04192026,Parent_Pdat dat,Parent,Pdat dat,TSB
2,D7,0.438,04192026,Parent_PpepV dat,Parent,PpepV dat,TSB
2,D8,0.441,04192026,Parent_alr1,Parent,alr1,TSB
2,D9,0.422,04192026,dat::Tn,dat::Tn,None,TSB
2,D10,0.422,04192026,dat::Tn_EV,dat::Tn,EV,TSB
2,D11,0.391,04192026,dat::Tn_Pdat dat,dat::Tn,Pdat dat,TSB
2,D12,0.326,04192026,dat::Tn_PpepV dat,dat::Tn,PpepV dat,TSB
2,E1,0.124,04192026,Δalr1_EV,Δalr1,EV,CDM19 - ala
2,E2,0.115,04192026,Δalr1_alr1,Δalr1,alr1,CDM19 - ala
2,E3,0.403,04192026,dat::Tn_alr1,dat::Tn,alr1,TSB
2,E4,0.344,04192026,Δalr1,Δalr1,None,TSB
2,E5,0.349,04192026,Δalr1_EV,Δalr1,EV,TSB
2,E6,0.414,04192026,Δalr1_alr1,Δalr1,alr1,TSB
2,F1,0.111,04192026,Δalr1_EV,Δalr1,EV,CDM19 - ala
2,F2,0.12,04192026,Δalr1_alr1,Δalr1,alr1,CDM19 - ala
2,F3,0.452,04192026,dat::Tn_alr1,dat::Tn,alr1,TSB
2,F4,0.304,04192026,Δalr1,Δalr1,None,TSB
2,F5,0.371,04192026,Δalr1_EV,Δalr1,EV,TSB
2,F6,0.435,04192026,Δalr1_alr1,Δalr1,alr1,TSB
2,G1,0.087,04192026,NB,NB,None,CDM19 - ala
2,G2,0.116,04192026,Parent,Parent,None,CDM19 - ala
2,G3,0.109,04192026,Parent_EV,Parent,EV,CDM19 - ala
2,G4,0.114,04192026,Parent_Pdat dat,Parent,Pdat dat,CDM19 - ala
2,G5,0.126,04192026,Parent_PpepV dat,Parent,PpepV dat,CDM19 - ala
2,G6,0.119,04192026,Parent_alr1,Parent,alr1,CDM19 - ala
2,G7,0.113,04192026,dat::Tn,dat::Tn,None,CDM19 - ala
2,G8,0.112,04192026,dat::Tn_EV,dat::Tn,EV,CDM19 - ala
2,G9,0.1,04192026,dat::Tn_Pdat dat,dat::Tn,Pdat dat,CDM19 - ala
2,G10,0.121,04192026,dat::Tn_PpepV dat,dat::Tn,PpepV dat,CDM19 - ala
2,G11,0.113,04192026,dat::Tn_alr1,dat::Tn,alr1,CDM19 - ala
2,G12,0.118,04192026,Δalr1,Δalr1,None,CDM19 - ala
2,H1,0.087,04192026,NB,NB,None,CDM19 - ala
2,H2,0.117,04192026,Parent,Parent,None,CDM19 - ala
2,H3,0.115,04192026,Parent_EV,Parent,EV,CDM19 - ala
2,H4,0.114,04192026,Parent_Pdat dat,Parent,Pdat dat,CDM19 - ala
2,H5,0.125,04192026,Parent_PpepV dat,Parent,PpepV dat,CDM19 - ala
2,H6,0.118,04192026,Parent_alr1,Parent,alr1,CDM19 - ala
2,H7,0.113,04192026,dat::Tn,dat::Tn,None,CDM19 - ala
2,H8,0.111,04192026,dat::Tn_EV,dat::Tn,EV,CDM19 - ala
2,H9,0.11,04192026,dat::Tn_Pdat dat,dat::Tn,Pdat dat,CDM19 - ala
2,H10,0.122,04192026,dat::Tn_PpepV dat,dat::Tn,PpepV dat,CDM19 - ala
2,H11,0.116,04192026,dat::Tn_alr1,dat::Tn,alr1,CDM19 - ala
2,H12,0.123,04192026,Δalr1,Δalr1,None,CDM19 - ala
3,A1,0.087,04192026,NB,NB,None,CDM20
3,A2,0.146,04192026,Parent,Parent,None,CDM20
3,A3,0.147,04192026,Parent_EV,Parent,EV,CDM20
3,A4,0.143,04192026,Parent_Pdat dat,Parent,Pdat dat,CDM20
3,A5,0.149,04192026,Parent_PpepV dat,Parent,PpepV dat,CDM20
3,A6,0.14,04192026,Parent_alr1,Parent,alr1,CDM20
3,A7,0.145,04192026,dat::Tn,dat::Tn,None,CDM20
3,A8,0.136,04192026,dat::Tn_EV,dat::Tn,EV,CDM20
3,A9,0.136,04192026,dat::Tn_Pdat dat,dat::Tn,Pdat dat,CDM20
3,A10,0.132,04192026,dat::Tn_PpepV dat,dat::Tn,PpepV dat,CDM20
3,A11,0.139,04192026,dat::Tn_alr1,dat::Tn,alr1,CDM20
3,A12,0.136,04192026,Δalr1,Δalr1,None,CDM20
3,B1,0.087,04192026,NB,NB,None,CDM20
3,B2,0.148,04192026,Parent,Parent,None,CDM20
3,B3,0.142,04192026,Parent_EV,Parent,EV,CDM20
3,B4,0.141,04192026,Parent_Pdat dat,Parent,Pdat dat,CDM20
3,B5,0.147,04192026,Parent_PpepV dat,Parent,PpepV dat,CDM20
3,B6,0.138,04192026,Parent_alr1,Parent,alr1,CDM20
3,B7,0.147,04192026,dat::Tn,dat::Tn,None,CDM20
3,B8,0.14,04192026,dat::Tn_EV,dat::Tn,EV,CDM20
3,B9,0.14,04192026,dat::Tn_Pdat dat,dat::Tn,Pdat dat,CDM20
3,B10,0.135,04192026,dat::Tn_PpepV dat,dat::Tn,PpepV dat,CDM20
3,B11,0.14,04192026,dat::Tn_alr1,dat::Tn,alr1,CDM20
3,B12,0.136,04192026,Δalr1,Δalr1,None,CDM20
3,C1,0.128,04192026,Δalr1_EV,Δalr1,EV,CDM20
3,C2,0.127,04192026,Δalr1_alr1,Δalr1,alr1,CDM20
3,C3,0.094,04192026,NB,NB,None,TSB
3,C4,0.743,04192026,Parent,Parent,None,TSB
3,C5,0.844,04192026,Parent_EV,Parent,EV,TSB
3,C6,0.786,04192026,Parent_Pdat dat,Parent,Pdat dat,TSB
3,C7,0.829,04192026,Parent_PpepV dat,Parent,PpepV dat,TSB
3,C8,0.803,04192026,Parent_alr1,Parent,alr1,TSB
3,C9,0.811,04192026,dat::Tn,dat::Tn,None,TSB
3,C10,0.737,04192026,dat::Tn_EV,dat::Tn,EV,TSB
3,C11,0.73,04192026,dat::Tn_Pdat dat,dat::Tn,Pdat dat,TSB
3,C12,0.578,04192026,dat::Tn_PpepV dat,dat::Tn,PpepV dat,TSB
3,D1,0.12,04192026,Δalr1_EV,Δalr1,EV,CDM20
3,D2,0.124,04192026,Δalr1_alr1,Δalr1,alr1,CDM20
3,D3,0.092,04192026,NB,NB,None,TSB
3,D4,0.808,04192026,Parent,Parent,None,TSB
3,D5,0.81,04192026,Parent_EV,Parent,EV,TSB
3,D6,0.829,04192026,Parent_Pdat dat,Parent,Pdat dat,TSB
3,D7,0.846,04192026,Parent_PpepV dat,Parent,PpepV dat,TSB
3,D8,0.845,04192026,Parent_alr1,Parent,alr1,TSB
3,D9,0.857,04192026,dat::Tn,dat::Tn,None,TSB
3,D10,0.868,04192026,dat::Tn_EV,dat::Tn,EV,TSB
3,D11,0.803,04192026,dat::Tn_Pdat dat,dat::Tn,Pdat dat,TSB
3,D12,0.644,04192026,dat::Tn_PpepV dat,dat::Tn,PpepV dat,TSB
3,E1,0.13,04192026,Δalr1_EV,Δalr1,EV,CDM19 - ala
3,E2,0.119,04192026,Δalr1_alr1,Δalr1,alr1,CDM19 - ala
3,E3,0.812,04192026,dat::Tn_alr1,dat::Tn,alr1,TSB
3,E4,0.585,04192026,Δalr1,Δalr1,None,TSB
3,E5,0.674,04192026,Δalr1_EV,Δalr1,EV,TSB
3,E6,0.835,04192026,Δalr1_alr1,Δalr1,alr1,TSB
3,F1,0.114,04192026,Δalr1_EV,Δalr1,EV,CDM19 - ala
3,F2,0.126,04192026,Δalr1_alr1,Δalr1,alr1,CDM19 - ala
3,F3,0.839,04192026,dat::Tn_alr1,dat::Tn,alr1,TSB
3,F4,0.547,04192026,Δalr1,Δalr1,None,TSB
3,F5,0.719,04192026,Δalr1_EV,Δalr1,EV,TSB
3,F6,0.839,04192026,Δalr1_alr1,Δalr1,alr1,TSB
3,G1,0.087,04192026,NB,NB,None,CDM19 - ala
3,G2,0.121,04192026,Parent,Parent,None,CDM19 - ala
3,G3,0.113,04192026,Parent_EV,Parent,EV,CDM19 - ala
3,G4,0.117,04192026,Parent_Pdat dat,Parent,Pdat dat,CDM19 - ala
3,G5,0.14,04192026,Parent_PpepV dat,Parent,PpepV dat,CDM19 - ala
3,G6,0.124,04192026,Parent_alr1,Parent,alr1,CDM19 - ala
3,G7,0.116,04192026,dat::Tn,dat::Tn,None,CDM19 - ala
3,G8,0.115,04192026,dat::Tn_EV,dat::Tn,EV,CDM19 - ala
3,G9,0.1,04192026,dat::Tn_Pdat dat,dat::Tn,Pdat dat,CDM19 - ala
3,G10,0.13,04192026,dat::Tn_PpepV dat,dat::Tn,PpepV dat,CDM19 - ala
3,G11,0.116,04192026,dat::Tn_alr1,dat::Tn,alr1,CDM19 - ala
3,G12,0.123,04192026,Δalr1,Δalr1,None,CDM19 - ala
3,H1,0.087,04192026,NB,NB,None,CDM19 - ala
3,H2,0.121,04192026,Parent,Parent,None,CDM19 - ala
3,H3,0.119,04192026,Parent_EV,Parent,EV,CDM19 - ala
3,H4,0.117,04192026,Parent_Pdat dat,Parent,Pdat dat,CDM19 - ala
3,H5,0.138,04192026,Parent_PpepV dat,Parent,PpepV dat,CDM19 - ala
3,H6,0.123,04192026,Parent_alr1,Parent,alr1,CDM19 - ala
3,H7,0.115,04192026,dat::Tn,dat::Tn,None,CDM19 - ala
3,H8,0.112,04192026,dat::Tn_EV,dat::Tn,EV,CDM19 - ala
3,H9,0.112,04192026,dat::Tn_Pdat dat,dat::Tn,Pdat dat,CDM19 - ala
3,H10,0.13,04192026,dat::Tn_PpepV dat,dat::Tn,PpepV dat,CDM19 - ala
3,H11,0.118,04192026,dat::Tn_alr1,dat::Tn,alr1,CDM19 - ala
3,H12,0.128,04192026,Δalr1,Δalr1,None,CDM19 - ala
4,A1,0.087,04192026,NB,NB,None,CDM20
4,A2,0.205,04192026,Parent,Parent,None,CDM20
4,A3,0.238,04192026,Parent_EV,Parent,EV,CDM20
4,A4,0.193,04192026,Parent_Pdat dat,Parent,Pdat dat,CDM20
4,A5,0.206,04192026,Parent_PpepV dat,Parent,PpepV dat,CDM20
4,A6,0.187,04192026,Parent_alr1,Parent,alr1,CDM20
4,A7,0.2,04192026,dat::Tn,dat::Tn,None,CDM20
4,A8,0.179,04192026,dat::Tn_EV,dat::Tn,EV,CDM20
4,A9,0.183,04192026,dat::Tn_Pdat dat,dat::Tn,Pdat dat,CDM20
4,A10,0.155,04192026,dat::Tn_PpepV dat,dat::Tn,PpepV dat,CDM20
4,A11,0.178,04192026,dat::Tn_alr1,dat::Tn,alr1,CDM20
4,A12,0.164,04192026,Δalr1,Δalr1,None,CDM20
4,B1,0.087,04192026,NB,NB,None,CDM20
4,B2,0.208,04192026,Parent,Parent,None,CDM20
4,B3,0.223,04192026,Parent_EV,Parent,EV,CDM20
4,B4,0.198,04192026,Parent_Pdat dat,Parent,Pdat dat,CDM20
4,B5,0.21,04192026,Parent_PpepV dat,Parent,PpepV dat,CDM20
4,B6,0.191,04192026,Parent_alr1,Parent,alr1,CDM20
4,B7,0.21,04192026,dat::Tn,dat::Tn,None,CDM20
4,B8,0.194,04192026,dat::Tn_EV,dat::Tn,EV,CDM20
4,B9,0.203,04192026,dat::Tn_Pdat dat,dat::Tn,Pdat dat,CDM20
4,B10,0.168,04192026,dat::Tn_PpepV dat,dat::Tn,PpepV dat,CDM20
4,B11,0.188,04192026,dat::Tn_alr1,dat::Tn,alr1,CDM20
4,B12,0.168,04192026,Δalr1,Δalr1,None,CDM20
4,C1,0.149,04192026,Δalr1_EV,Δalr1,EV,CDM20
4,C2,0.15,04192026,Δalr1_alr1,Δalr1,alr1,CDM20
4,C3,0.093,04192026,NB,NB,None,TSB
4,C4,1.048,04192026,Parent,Parent,None,TSB
4,C5,1.135,04192026,Parent_EV,Parent,EV,TSB
4,C6,1.076,04192026,Parent_Pdat dat,Parent,Pdat dat,TSB
4,C7,1.178,04192026,Parent_PpepV dat,Parent,PpepV dat,TSB
4,C8,1.148,04192026,Parent_alr1,Parent,alr1,TSB
4,C9,1.23,04192026,dat::Tn,dat::Tn,None,TSB
4,C10,1.19,04192026,dat::Tn_EV,dat::Tn,EV,TSB
4,C11,1.162,04192026,dat::Tn_Pdat dat,dat::Tn,Pdat dat,TSB
4,C12,0.93,04192026,dat::Tn_PpepV dat,dat::Tn,PpepV dat,TSB
4,D1,0.136,04192026,Δalr1_EV,Δalr1,EV,CDM20
4,D2,0.152,04192026,Δalr1_alr1,Δalr1,alr1,CDM20
4,D3,0.092,04192026,NB,NB,None,TSB
4,D4,1.185,04192026,Parent,Parent,None,TSB
4,D5,1.179,04192026,Parent_EV,Parent,EV,TSB
4,D6,1.207,04192026,Parent_Pdat dat,Parent,Pdat dat,TSB
4,D7,1.194,04192026,Parent_PpepV dat,Parent,PpepV dat,TSB
4,D8,1.197,04192026,Parent_alr1,Parent,alr1,TSB
4,D9,1.291,04192026,dat::Tn,dat::Tn,None,TSB
4,D10,1.291,04192026,dat::Tn_EV,dat::Tn,EV,TSB
4,D11,1.159,04192026,dat::Tn_Pdat dat,dat::Tn,Pdat dat,TSB
4,D12,1.018,04192026,dat::Tn_PpepV dat,dat::Tn,PpepV dat,TSB
4,E1,0.137,04192026,Δalr1_EV,Δalr1,EV,CDM19 - ala
4,E2,0.124,04192026,Δalr1_alr1,Δalr1,alr1,CDM19 - ala
4,E3,1.234,04192026,dat::Tn_alr1,dat::Tn,alr1,TSB
4,E4,0.847,04192026,Δalr1,Δalr1,None,TSB
4,E5,1.089,04192026,Δalr1_EV,Δalr1,EV,TSB
4,E6,1.177,04192026,Δalr1_alr1,Δalr1,alr1,TSB
4,F1,0.117,04192026,Δalr1_EV,Δalr1,EV,CDM19 - ala
4,F2,0.133,04192026,Δalr1_alr1,Δalr1,alr1,CDM19 - ala
4,F3,1.245,04192026,dat::Tn_alr1,dat::Tn,alr1,TSB
4,F4,0.844,04192026,Δalr1,Δalr1,None,TSB
4,F5,1.1,04192026,Δalr1_EV,Δalr1,EV,TSB
4,F6,1.2,04192026,Δalr1_alr1,Δalr1,alr1,TSB
4,G1,0.087,04192026,NB,NB,None,CDM19 - ala
4,G2,0.129,04192026,Parent,Parent,None,CDM19 - ala
4,G3,0.119,04192026,Parent_EV,Parent,EV,CDM19 - ala
4,G4,0.124,04192026,Parent_Pdat dat,Parent,Pdat dat,CDM19 - ala
4,G5,0.176,04192026,Parent_PpepV dat,Parent,PpepV dat,CDM19 - ala
4,G6,0.134,04192026,Parent_alr1,Parent,alr1,CDM19 - ala
4,G7,0.118,04192026,dat::Tn,dat::Tn,None,CDM19 - ala
4,G8,0.117,04192026,dat::Tn_EV,dat::Tn,EV,CDM19 - ala
4,G9,0.101,04192026,dat::Tn_Pdat dat,dat::Tn,Pdat dat,CDM19 - ala
4,G10,0.148,04192026,dat::Tn_PpepV dat,dat::Tn,PpepV dat,CDM19 - ala
4,G11,0.118,04192026,dat::Tn_alr1,dat::Tn,alr1,CDM19 - ala
4,G12,0.128,04192026,Δalr1,Δalr1,None,CDM19 - ala
4,H1,0.087,04192026,NB,NB,None,CDM19 - ala
4,H2,0.128,04192026,Parent,Parent,None,CDM19 - ala
4,H3,0.126,04192026,Parent_EV,Parent,EV,CDM19 - ala
4,H4,0.124,04192026,Parent_Pdat dat,Parent,Pdat dat,CDM19 - ala
4,H5,0.172,04192026,Parent_PpepV dat,Parent,PpepV dat,CDM19 - ala
4,H6,0.131,04192026,Parent_alr1,Parent,alr1,CDM19 - ala
4,H7,0.117,04192026,dat::Tn,dat::Tn,None,CDM19 - ala
4,H8,0.114,04192026,dat::Tn_EV,dat::Tn,EV,CDM19 - ala
4,H9,0.113,04192026,dat::Tn_Pdat dat,dat::Tn,Pdat dat,CDM19 - ala
4,H10,0.148,04192026,dat::Tn_PpepV dat,dat::Tn,PpepV dat,CDM19 - ala
4,H11,0.12,04192026,dat::Tn_alr1,dat::Tn,alr1,CDM19 - ala
4,H12,0.132,04192026,Δalr1,Δalr1,None,CDM19 - ala
5,A1,0.087,04192026,NB,NB,None,CDM20
5,A2,0.359,04192026,Parent,Parent,None,CDM20
5,A3,0.465,04192026,Parent_EV,Parent,EV,CDM20
5,A4,0.333,04192026,Parent_Pdat dat,Parent,Pdat dat,CDM20
5,A5,0.353,04192026,Parent_PpepV dat,Parent,PpepV dat,CDM20
5,A6,0.323,04192026,Parent_alr1,Parent,alr1,CDM20
5,A7,0.341,04192026,dat::Tn,dat::Tn,None,CDM20
5,A8,0.304,04192026,dat::Tn_EV,dat::Tn,EV,CDM20
5,A9,0.332,04192026,dat::Tn_Pdat dat,dat::Tn,Pdat dat,CDM20
5,A10,0.246,04192026,dat::Tn_PpepV dat,dat::Tn,PpepV dat,CDM20
5,A11,0.289,04192026,dat::Tn_alr1,dat::Tn,alr1,CDM20
5,A12,0.248,04192026,Δalr1,Δalr1,None,CDM20
5,B1,0.087,04192026,NB,NB,None,CDM20
5,B2,0.371,04192026,Parent,Parent,None,CDM20
5,B3,0.461,04192026,Parent_EV,Parent,EV,CDM20
5,B4,0.368,04192026,Parent_Pdat dat,Parent,Pdat dat,CDM20
5,B5,0.384,04192026,Parent_PpepV dat,Parent,PpepV dat,CDM20
5,B6,0.366,04192026,Parent_alr1,Parent,alr1,CDM20
5,B7,0.373,04192026,dat::Tn,dat::Tn,None,CDM20
5,B8,0.347,04192026,dat::Tn_EV,dat::Tn,EV,CDM20
5,B9,0.379,04192026,dat::Tn_Pdat dat,dat::Tn,Pdat dat,CDM20
5,B10,0.294,04192026,dat::Tn_PpepV dat,dat::Tn,PpepV dat,CDM20
5,B11,0.323,04192026,dat::Tn_alr1,dat::Tn,alr1,CDM20
5,B12,0.264,04192026,Δalr1,Δalr1,None,CDM20
5,C1,0.25,04192026,Δalr1_EV,Δalr1,EV,CDM20
5,C2,0.252,04192026,Δalr1_alr1,Δalr1,alr1,CDM20
5,C3,0.093,04192026,NB,NB,None,TSB
5,C4,1.244,04192026,Parent,Parent,None,TSB
5,C5,1.289,04192026,Parent_EV,Parent,EV,TSB
5,C6,1.245,04192026,Parent_Pdat dat,Parent,Pdat dat,TSB
5,C7,1.363,04192026,Parent_PpepV dat,Parent,PpepV dat,TSB
5,C8,1.373,04192026,Parent_alr1,Parent,alr1,TSB
5,C9,1.467,04192026,dat::Tn,dat::Tn,None,TSB
5,C10,1.427,04192026,dat::Tn_EV,dat::Tn,EV,TSB
5,C11,1.435,04192026,dat::Tn_Pdat dat,dat::Tn,Pdat dat,TSB
5,C12,1.155,04192026,dat::Tn_PpepV dat,dat::Tn,PpepV dat,TSB
5,D1,0.227,04192026,Δalr1_EV,Δalr1,EV,CDM20
5,D2,0.29,04192026,Δalr1_alr1,Δalr1,alr1,CDM20
5,D3,0.092,04192026,NB,NB,None,TSB
5,D4,1.386,04192026,Parent,Parent,None,TSB
5,D5,1.384,04192026,Parent_EV,Parent,EV,TSB
5,D6,1.397,04192026,Parent_Pdat dat,Parent,Pdat dat,TSB
5,D7,1.375,04192026,Parent_PpepV dat,Parent,PpepV dat,TSB
5,D8,1.405,04192026,Parent_alr1,Parent,alr1,TSB
5,D9,1.489,04192026,dat::Tn,dat::Tn,None,TSB
5,D10,1.506,04192026,dat::Tn_EV,dat::Tn,EV,TSB
5,D11,1.405,04192026,dat::Tn_Pdat dat,dat::Tn,Pdat dat,TSB
5,D12,1.248,04192026,dat::Tn_PpepV dat,dat::Tn,PpepV dat,TSB
5,E1,0.143,04192026,Δalr1_EV,Δalr1,EV,CDM19 - ala
5,E2,0.132,04192026,Δalr1_alr1,Δalr1,alr1,CDM19 - ala
5,E3,1.444,04192026,dat::Tn_alr1,dat::Tn,alr1,TSB
5,E4,1.007,04192026,Δalr1,Δalr1,None,TSB
5,E5,1.255,04192026,Δalr1_EV,Δalr1,EV,TSB
5,E6,1.361,04192026,Δalr1_alr1,Δalr1,alr1,TSB
5,F1,0.119,04192026,Δalr1_EV,Δalr1,EV,CDM19 - ala
5,F2,0.141,04192026,Δalr1_alr1,Δalr1,alr1,CDM19 - ala
5,F3,1.453,04192026,dat::Tn_alr1,dat::Tn,alr1,TSB
5,F4,1.051,04192026,Δalr1,Δalr1,None,TSB
5,F5,1.275,04192026,Δalr1_EV,Δalr1,EV,TSB
5,F6,1.366,04192026,Δalr1_alr1,Δalr1,alr1,TSB
5,G1,0.087,04192026,NB,NB,None,CDM19 - ala
5,G2,0.144,04192026,Parent,Parent,None,CDM19 - ala
5,G3,0.132,04192026,Parent_EV,Parent,EV,CDM19 - ala
5,G4,0.136,04192026,Parent_Pdat dat,Parent,Pdat dat,CDM19 - ala
5,G5,0.288,04192026,Parent_PpepV dat,Parent,PpepV dat,CDM19 - ala
5,G6,0.151,04192026,Parent_alr1,Parent,alr1,CDM19 - ala
5,G7,0.12,04192026,dat::Tn,dat::Tn,None,CDM19 - ala
5,G8,0.119,04192026,dat::Tn_EV,dat::Tn,EV,CDM19 - ala
5,G9,0.101,04192026,dat::Tn_Pdat dat,dat::Tn,Pdat dat,CDM19 - ala
5,G10,0.212,04192026,dat::Tn_PpepV dat,dat::Tn,PpepV dat,CDM19 - ala
5,G11,0.121,04192026,dat::Tn_alr1,dat::Tn,alr1,CDM19 - ala
5,G12,0.134,04192026,Δalr1,Δalr1,None,CDM19 - ala
5,H1,0.087,04192026,NB,NB,None,CDM19 - ala
5,H2,0.141,04192026,Parent,Parent,None,CDM19 - ala
5,H3,0.14,04192026,Parent_EV,Parent,EV,CDM19 - ala
5,H4,0.134,04192026,Parent_Pdat dat,Parent,Pdat dat,CDM19 - ala
5,H5,0.267,04192026,Parent_PpepV dat,Parent,PpepV dat,CDM19 - ala
5,H6,0.145,04192026,Parent_alr1,Parent,alr1,CDM19 - ala
5,H7,0.119,04192026,dat::Tn,dat::Tn,None,CDM19 - ala
5,H8,0.115,04192026,dat::Tn_EV,dat::Tn,EV,CDM19 - ala
5,H9,0.115,04192026,dat::Tn_Pdat dat,dat::Tn,Pdat dat,CDM19 - ala
5,H10,0.208,04192026,dat::Tn_PpepV dat,dat::Tn,PpepV dat,CDM19 - ala
5,H11,0.123,04192026,dat::Tn_alr1,dat::Tn,alr1,CDM19 - ala
5,H12,0.137,04192026,Δalr1,Δalr1,None,CDM19 - ala
6,A1,0.087,04192026,NB,NB,None,CDM20
6,A2,0.515,04192026,Parent,Parent,None,CDM20
6,A3,0.642,04192026,Parent_EV,Parent,EV,CDM20
6,A4,0.48,04192026,Parent_Pdat dat,Parent,Pdat dat,CDM20
6,A5,0.502,04192026,Parent_PpepV dat,Parent,PpepV dat,CDM20
6,A6,0.461,04192026,Parent_alr1,Parent,alr1,CDM20
6,A7,0.474,04192026,dat::Tn,dat::Tn,None,CDM20
6,A8,0.435,04192026,dat::Tn_EV,dat::Tn,EV,CDM20
6,A9,0.475,04192026,dat::Tn_Pdat dat,dat::Tn,Pdat dat,CDM20
6,A10,0.361,04192026,dat::Tn_PpepV dat,dat::Tn,PpepV dat,CDM20
6,A11,0.416,04192026,dat::Tn_alr1,dat::Tn,alr1,CDM20
6,A12,0.376,04192026,Δalr1,Δalr1,None,CDM20
6,B1,0.087,04192026,NB,NB,None,CDM20
6,B2,0.535,04192026,Parent,Parent,None,CDM20
6,B3,0.619,04192026,Parent_EV,Parent,EV,CDM20
6,B4,0.553,04192026,Parent_Pdat dat,Parent,Pdat dat,CDM20
6,B5,0.564,04192026,Parent_PpepV dat,Parent,PpepV dat,CDM20
6,B6,0.539,04192026,Parent_alr1,Parent,alr1,CDM20
6,B7,0.543,04192026,dat::Tn,dat::Tn,None,CDM20
6,B8,0.516,04192026,dat::Tn_EV,dat::Tn,EV,CDM20
6,B9,0.56,04192026,dat::Tn_Pdat dat,dat::Tn,Pdat dat,CDM20
6,B10,0.456,04192026,dat::Tn_PpepV dat,dat::Tn,PpepV dat,CDM20
6,B11,0.48,04192026,dat::Tn_alr1,dat::Tn,alr1,CDM20
6,B12,0.387,04192026,Δalr1,Δalr1,None,CDM20
6,C1,0.422,04192026,Δalr1_EV,Δalr1,EV,CDM20
6,C2,0.417,04192026,Δalr1_alr1,Δalr1,alr1,CDM20
6,C3,0.093,04192026,NB,NB,None,TSB
6,C4,1.348,04192026,Parent,Parent,None,TSB
6,C5,1.404,04192026,Parent_EV,Parent,EV,TSB
6,C6,1.345,04192026,Parent_Pdat dat,Parent,Pdat dat,TSB
6,C7,1.433,04192026,Parent_PpepV dat,Parent,PpepV dat,TSB
6,C8,1.476,04192026,Parent_alr1,Parent,alr1,TSB
6,C9,1.524,04192026,dat::Tn,dat::Tn,None,TSB
6,C10,1.502,04192026,dat::Tn_EV,dat::Tn,EV,TSB
6,C11,1.529,04192026,dat::Tn_Pdat dat,dat::Tn,Pdat dat,TSB
6,C12,1.312,04192026,dat::Tn_PpepV dat,dat::Tn,PpepV dat,TSB
6,D1,0.42,04192026,Δalr1_EV,Δalr1,EV,CDM20
6,D2,0.472,04192026,Δalr1_alr1,Δalr1,alr1,CDM20
6,D3,0.092,04192026,NB,NB,None,TSB
6,D4,1.451,04192026,Parent,Parent,None,TSB
6,D5,1.486,04192026,Parent_EV,Parent,EV,TSB
6,D6,1.465,04192026,Parent_Pdat dat,Parent,Pdat dat,TSB
6,D7,1.439,04192026,Parent_PpepV dat,Parent,PpepV dat,TSB
6,D8,1.488,04192026,Parent_alr1,Parent,alr1,TSB
6,D9,1.529,04192026,dat::Tn,dat::Tn,None,TSB
6,D10,1.548,04192026,dat::Tn_EV,dat::Tn,EV,TSB
6,D11,1.45,04192026,dat::Tn_Pdat dat,dat::Tn,Pdat dat,TSB
6,D12,1.36,04192026,dat::Tn_PpepV dat,dat::Tn,PpepV dat,TSB
6,E1,0.148,04192026,Δalr1_EV,Δalr1,EV,CDM19 - ala
6,E2,0.141,04192026,Δalr1_alr1,Δalr1,alr1,CDM19 - ala
6,E3,1.492,04192026,dat::Tn_alr1,dat::Tn,alr1,TSB
6,E4,1.066,04192026,Δalr1,Δalr1,None,TSB
6,E5,1.325,04192026,Δalr1_EV,Δalr1,EV,TSB
6,E6,1.432,04192026,Δalr1_alr1,Δalr1,alr1,TSB
6,F1,0.121,04192026,Δalr1_EV,Δalr1,EV,CDM19 - ala
6,F2,0.153,04192026,Δalr1_alr1,Δalr1,alr1,CDM19 - ala
6,F3,1.505,04192026,dat::Tn_alr1,dat::Tn,alr1,TSB
6,F4,1.137,04192026,Δalr1,Δalr1,None,TSB
6,F5,1.317,04192026,Δalr1_EV,Δalr1,EV,TSB
6,F6,1.432,04192026,Δalr1_alr1,Δalr1,alr1,TSB
6,G1,0.087,04192026,NB,NB,None,CDM19 - ala
6,G2,0.169,04192026,Parent,Parent,None,CDM19 - ala
6,G3,0.166,04192026,Parent_EV,Parent,EV,CDM19 - ala
6,G4,0.16,04192026,Parent_Pdat dat,Parent,Pdat dat,CDM19 - ala
6,G5,0.457,04192026,Parent_PpepV dat,Parent,PpepV dat,CDM19 - ala
6,G6,0.181,04192026,Parent_alr1,Parent,alr1,CDM19 - ala
6,G7,0.123,04192026,dat::Tn,dat::Tn,None,CDM19 - ala
6,G8,0.122,04192026,dat::Tn_EV,dat::Tn,EV,CDM19 - ala
6,G9,0.101,04192026,dat::Tn_Pdat dat,dat::Tn,Pdat dat,CDM19 - ala
6,G10,0.329,04192026,dat::Tn_PpepV dat,dat::Tn,PpepV dat,CDM19 - ala
6,G11,0.126,04192026,dat::Tn_alr1,dat::Tn,alr1,CDM19 - ala
6,G12,0.139,04192026,Δalr1,Δalr1,None,CDM19 - ala
6,H1,0.087,04192026,NB,NB,None,CDM19 - ala
6,H2,0.164,04192026,Parent,Parent,None,CDM19 - ala
6,H3,0.175,04192026,Parent_EV,Parent,EV,CDM19 - ala
6,H4,0.156,04192026,Parent_Pdat dat,Parent,Pdat dat,CDM19 - ala
6,H5,0.41,04192026,Parent_PpepV dat,Parent,PpepV dat,CDM19 - ala
6,H6,0.171,04192026,Parent_alr1,Parent,alr1,CDM19 - ala
6,H7,0.121,04192026,dat::Tn,dat::Tn,None,CDM19 - ala
6,H8,0.117,04192026,dat::Tn_EV,dat::Tn,EV,CDM19 - ala
6,H9,0.116,04192026,dat::Tn_Pdat dat,dat::Tn,Pdat dat,CDM19 - ala
6,H10,0.308,04192026,dat::Tn_PpepV dat,dat::Tn,PpepV dat,CDM19 - ala
6,H11,0.125,04192026,dat::Tn_alr1,dat::Tn,alr1,CDM19 - ala
6,H12,0.141,04192026,Δalr1,Δalr1,None,CDM19 - ala
7,A1,0.087,04192026,NB,NB,None,CDM20
7,A2,0.768,04192026,Parent,Parent,None,CDM20
7,A3,0.886,04192026,Parent_EV,Parent,EV,CDM20
7,A4,0.758,04192026,Parent_Pdat dat,Parent,Pdat dat,CDM20
7,A5,0.777,04192026,Parent_PpepV dat,Parent,PpepV dat,CDM20
7,A6,0.75,04192026,Parent_alr1,Parent,alr1,CDM20
7,A7,0.778,04192026,dat::Tn,dat::Tn,None,CDM20
7,A8,0.741,04192026,dat::Tn_EV,dat::Tn,EV,CDM20
7,A9,0.789,04192026,dat::Tn_Pdat dat,dat::Tn,Pdat dat,CDM20
7,A10,0.661,04192026,dat::Tn_PpepV dat,dat::Tn,PpepV dat,CDM20
7,A11,0.727,04192026,dat::Tn_alr1,dat::Tn,alr1,CDM20
7,A12,0.585,04192026,Δalr1,Δalr1,None,CDM20
7,B1,0.087,04192026,NB,NB,None,CDM20
7,B2,0.792,04192026,Parent,Parent,None,CDM20
7,B3,0.855,04192026,Parent_EV,Parent,EV,CDM20
7,B4,0.819,04192026,Parent_Pdat dat,Parent,Pdat dat,CDM20
7,B5,0.831,04192026,Parent_PpepV dat,Parent,PpepV dat,CDM20
7,B6,0.802,04192026,Parent_alr1,Parent,alr1,CDM20
7,B7,0.841,04192026,dat::Tn,dat::Tn,None,CDM20
7,B8,0.816,04192026,dat::Tn_EV,dat::Tn,EV,CDM20
7,B9,0.863,04192026,dat::Tn_Pdat dat,dat::Tn,Pdat dat,CDM20
7,B10,0.77,04192026,dat::Tn_PpepV dat,dat::Tn,PpepV dat,CDM20
7,B11,0.818,04192026,dat::Tn_alr1,dat::Tn,alr1,CDM20
7,B12,0.69,04192026,Δalr1,Δalr1,None,CDM20
7,C1,0.686,04192026,Δalr1_EV,Δalr1,EV,CDM20
7,C2,0.671,04192026,Δalr1_alr1,Δalr1,alr1,CDM20
7,C3,0.093,04192026,NB,NB,None,TSB
7,C4,1.41,04192026,Parent,Parent,None,TSB
7,C5,1.51,04192026,Parent_EV,Parent,EV,TSB
7,C6,1.443,04192026,Parent_Pdat dat,Parent,Pdat dat,TSB
7,C7,1.502,04192026,Parent_PpepV dat,Parent,PpepV dat,TSB
7,C8,1.551,04192026,Parent_alr1,Parent,alr1,TSB
7,C9,1.586,04192026,dat::Tn,dat::Tn,None,TSB
7,C10,1.563,04192026,dat::Tn_EV,dat::Tn,EV,TSB
7,C11,1.607,04192026,dat::Tn_Pdat dat,dat::Tn,Pdat dat,TSB
7,C12,1.445,04192026,dat::Tn_PpepV dat,dat::Tn,PpepV dat,TSB
7,D1,0.685,04192026,Δalr1_EV,Δalr1,EV,CDM20
7,D2,0.728,04192026,Δalr1_alr1,Δalr1,alr1,CDM20
7,D3,0.092,04192026,NB,NB,None,TSB
7,D4,1.501,04192026,Parent,Parent,None,TSB
7,D5,1.561,04192026,Parent_EV,Parent,EV,TSB
7,D6,1.522,04192026,Parent_Pdat dat,Parent,Pdat dat,TSB
7,D7,1.505,04192026,Parent_PpepV dat,Parent,PpepV dat,TSB
7,D8,1.544,04192026,Parent_alr1,Parent,alr1,TSB
7,D9,1.595,04192026,dat::Tn,dat::Tn,None,TSB
7,D10,1.612,04192026,dat::Tn_EV,dat::Tn,EV,TSB
7,D11,1.546,04192026,dat::Tn_Pdat dat,dat::Tn,Pdat dat,TSB
7,D12,1.451,04192026,dat::Tn_PpepV dat,dat::Tn,PpepV dat,TSB
7,E1,0.155,04192026,Δalr1_EV,Δalr1,EV,CDM19 - ala
7,E2,0.156,04192026,Δalr1_alr1,Δalr1,alr1,CDM19 - ala
7,E3,1.541,04192026,dat::Tn_alr1,dat::Tn,alr1,TSB
7,E4,1.138,04192026,Δalr1,Δalr1,None,TSB
7,E5,1.357,04192026,Δalr1_EV,Δalr1,EV,TSB
7,E6,1.498,04192026,Δalr1_alr1,Δalr1,alr1,TSB
7,F1,0.124,04192026,Δalr1_EV,Δalr1,EV,CDM19 - ala
7,F2,0.17,04192026,Δalr1_alr1,Δalr1,alr1,CDM19 - ala
7,F3,1.542,04192026,dat::Tn_alr1,dat::Tn,alr1,TSB
7,F4,1.193,04192026,Δalr1,Δalr1,None,TSB
7,F5,1.337,04192026,Δalr1_EV,Δalr1,EV,TSB
7,F6,1.492,04192026,Δalr1_alr1,Δalr1,alr1,TSB
7,G1,0.087,04192026,NB,NB,None,CDM19 - ala
7,G2,0.209,04192026,Parent,Parent,None,CDM19 - ala
7,G3,0.191,04192026,Parent_EV,Parent,EV,CDM19 - ala
7,G4,0.199,04192026,Parent_Pdat dat,Parent,Pdat dat,CDM19 - ala
7,G5,0.729,04192026,Parent_PpepV dat,Parent,PpepV dat,CDM19 - ala
7,G6,0.216,04192026,Parent_alr1,Parent,alr1,CDM19 - ala
7,G7,0.125,04192026,dat::Tn,dat::Tn,None,CDM19 - ala
7,G8,0.123,04192026,dat::Tn_EV,dat::Tn,EV,CDM19 - ala
7,G9,0.101,04192026,dat::Tn_Pdat dat,dat::Tn,Pdat dat,CDM19 - ala
7,G10,0.592,04192026,dat::Tn_PpepV dat,dat::Tn,PpepV dat,CDM19 - ala
7,G11,0.127,04192026,dat::Tn_alr1,dat::Tn,alr1,CDM19 - ala
7,G12,0.144,04192026,Δalr1,Δalr1,None,CDM19 - ala
7,H1,0.087,04192026,NB,NB,None,CDM19 - ala
7,H2,0.199,04192026,Parent,Parent,None,CDM19 - ala
7,H3,0.202,04192026,Parent_EV,Parent,EV,CDM19 - ala
7,H4,0.19,04192026,Parent_Pdat dat,Parent,Pdat dat,CDM19 - ala
7,H5,0.684,04192026,Parent_PpepV dat,Parent,PpepV dat,CDM19 - ala
7,H6,0.203,04192026,Parent_alr1,Parent,alr1,CDM19 - ala
7,H7,0.122,04192026,dat::Tn,dat::Tn,None,CDM19 - ala
7,H8,0.118,04192026,dat::Tn_EV,dat::Tn,EV,CDM19 - ala
7,H9,0.117,04192026,dat::Tn_Pdat dat,dat::Tn,Pdat dat,CDM19 - ala
7,H10,0.557,04192026,dat::Tn_PpepV dat,dat::Tn,PpepV dat,CDM19 - ala
7,H11,0.125,04192026,dat::Tn_alr1,dat::Tn,alr1,CDM19 - ala
7,H12,0.145,04192026,Δalr1,Δalr1,None,CDM19 - ala
8,A1,0.087,04192026,NB,NB,None,CDM20
8,A2,0.895,04192026,Parent,Parent,None,CDM20
8,A3,0.995,04192026,Parent_EV,Parent,EV,CDM20
8,A4,0.87,04192026,Parent_Pdat dat,Parent,Pdat dat,CDM20
8,A5,0.9,04192026,Parent_PpepV dat,Parent,PpepV dat,CDM20
8,A6,0.871,04192026,Parent_alr1,Parent,alr1,CDM20
8,A7,0.907,04192026,dat::Tn,dat::Tn,None,CDM20
8,A8,0.876,04192026,dat::Tn_EV,dat::Tn,EV,CDM20
8,A9,0.916,04192026,dat::Tn_Pdat dat,dat::Tn,Pdat dat,CDM20
8,A10,0.798,04192026,dat::Tn_PpepV dat,dat::Tn,PpepV dat,CDM20
8,A11,0.875,04192026,dat::Tn_alr1,dat::Tn,alr1,CDM20
8,A12,0.795,04192026,Δalr1,Δalr1,None,CDM20
8,B1,0.087,04192026,NB,NB,None,CDM20
8,B2,0.91,04192026,Parent,Parent,None,CDM20
8,B3,0.961,04192026,Parent_EV,Parent,EV,CDM20
8,B4,0.946,04192026,Parent_Pdat dat,Parent,Pdat dat,CDM20
8,B5,0.952,04192026,Parent_PpepV dat,Parent,PpepV dat,CDM20
8,B6,0.914,04192026,Parent_alr1,Parent,alr1,CDM20
8,B7,0.957,04192026,dat::Tn,dat::Tn,None,CDM20
8,B8,0.937,04192026,dat::Tn_EV,dat::Tn,EV,CDM20
8,B9,0.994,04192026,dat::Tn_Pdat dat,dat::Tn,Pdat dat,CDM20
8,B10,0.898,04192026,dat::Tn_PpepV dat,dat::Tn,PpepV dat,CDM20
8,B11,0.944,04192026,dat::Tn_alr1,dat::Tn,alr1,CDM20
8,B12,0.825,04192026,Δalr1,Δalr1,None,CDM20
8,C1,0.812,04192026,Δalr1_EV,Δalr1,EV,CDM20
8,C2,0.839,04192026,Δalr1_alr1,Δalr1,alr1,CDM20
8,C3,0.093,04192026,NB,NB,None,TSB
8,C4,1.394,04192026,Parent,Parent,None,TSB
8,C5,1.498,04192026,Parent_EV,Parent,EV,TSB
8,C6,1.422,04192026,Parent_Pdat dat,Parent,Pdat dat,TSB
8,C7,1.482,04192026,Parent_PpepV dat,Parent,PpepV dat,TSB
8,C8,1.524,04192026,Parent_alr1,Parent,alr1,TSB
8,C9,1.59,04192026,dat::Tn,dat::Tn,None,TSB
8,C10,1.579,04192026,dat::Tn_EV,dat::Tn,EV,TSB
8,C11,1.608,04192026,dat::Tn_Pdat dat,dat::Tn,Pdat dat,TSB
8,C12,1.443,04192026,dat::Tn_PpepV dat,dat::Tn,PpepV dat,TSB
8,D1,0.82,04192026,Δalr1_EV,Δalr1,EV,CDM20
8,D2,0.869,04192026,Δalr1_alr1,Δalr1,alr1,CDM20
8,D3,0.091,04192026,NB,NB,None,TSB
8,D4,1.478,04192026,Parent,Parent,None,TSB
8,D5,1.553,04192026,Parent_EV,Parent,EV,TSB
8,D6,1.509,04192026,Parent_Pdat dat,Parent,Pdat dat,TSB
8,D7,1.483,04192026,Parent_PpepV dat,Parent,PpepV dat,TSB
8,D8,1.515,04192026,Parent_alr1,Parent,alr1,TSB
8,D9,1.597,04192026,dat::Tn,dat::Tn,None,TSB
8,D10,1.61,04192026,dat::Tn_EV,dat::Tn,EV,TSB
8,D11,1.547,04192026,dat::Tn_Pdat dat,dat::Tn,Pdat dat,TSB
8,D12,1.439,04192026,dat::Tn_PpepV dat,dat::Tn,PpepV dat,TSB
8,E1,0.162,04192026,Δalr1_EV,Δalr1,EV,CDM19 - ala
8,E2,0.179,04192026,Δalr1_alr1,Δalr1,alr1,CDM19 - ala
8,E3,1.548,04192026,dat::Tn_alr1,dat::Tn,alr1,TSB
8,E4,1.157,04192026,Δalr1,Δalr1,None,TSB
8,E5,1.361,04192026,Δalr1_EV,Δalr1,EV,TSB
8,E6,1.482,04192026,Δalr1_alr1,Δalr1,alr1,TSB
8,F1,0.127,04192026,Δalr1_EV,Δalr1,EV,CDM19 - ala
8,F2,0.197,04192026,Δalr1_alr1,Δalr1,alr1,CDM19 - ala
8,F3,1.55,04192026,dat::Tn_alr1,dat::Tn,alr1,TSB
8,F4,1.213,04192026,Δalr1,Δalr1,None,TSB
8,F5,1.337,04192026,Δalr1_EV,Δalr1,EV,TSB
8,F6,1.48,04192026,Δalr1_alr1,Δalr1,alr1,TSB
8,G1,0.087,04192026,NB,NB,None,CDM19 - ala
8,G2,0.267,04192026,Parent,Parent,None,CDM19 - ala
8,G3,0.235,04192026,Parent_EV,Parent,EV,CDM19 - ala
8,G4,0.26,04192026,Parent_Pdat dat,Parent,Pdat dat,CDM19 - ala
8,G5,0.879,04192026,Parent_PpepV dat,Parent,PpepV dat,CDM19 - ala
8,G6,0.284,04192026,Parent_alr1,Parent,alr1,CDM19 - ala
8,G7,0.13,04192026,dat::Tn,dat::Tn,None,CDM19 - ala
8,G8,0.127,04192026,dat::Tn_EV,dat::Tn,EV,CDM19 - ala
8,G9,0.101,04192026,dat::Tn_Pdat dat,dat::Tn,Pdat dat,CDM19 - ala
8,G10,0.743,04192026,dat::Tn_PpepV dat,dat::Tn,PpepV dat,CDM19 - ala
8,G11,0.131,04192026,dat::Tn_alr1,dat::Tn,alr1,CDM19 - ala
8,G12,0.154,04192026,Δalr1,Δalr1,None,CDM19 - ala
8,H1,0.087,04192026,NB,NB,None,CDM19 - ala
8,H2,0.25,04192026,Parent,Parent,None,CDM19 - ala
8,H3,0.238,04192026,Parent_EV,Parent,EV,CDM19 - ala
8,H4,0.239,04192026,Parent_Pdat dat,Parent,Pdat dat,CDM19 - ala
8,H5,0.842,04192026,Parent_PpepV dat,Parent,PpepV dat,CDM19 - ala
8,H6,0.259,04192026,Parent_alr1,Parent,alr1,CDM19 - ala
8,H7,0.124,04192026,dat::Tn,dat::Tn,None,CDM19 - ala
8,H8,0.118,04192026,dat::Tn_EV,dat::Tn,EV,CDM19 - ala
8,H9,0.119,04192026,dat::Tn_Pdat dat,dat::Tn,Pdat dat,CDM19 - ala
8,H10,0.722,04192026,dat::Tn_PpepV dat,dat::Tn,PpepV dat,CDM19 - ala
8,H11,0.128,04192026,dat::Tn_alr1,dat::Tn,alr1,CDM19 - ala
8,H12,0.15,04192026,Δalr1,Δalr1,None,CDM19 - ala
9,A1,0.087,04192026,NB,NB,None,CDM20
9,A2,0.948,04192026,Parent,Parent,None,CDM20
9,A3,1.05,04192026,Parent_EV,Parent,EV,CDM20
9,A4,0.942,04192026,Parent_Pdat dat,Parent,Pdat dat,CDM20
9,A5,0.977,04192026,Parent_PpepV dat,Parent,PpepV dat,CDM20
9,A6,0.965,04192026,Parent_alr1,Parent,alr1,CDM20
9,A7,1.001,04192026,dat::Tn,dat::Tn,None,CDM20
9,A8,0.982,04192026,dat::Tn_EV,dat::Tn,EV,CDM20
9,A9,1.025,04192026,dat::Tn_Pdat dat,dat::Tn,Pdat dat,CDM20
9,A10,0.926,04192026,dat::Tn_PpepV dat,dat::Tn,PpepV dat,CDM20
9,A11,1.009,04192026,dat::Tn_alr1,dat::Tn,alr1,CDM20
9,A12,0.962,04192026,Δalr1,Δalr1,None,CDM20
9,B1,0.087,04192026,NB,NB,None,CDM20
9,B2,0.989,04192026,Parent,Parent,None,CDM20
9,B3,1.035,04192026,Parent_EV,Parent,EV,CDM20
9,B4,1.026,04192026,Parent_Pdat dat,Parent,Pdat dat,CDM20
9,B5,1.027,04192026,Parent_PpepV dat,Parent,PpepV dat,CDM20
9,B6,0.992,04192026,Parent_alr1,Parent,alr1,CDM20
9,B7,1.035,04192026,dat::Tn,dat::Tn,None,CDM20
9,B8,1.03,04192026,dat::Tn_EV,dat::Tn,EV,CDM20
9,B9,1.083,04192026,dat::Tn_Pdat dat,dat::Tn,Pdat dat,CDM20
9,B10,0.995,04192026,dat::Tn_PpepV dat,dat::Tn,PpepV dat,CDM20
9,B11,1.042,04192026,dat::Tn_alr1,dat::Tn,alr1,CDM20
9,B12,0.95,04192026,Δalr1,Δalr1,None,CDM20
9,C1,0.913,04192026,Δalr1_EV,Δalr1,EV,CDM20
9,C2,0.971,04192026,Δalr1_alr1,Δalr1,alr1,CDM20
9,C3,0.093,04192026,NB,NB,None,TSB
9,C4,1.373,04192026,Parent,Parent,None,TSB
9,C5,1.482,04192026,Parent_EV,Parent,EV,TSB
9,C6,1.412,04192026,Parent_Pdat dat,Parent,Pdat dat,TSB
9,C7,1.464,04192026,Parent_PpepV dat,Parent,PpepV dat,TSB
9,C8,1.508,04192026,Parent_alr1,Parent,alr1,TSB
9,C9,1.597,04192026,dat::Tn,dat::Tn,None,TSB
9,C10,1.583,04192026,dat::Tn_EV,dat::Tn,EV,TSB
9,C11,1.609,04192026,dat::Tn_Pdat dat,dat::Tn,Pdat dat,TSB
9,C12,1.431,04192026,dat::Tn_PpepV dat,dat::Tn,PpepV dat,TSB
9,D1,0.926,04192026,Δalr1_EV,Δalr1,EV,CDM20
9,D2,0.992,04192026,Δalr1_alr1,Δalr1,alr1,CDM20
9,D3,0.092,04192026,NB,NB,None,TSB
9,D4,1.461,04192026,Parent,Parent,None,TSB
9,D5,1.538,04192026,Parent_EV,Parent,EV,TSB
9,D6,1.486,04192026,Parent_Pdat dat,Parent,Pdat dat,TSB
9,D7,1.466,04192026,Parent_PpepV dat,Parent,PpepV dat,TSB
9,D8,1.5,04192026,Parent_alr1,Parent,alr1,TSB
9,D9,1.597,04192026,dat::Tn,dat::Tn,None,TSB
9,D10,1.613,04192026,dat::Tn_EV,dat::Tn,EV,TSB
9,D11,1.554,04192026,dat::Tn_Pdat dat,dat::Tn,Pdat dat,TSB
9,D12,1.42,04192026,dat::Tn_PpepV dat,dat::Tn,PpepV dat,TSB
9,E1,0.169,04192026,Δalr1_EV,Δalr1,EV,CDM19 - ala
9,E2,0.211,04192026,Δalr1_alr1,Δalr1,alr1,CDM19 - ala
9,E3,1.551,04192026,dat::Tn_alr1,dat::Tn,alr1,TSB
9,E4,1.177,04192026,Δalr1,Δalr1,None,TSB
9,E5,1.352,04192026,Δalr1_EV,Δalr1,EV,TSB
9,E6,1.449,04192026,Δalr1_alr1,Δalr1,alr1,TSB
9,F1,0.131,04192026,Δalr1_EV,Δalr1,EV,CDM19 - ala
9,F2,0.236,04192026,Δalr1_alr1,Δalr1,alr1,CDM19 - ala
9,F3,1.551,04192026,dat::Tn_alr1,dat::Tn,alr1,TSB
9,F4,1.217,04192026,Δalr1,Δalr1,None,TSB
9,F5,1.327,04192026,Δalr1_EV,Δalr1,EV,TSB
9,F6,1.45,04192026,Δalr1_alr1,Δalr1,alr1,TSB
9,G1,0.087,04192026,NB,NB,None,CDM19 - ala
9,G2,0.338,04192026,Parent,Parent,None,CDM19 - ala
9,G3,0.295,04192026,Parent_EV,Parent,EV,CDM19 - ala
9,G4,0.333,04192026,Parent_Pdat dat,Parent,Pdat dat,CDM19 - ala
9,G5,1.02,04192026,Parent_PpepV dat,Parent,PpepV dat,CDM19 - ala
9,G6,0.361,04192026,Parent_alr1,Parent,alr1,CDM19 - ala
9,G7,0.137,04192026,dat::Tn,dat::Tn,None,CDM19 - ala
9,G8,0.133,04192026,dat::Tn_EV,dat::Tn,EV,CDM19 - ala
9,G9,0.101,04192026,dat::Tn_Pdat dat,dat::Tn,Pdat dat,CDM19 - ala
9,G10,0.88,04192026,dat::Tn_PpepV dat,dat::Tn,PpepV dat,CDM19 - ala
9,G11,0.137,04192026,dat::Tn_alr1,dat::Tn,alr1,CDM19 - ala
9,G12,0.166,04192026,Δalr1,Δalr1,None,CDM19 - ala
9,H1,0.087,04192026,NB,NB,None,CDM19 - ala
9,H2,0.313,04192026,Parent,Parent,None,CDM19 - ala
9,H3,0.29,04192026,Parent_EV,Parent,EV,CDM19 - ala
9,H4,0.306,04192026,Parent_Pdat dat,Parent,Pdat dat,CDM19 - ala
9,H5,0.978,04192026,Parent_PpepV dat,Parent,PpepV dat,CDM19 - ala
9,H6,0.328,04192026,Parent_alr1,Parent,alr1,CDM19 - ala
9,H7,0.128,04192026,dat::Tn,dat::Tn,None,CDM19 - ala
9,H8,0.122,04192026,dat::Tn_EV,dat::Tn,EV,CDM19 - ala
9,H9,0.122,04192026,dat::Tn_Pdat dat,dat::Tn,Pdat dat,CDM19 - ala
9,H10,0.868,04192026,dat::Tn_PpepV dat,dat::Tn,PpepV dat,CDM19 - ala
9,H11,0.132,04192026,dat::Tn_alr1,dat::Tn,alr1,CDM19 - ala
9,H12,0.162,04192026,Δalr1,Δalr1,None,CDM19 - ala
10,A1,0.087,04192026,NB,NB,None,CDM20
10,A2,1.119,04192026,Parent,Parent,None,CDM20
10,A3,1.188,04192026,Parent_EV,Parent,EV,CDM20
10,A4,1.097,04192026,Parent_Pdat dat,Parent,Pdat dat,CDM20
10,A5,1.129,04192026,Parent_PpepV dat,Parent,PpepV dat,CDM20
10,A6,1.123,04192026,Parent_alr1,Parent,alr1,CDM20
10,A7,1.144,04192026,dat::Tn,dat::Tn,None,CDM20
10,A8,1.139,04192026,dat::Tn_EV,dat::Tn,EV,CDM20
10,A9,1.171,04192026,dat::Tn_Pdat dat,dat::Tn,Pdat dat,CDM20
10,A10,1.094,04192026,dat::Tn_PpepV dat,dat::Tn,PpepV dat,CDM20
10,A11,1.153,04192026,dat::Tn_alr1,dat::Tn,alr1,CDM20
10,A12,1.075,04192026,Δalr1,Δalr1,None,CDM20
10,B1,0.087,04192026,NB,NB,None,CDM20
10,B2,1.131,04192026,Parent,Parent,None,CDM20
10,B3,1.155,04192026,Parent_EV,Parent,EV,CDM20
10,B4,1.168,04192026,Parent_Pdat dat,Parent,Pdat dat,CDM20
10,B5,1.159,04192026,Parent_PpepV dat,Parent,PpepV dat,CDM20
10,B6,1.138,04192026,Parent_alr1,Parent,alr1,CDM20
10,B7,1.179,04192026,dat::Tn,dat::Tn,None,CDM20
10,B8,1.192,04192026,dat::Tn_EV,dat::Tn,EV,CDM20
10,B9,1.242,04192026,dat::Tn_Pdat dat,dat::Tn,Pdat dat,CDM20
10,B10,1.171,04192026,dat::Tn_PpepV dat,dat::Tn,PpepV dat,CDM20
10,B11,1.203,04192026,dat::Tn_alr1,dat::Tn,alr1,CDM20
10,B12,1.096,04192026,Δalr1,Δalr1,None,CDM20
10,C1,1.053,04192026,Δalr1_EV,Δalr1,EV,CDM20
10,C2,1.118,04192026,Δalr1_alr1,Δalr1,alr1,CDM20
10,C3,0.093,04192026,NB,NB,None,TSB
10,C4,1.385,04192026,Parent,Parent,None,TSB
10,C5,1.489,04192026,Parent_EV,Parent,EV,TSB
10,C6,1.421,04192026,Parent_Pdat dat,Parent,Pdat dat,TSB
10,C7,1.479,04192026,Parent_PpepV dat,Parent,PpepV dat,TSB
10,C8,1.52,04192026,Parent_alr1,Parent,alr1,TSB
10,C9,1.604,04192026,dat::Tn,dat::Tn,None,TSB
10,C10,1.594,04192026,dat::Tn_EV,dat::Tn,EV,TSB
10,C11,1.62,04192026,dat::Tn_Pdat dat,dat::Tn,Pdat dat,TSB
10,C12,1.438,04192026,dat::Tn_PpepV dat,dat::Tn,PpepV dat,TSB
10,D1,1.065,04192026,Δalr1_EV,Δalr1,EV,CDM20
10,D2,1.128,04192026,Δalr1_alr1,Δalr1,alr1,CDM20
10,D3,0.091,04192026,NB,NB,None,TSB
10,D4,1.464,04192026,Parent,Parent,None,TSB
10,D5,1.547,04192026,Parent_EV,Parent,EV,TSB
10,D6,1.495,04192026,Parent_Pdat dat,Parent,Pdat dat,TSB
10,D7,1.48,04192026,Parent_PpepV dat,Parent,PpepV dat,TSB
10,D8,1.504,04192026,Parent_alr1,Parent,alr1,TSB
10,D9,1.597,04192026,dat::Tn,dat::Tn,None,TSB
10,D10,1.615,04192026,dat::Tn_EV,dat::Tn,EV,TSB
10,D11,1.564,04192026,dat::Tn_Pdat dat,dat::Tn,Pdat dat,TSB
10,D12,1.42,04192026,dat::Tn_PpepV dat,dat::Tn,PpepV dat,TSB
10,E1,0.178,04192026,Δalr1_EV,Δalr1,EV,CDM19 - ala
10,E2,0.266,04192026,Δalr1_alr1,Δalr1,alr1,CDM19 - ala
10,E3,1.559,04192026,dat::Tn_alr1,dat::Tn,alr1,TSB
10,E4,1.185,04192026,Δalr1,Δalr1,None,TSB
10,E5,1.354,04192026,Δalr1_EV,Δalr1,EV,TSB
10,E6,1.451,04192026,Δalr1_alr1,Δalr1,alr1,TSB
10,F1,0.134,04192026,Δalr1_EV,Δalr1,EV,CDM19 - ala
10,F2,0.295,04192026,Δalr1_alr1,Δalr1,alr1,CDM19 - ala
10,F3,1.56,04192026,dat::Tn_alr1,dat::Tn,alr1,TSB
10,F4,1.23,04192026,Δalr1,Δalr1,None,TSB
10,F5,1.321,04192026,Δalr1_EV,Δalr1,EV,TSB
10,F6,1.46,04192026,Δalr1_alr1,Δalr1,alr1,TSB
10,G1,0.087,04192026,NB,NB,None,CDM19 - ala
10,G2,0.439,04192026,Parent,Parent,None,CDM19 - ala
10,G3,0.368,04192026,Parent_EV,Parent,EV,CDM19 - ala
10,G4,0.433,04192026,Parent_Pdat dat,Parent,Pdat dat,CDM19 - ala
10,G5,1.184,04192026,Parent_PpepV dat,Parent,PpepV dat,CDM19 - ala
10,G6,0.462,04192026,Parent_alr1,Parent,alr1,CDM19 - ala
10,G7,0.145,04192026,dat::Tn,dat::Tn,None,CDM19 - ala
10,G8,0.14,04192026,dat::Tn_EV,dat::Tn,EV,CDM19 - ala
10,G9,0.101,04192026,dat::Tn_Pdat dat,dat::Tn,Pdat dat,CDM19 - ala
10,G10,1.048,04192026,dat::Tn_PpepV dat,dat::Tn,PpepV dat,CDM19 - ala
10,G11,0.145,04192026,dat::Tn_alr1,dat::Tn,alr1,CDM19 - ala
10,G12,0.175,04192026,Δalr1,Δalr1,None,CDM19 - ala
10,H1,0.087,04192026,NB,NB,None,CDM19 - ala
10,H2,0.401,04192026,Parent,Parent,None,CDM19 - ala
10,H3,0.364,04192026,Parent_EV,Parent,EV,CDM19 - ala
10,H4,0.405,04192026,Parent_Pdat dat,Parent,Pdat dat,CDM19 - ala
10,H5,1.129,04192026,Parent_PpepV dat,Parent,PpepV dat,CDM19 - ala
10,H6,0.419,04192026,Parent_alr1,Parent,alr1,CDM19 - ala
10,H7,0.132,04192026,dat::Tn,dat::Tn,None,CDM19 - ala
10,H8,0.125,04192026,dat::Tn_EV,dat::Tn,EV,CDM19 - ala
10,H9,0.124,04192026,dat::Tn_Pdat dat,dat::Tn,Pdat dat,CDM19 - ala
10,H10,1.028,04192026,dat::Tn_PpepV dat,dat::Tn,PpepV dat,CDM19 - ala
10,H11,0.137,04192026,dat::Tn_alr1,dat::Tn,alr1,CDM19 - ala
10,H12,0.165,04192026,Δalr1,Δalr1,None,CDM19 - ala
11,A1,0.087,04192026,NB,NB,None,CDM20
11,A2,1.169,04192026,Parent,Parent,None,CDM20
11,A3,1.228,04192026,Parent_EV,Parent,EV,CDM20
11,A4,1.14,04192026,Parent_Pdat dat,Parent,Pdat dat,CDM20
11,A5,1.183,04192026,Parent_PpepV dat,Parent,PpepV dat,CDM20
11,A6,1.198,04192026,Parent_alr1,Parent,alr1,CDM20
11,A7,1.207,04192026,dat::Tn,dat::Tn,None,CDM20
11,A8,1.197,04192026,dat::Tn_EV,dat::Tn,EV,CDM20
11,A9,1.237,04192026,dat::Tn_Pdat dat,dat::Tn,Pdat dat,CDM20
11,A10,1.176,04192026,dat::Tn_PpepV dat,dat::Tn,PpepV dat,CDM20
11,A11,1.226,04192026,dat::Tn_alr1,dat::Tn,alr1,CDM20
11,A12,1.162,04192026,Δalr1,Δalr1,None,CDM20
11,B1,0.087,04192026,NB,NB,None,CDM20
11,B2,1.179,04192026,Parent,Parent,None,CDM20
11,B3,1.182,04192026,Parent_EV,Parent,EV,CDM20
11,B4,1.219,04192026,Parent_Pdat dat,Parent,Pdat dat,CDM20
11,B5,1.201,04192026,Parent_PpepV dat,Parent,PpepV dat,CDM20
11,B6,1.195,04192026,Parent_alr1,Parent,alr1,CDM20
11,B7,1.228,04192026,dat::Tn,dat::Tn,None,CDM20
11,B8,1.249,04192026,dat::Tn_EV,dat::Tn,EV,CDM20
11,B9,1.301,04192026,dat::Tn_Pdat dat,dat::Tn,Pdat dat,CDM20
11,B10,1.241,04192026,dat::Tn_PpepV dat,dat::Tn,PpepV dat,CDM20
11,B11,1.27,04192026,dat::Tn_alr1,dat::Tn,alr1,CDM20
11,B12,1.165,04192026,Δalr1,Δalr1,None,CDM20
11,C1,1.127,04192026,Δalr1_EV,Δalr1,EV,CDM20
11,C2,1.178,04192026,Δalr1_alr1,Δalr1,alr1,CDM20
11,C3,0.093,04192026,NB,NB,None,TSB
11,C4,1.368,04192026,Parent,Parent,None,TSB
11,C5,1.474,04192026,Parent_EV,Parent,EV,TSB
11,C6,1.407,04192026,Parent_Pdat dat,Parent,Pdat dat,TSB
11,C7,1.459,04192026,Parent_PpepV dat,Parent,PpepV dat,TSB
11,C8,1.492,04192026,Parent_alr1,Parent,alr1,TSB
11,C9,1.583,04192026,dat::Tn,dat::Tn,None,TSB
11,C10,1.583,04192026,dat::Tn_EV,dat::Tn,EV,TSB
11,C11,1.603,04192026,dat::Tn_Pdat dat,dat::Tn,Pdat dat,TSB
11,C12,1.414,04192026,dat::Tn_PpepV dat,dat::Tn,PpepV dat,TSB
11,D1,1.145,04192026,Δalr1_EV,Δalr1,EV,CDM20
11,D2,1.194,04192026,Δalr1_alr1,Δalr1,alr1,CDM20
11,D3,0.091,04192026,NB,NB,None,TSB
11,D4,1.44,04192026,Parent,Parent,None,TSB
11,D5,1.523,04192026,Parent_EV,Parent,EV,TSB
11,D6,1.472,04192026,Parent_Pdat dat,Parent,Pdat dat,TSB
11,D7,1.46,04192026,Parent_PpepV dat,Parent,PpepV dat,TSB
11,D8,1.481,04192026,Parent_alr1,Parent,alr1,TSB
11,D9,1.567,04192026,dat::Tn,dat::Tn,None,TSB
11,D10,1.583,04192026,dat::Tn_EV,dat::Tn,EV,TSB
11,D11,1.54,04192026,dat::Tn_Pdat dat,dat::Tn,Pdat dat,TSB
11,D12,1.397,04192026,dat::Tn_PpepV dat,dat::Tn,PpepV dat,TSB
11,E1,0.19,04192026,Δalr1_EV,Δalr1,EV,CDM19 - ala
11,E2,0.313,04192026,Δalr1_alr1,Δalr1,alr1,CDM19 - ala
11,E3,1.553,04192026,dat::Tn_alr1,dat::Tn,alr1,TSB
11,E4,1.2,04192026,Δalr1,Δalr1,None,TSB
11,E5,1.329,04192026,Δalr1_EV,Δalr1,EV,TSB
11,E6,1.418,04192026,Δalr1_alr1,Δalr1,alr1,TSB
11,F1,0.139,04192026,Δalr1_EV,Δalr1,EV,CDM19 - ala
11,F2,0.349,04192026,Δalr1_alr1,Δalr1,alr1,CDM19 - ala
11,F3,1.554,04192026,dat::Tn_alr1,dat::Tn,alr1,TSB
11,F4,1.216,04192026,Δalr1,Δalr1,None,TSB
11,F5,1.3,04192026,Δalr1_EV,Δalr1,EV,TSB
11,F6,1.436,04192026,Δalr1_alr1,Δalr1,alr1,TSB
11,G1,0.087,04192026,NB,NB,None,CDM19 - ala
11,G2,0.536,04192026,Parent,Parent,None,CDM19 - ala
11,G3,0.43,04192026,Parent_EV,Parent,EV,CDM19 - ala
11,G4,0.524,04192026,Parent_Pdat dat,Parent,Pdat dat,CDM19 - ala
11,G5,1.265,04192026,Parent_PpepV dat,Parent,PpepV dat,CDM19 - ala
11,G6,0.564,04192026,Parent_alr1,Parent,alr1,CDM19 - ala
11,G7,0.153,04192026,dat::Tn,dat::Tn,None,CDM19 - ala
11,G8,0.148,04192026,dat::Tn_EV,dat::Tn,EV,CDM19 - ala
11,G9,0.101,04192026,dat::Tn_Pdat dat,dat::Tn,Pdat dat,CDM19 - ala
11,G10,1.148,04192026,dat::Tn_PpepV dat,dat::Tn,PpepV dat,CDM19 - ala
11,G11,0.152,04192026,dat::Tn_alr1,dat::Tn,alr1,CDM19 - ala
11,G12,0.185,04192026,Δalr1,Δalr1,None,CDM19 - ala
11,H1,0.087,04192026,NB,NB,None,CDM19 - ala
11,H2,0.493,04192026,Parent,Parent,None,CDM19 - ala
11,H3,0.436,04192026,Parent_EV,Parent,EV,CDM19 - ala
11,H4,0.501,04192026,Parent_Pdat dat,Parent,Pdat dat,CDM19 - ala
11,H5,1.21,04192026,Parent_PpepV dat,Parent,PpepV dat,CDM19 - ala
11,H6,0.513,04192026,Parent_alr1,Parent,alr1,CDM19 - ala
11,H7,0.138,04192026,dat::Tn,dat::Tn,None,CDM19 - ala
11,H8,0.127,04192026,dat::Tn_EV,dat::Tn,EV,CDM19 - ala
11,H9,0.127,04192026,dat::Tn_Pdat dat,dat::Tn,Pdat dat,CDM19 - ala
11,H10,1.125,04192026,dat::Tn_PpepV dat,dat::Tn,PpepV dat,CDM19 - ala
11,H11,0.142,04192026,dat::Tn_alr1,dat::Tn,alr1,CDM19 - ala
11,H12,0.178,04192026,Δalr1,Δalr1,None,CDM19 - ala
12,A1,0.087,04192026,NB,NB,None,CDM20
12,A2,1.287,04192026,Parent,Parent,None,CDM20
12,A3,1.339,04192026,Parent_EV,Parent,EV,CDM20
12,A4,1.272,04192026,Parent_Pdat dat,Parent,Pdat dat,CDM20
12,A5,1.293,04192026,Parent_PpepV dat,Parent,PpepV dat,CDM20
12,A6,1.302,04192026,Parent_alr1,Parent,alr1,CDM20
12,A7,1.317,04192026,dat::Tn,dat::Tn,None,CDM20
12,A8,1.317,04192026,dat::Tn_EV,dat::Tn,EV,CDM20
12,A9,1.362,04192026,dat::Tn_Pdat dat,dat::Tn,Pdat dat,CDM20
12,A10,1.312,04192026,dat::Tn_PpepV dat,dat::Tn,PpepV dat,CDM20
12,A11,1.334,04192026,dat::Tn_alr1,dat::Tn,alr1,CDM20
12,A12,1.25,04192026,Δalr1,Δalr1,None,CDM20
12,B1,0.086,04192026,NB,NB,None,CDM20
12,B2,1.29,04192026,Parent,Parent,None,CDM20
12,B3,1.295,04192026,Parent_EV,Parent,EV,CDM20
12,B4,1.34,04192026,Parent_Pdat dat,Parent,Pdat dat,CDM20
12,B5,1.321,04192026,Parent_PpepV dat,Parent,PpepV dat,CDM20
12,B6,1.317,04192026,Parent_alr1,Parent,alr1,CDM20
12,B7,1.346,04192026,dat::Tn,dat::Tn,None,CDM20
12,B8,1.369,04192026,dat::Tn_EV,dat::Tn,EV,CDM20
12,B9,1.422,04192026,dat::Tn_Pdat dat,dat::Tn,Pdat dat,CDM20
12,B10,1.382,04192026,dat::Tn_PpepV dat,dat::Tn,PpepV dat,CDM20
12,B11,1.401,04192026,dat::Tn_alr1,dat::Tn,alr1,CDM20
12,B12,1.298,04192026,Δalr1,Δalr1,None,CDM20
12,C1,1.238,04192026,Δalr1_EV,Δalr1,EV,CDM20
12,C2,1.286,04192026,Δalr1_alr1,Δalr1,alr1,CDM20
12,C3,0.093,04192026,NB,NB,None,TSB
12,C4,1.386,04192026,Parent,Parent,None,TSB
12,C5,1.486,04192026,Parent_EV,Parent,EV,TSB
12,C6,1.435,04192026,Parent_Pdat dat,Parent,Pdat dat,TSB
12,C7,1.475,04192026,Parent_PpepV dat,Parent,PpepV dat,TSB
12,C8,1.51,04192026,Parent_alr1,Parent,alr1,TSB
12,C9,1.574,04192026,dat::Tn,dat::Tn,None,TSB
12,C10,1.585,04192026,dat::Tn_EV,dat::Tn,EV,TSB
12,C11,1.599,04192026,dat::Tn_Pdat dat,dat::Tn,Pdat dat,TSB
12,C12,1.425,04192026,dat::Tn_PpepV dat,dat::Tn,PpepV dat,TSB
12,D1,1.258,04192026,Δalr1_EV,Δalr1,EV,CDM20
12,D2,1.301,04192026,Δalr1_alr1,Δalr1,alr1,CDM20
12,D3,0.091,04192026,NB,NB,None,TSB
12,D4,1.457,04192026,Parent,Parent,None,TSB
12,D5,1.525,04192026,Parent_EV,Parent,EV,TSB
12,D6,1.489,04192026,Parent_Pdat dat,Parent,Pdat dat,TSB
12,D7,1.476,04192026,Parent_PpepV dat,Parent,PpepV dat,TSB
12,D8,1.497,04192026,Parent_alr1,Parent,alr1,TSB
12,D9,1.563,04192026,dat::Tn,dat::Tn,None,TSB
12,D10,1.574,04192026,dat::Tn_EV,dat::Tn,EV,TSB
12,D11,1.547,04192026,dat::Tn_Pdat dat,dat::Tn,Pdat dat,TSB
12,D12,1.422,04192026,dat::Tn_PpepV dat,dat::Tn,PpepV dat,TSB
12,E1,0.204,04192026,Δalr1_EV,Δalr1,EV,CDM19 - ala
12,E2,0.386,04192026,Δalr1_alr1,Δalr1,alr1,CDM19 - ala
12,E3,1.552,04192026,dat::Tn_alr1,dat::Tn,alr1,TSB
12,E4,1.232,04192026,Δalr1,Δalr1,None,TSB
12,E5,1.33,04192026,Δalr1_EV,Δalr1,EV,TSB
12,E6,1.436,04192026,Δalr1_alr1,Δalr1,alr1,TSB
12,F1,0.143,04192026,Δalr1_EV,Δalr1,EV,CDM19 - ala
12,F2,0.422,04192026,Δalr1_alr1,Δalr1,alr1,CDM19 - ala
12,F3,1.553,04192026,dat::Tn_alr1,dat::Tn,alr1,TSB
12,F4,1.233,04192026,Δalr1,Δalr1,None,TSB
12,F5,1.274,04192026,Δalr1_EV,Δalr1,EV,TSB
12,F6,1.453,04192026,Δalr1_alr1,Δalr1,alr1,TSB
12,G1,0.088,04192026,NB,NB,None,CDM19 - ala
12,G2,0.701,04192026,Parent,Parent,None,CDM19 - ala
12,G3,0.535,04192026,Parent_EV,Parent,EV,CDM19 - ala
12,G4,0.684,04192026,Parent_Pdat dat,Parent,Pdat dat,CDM19 - ala
12,G5,1.363,04192026,Parent_PpepV dat,Parent,PpepV dat,CDM19 - ala
12,G6,0.738,04192026,Parent_alr1,Parent,alr1,CDM19 - ala
12,G7,0.156,04192026,dat::Tn,dat::Tn,None,CDM19 - ala
12,G8,0.15,04192026,dat::Tn_EV,dat::Tn,EV,CDM19 - ala
12,G9,0.102,04192026,dat::Tn_Pdat dat,dat::Tn,Pdat dat,CDM19 - ala
12,G10,1.283,04192026,dat::Tn_PpepV dat,dat::Tn,PpepV dat,CDM19 - ala
12,G11,0.157,04192026,dat::Tn_alr1,dat::Tn,alr1,CDM19 - ala
12,G12,0.192,04192026,Δalr1,Δalr1,None,CDM19 - ala
12,H1,0.087,04192026,NB,NB,None,CDM19 - ala
12,H2,0.638,04192026,Parent,Parent,None,CDM19 - ala
12,H3,0.559,04192026,Parent_EV,Parent,EV,CDM19 - ala
12,H4,0.659,04192026,Parent_Pdat dat,Parent,Pdat dat,CDM19 - ala
12,H5,1.308,04192026,Parent_PpepV dat,Parent,PpepV dat,CDM19 - ala
12,H6,0.671,04192026,Parent_alr1,Parent,alr1,CDM19 - ala
12,H7,0.14,04192026,dat::Tn,dat::Tn,None,CDM19 - ala
12,H8,0.127,04192026,dat::Tn_EV,dat::Tn,EV,CDM19 - ala
12,H9,0.128,04192026,dat::Tn_Pdat dat,dat::Tn,Pdat dat,CDM19 - ala
12,H10,1.267,04192026,dat::Tn_PpepV dat,dat::Tn,PpepV dat,CDM19 - ala
12,H11,0.145,04192026,dat::Tn_alr1,dat::Tn,alr1,CDM19 - ala
12,H12,0.178,04192026,Δalr1,Δalr1,None,CDM19 - ala
13,A1,0.087,04192026,NB,NB,None,CDM20
13,A2,1.321,04192026,Parent,Parent,None,CDM20
13,A3,1.366,04192026,Parent_EV,Parent,EV,CDM20
13,A4,1.305,04192026,Parent_Pdat dat,Parent,Pdat dat,CDM20
13,A5,1.321,04192026,Parent_PpepV dat,Parent,PpepV dat,CDM20
13,A6,1.334,04192026,Parent_alr1,Parent,alr1,CDM20
13,A7,1.344,04192026,dat::Tn,dat::Tn,None,CDM20
13,A8,1.344,04192026,dat::Tn_EV,dat::Tn,EV,CDM20
13,A9,1.393,04192026,dat::Tn_Pdat dat,dat::Tn,Pdat dat,CDM20
13,A10,1.361,04192026,dat::Tn_PpepV dat,dat::Tn,PpepV dat,CDM20
13,A11,1.363,04192026,dat::Tn_alr1,dat::Tn,alr1,CDM20
13,A12,1.294,04192026,Δalr1,Δalr1,None,CDM20
13,B1,0.086,04192026,NB,NB,None,CDM20
13,B2,1.323,04192026,Parent,Parent,None,CDM20
13,B3,1.321,04192026,Parent_EV,Parent,EV,CDM20
13,B4,1.372,04192026,Parent_Pdat dat,Parent,Pdat dat,CDM20
13,B5,1.352,04192026,Parent_PpepV dat,Parent,PpepV dat,CDM20
13,B6,1.355,04192026,Parent_alr1,Parent,alr1,CDM20
13,B7,1.376,04192026,dat::Tn,dat::Tn,None,CDM20
13,B8,1.399,04192026,dat::Tn_EV,dat::Tn,EV,CDM20
13,B9,1.443,04192026,dat::Tn_Pdat dat,dat::Tn,Pdat dat,CDM20
13,B10,1.424,04192026,dat::Tn_PpepV dat,dat::Tn,PpepV dat,CDM20
13,B11,1.433,04192026,dat::Tn_alr1,dat::Tn,alr1,CDM20
13,B12,1.337,04192026,Δalr1,Δalr1,None,CDM20
13,C1,1.279,04192026,Δalr1_EV,Δalr1,EV,CDM20
13,C2,1.329,04192026,Δalr1_alr1,Δalr1,alr1,CDM20
13,C3,0.093,04192026,NB,NB,None,TSB
13,C4,1.372,04192026,Parent,Parent,None,TSB
13,C5,1.466,04192026,Parent_EV,Parent,EV,TSB
13,C6,1.422,04192026,Parent_Pdat dat,Parent,Pdat dat,TSB
13,C7,1.462,04192026,Parent_PpepV dat,Parent,PpepV dat,TSB
13,C8,1.495,04192026,Parent_alr1,Parent,alr1,TSB
13,C9,1.557,04192026,dat::Tn,dat::Tn,None,TSB
13,C10,1.563,04192026,dat::Tn_EV,dat::Tn,EV,TSB
13,C11,1.569,04192026,dat::Tn_Pdat dat,dat::Tn,Pdat dat,TSB
13,C12,1.41,04192026,dat::Tn_PpepV dat,dat::Tn,PpepV dat,TSB
13,D1,1.307,04192026,Δalr1_EV,Δalr1,EV,CDM20
13,D2,1.347,04192026,Δalr1_alr1,Δalr1,alr1,CDM20
13,D3,0.091,04192026,NB,NB,None,TSB
13,D4,1.448,04192026,Parent,Parent,None,TSB
13,D5,1.506,04192026,Parent_EV,Parent,EV,TSB
13,D6,1.472,04192026,Parent_Pdat dat,Parent,Pdat dat,TSB
13,D7,1.461,04192026,Parent_PpepV dat,Parent,PpepV dat,TSB
13,D8,1.483,04192026,Parent_alr1,Parent,alr1,TSB
13,D9,1.549,04192026,dat::Tn,dat::Tn,None,TSB
13,D10,1.555,04192026,dat::Tn_EV,dat::Tn,EV,TSB
13,D11,1.531,04192026,dat::Tn_Pdat dat,dat::Tn,Pdat dat,TSB
13,D12,1.408,04192026,dat::Tn_PpepV dat,dat::Tn,PpepV dat,TSB
13,E1,0.218,04192026,Δalr1_EV,Δalr1,EV,CDM19 - ala
13,E2,0.457,04192026,Δalr1_alr1,Δalr1,alr1,CDM19 - ala
13,E3,1.537,04192026,dat::Tn_alr1,dat::Tn,alr1,TSB
13,E4,1.234,04192026,Δalr1,Δalr1,None,TSB
13,E5,1.325,04192026,Δalr1_EV,Δalr1,EV,TSB
13,E6,1.413,04192026,Δalr1_alr1,Δalr1,alr1,TSB
13,F1,0.149,04192026,Δalr1_EV,Δalr1,EV,CDM19 - ala
13,F2,0.496,04192026,Δalr1_alr1,Δalr1,alr1,CDM19 - ala
13,F3,1.537,04192026,dat::Tn_alr1,dat::Tn,alr1,TSB
13,F4,1.238,04192026,Δalr1,Δalr1,None,TSB
13,F5,1.269,04192026,Δalr1_EV,Δalr1,EV,TSB
13,F6,1.433,04192026,Δalr1_alr1,Δalr1,alr1,TSB
13,G1,0.088,04192026,NB,NB,None,CDM19 - ala
13,G2,0.876,04192026,Parent,Parent,None,CDM19 - ala
13,G3,0.687,04192026,Parent_EV,Parent,EV,CDM19 - ala
13,G4,0.862,04192026,Parent_Pdat dat,Parent,Pdat dat,CDM19 - ala
13,G5,1.381,04192026,Parent_PpepV dat,Parent,PpepV dat,CDM19 - ala
13,G6,0.922,04192026,Parent_alr1,Parent,alr1,CDM19 - ala
13,G7,0.154,04192026,dat::Tn,dat::Tn,None,CDM19 - ala
13,G8,0.145,04192026,dat::Tn_EV,dat::Tn,EV,CDM19 - ala
13,G9,0.101,04192026,dat::Tn_Pdat dat,dat::Tn,Pdat dat,CDM19 - ala
13,G10,1.32,04192026,dat::Tn_PpepV dat,dat::Tn,PpepV dat,CDM19 - ala
13,G11,0.153,04192026,dat::Tn_alr1,dat::Tn,alr1,CDM19 - ala
13,G12,0.205,04192026,Δalr1,Δalr1,None,CDM19 - ala
13,H1,0.087,04192026,NB,NB,None,CDM19 - ala
13,H2,0.799,04192026,Parent,Parent,None,CDM19 - ala
13,H3,0.715,04192026,Parent_EV,Parent,EV,CDM19 - ala
13,H4,0.827,04192026,Parent_Pdat dat,Parent,Pdat dat,CDM19 - ala
13,H5,1.337,04192026,Parent_PpepV dat,Parent,PpepV dat,CDM19 - ala
13,H6,0.836,04192026,Parent_alr1,Parent,alr1,CDM19 - ala
13,H7,0.137,04192026,dat::Tn,dat::Tn,None,CDM19 - ala
13,H8,0.123,04192026,dat::Tn_EV,dat::Tn,EV,CDM19 - ala
13,H9,0.124,04192026,dat::Tn_Pdat dat,dat::Tn,Pdat dat,CDM19 - ala
13,H10,1.307,04192026,dat::Tn_PpepV dat,dat::Tn,PpepV dat,CDM19 - ala
13,H11,0.144,04192026,dat::Tn_alr1,dat::Tn,alr1,CDM19 - ala
13,H12,0.189,04192026,Δalr1,Δalr1,None,CDM19 - ala
14,A1,0.087,04192026,NB,NB,None,CDM20
14,A2,1.377,04192026,Parent,Parent,None,CDM20
14,A3,1.395,04192026,Parent_EV,Parent,EV,CDM20
14,A4,1.356,04192026,Parent_Pdat dat,Parent,Pdat dat,CDM20
14,A5,1.371,04192026,Parent_PpepV dat,Parent,PpepV dat,CDM20
14,A6,1.385,04192026,Parent_alr1,Parent,alr1,CDM20
14,A7,1.392,04192026,dat::Tn,dat::Tn,None,CDM20
14,A8,1.396,04192026,dat::Tn_EV,dat::Tn,EV,CDM20
14,A9,1.431,04192026,dat::Tn_Pdat dat,dat::Tn,Pdat dat,CDM20
14,A10,1.413,04192026,dat::Tn_PpepV dat,dat::Tn,PpepV dat,CDM20
14,A11,1.412,04192026,dat::Tn_alr1,dat::Tn,alr1,CDM20
14,A12,1.338,04192026,Δalr1,Δalr1,None,CDM20
14,B1,0.087,04192026,NB,NB,None,CDM20
14,B2,1.364,04192026,Parent,Parent,None,CDM20
14,B3,1.357,04192026,Parent_EV,Parent,EV,CDM20
14,B4,1.41,04192026,Parent_Pdat dat,Parent,Pdat dat,CDM20
14,B5,1.391,04192026,Parent_PpepV dat,Parent,PpepV dat,CDM20
14,B6,1.391,04192026,Parent_alr1,Parent,alr1,CDM20
14,B7,1.408,04192026,dat::Tn,dat::Tn,None,CDM20
14,B8,1.431,04192026,dat::Tn_EV,dat::Tn,EV,CDM20
14,B9,1.473,04192026,dat::Tn_Pdat dat,dat::Tn,Pdat dat,CDM20
14,B10,1.462,04192026,dat::Tn_PpepV dat,dat::Tn,PpepV dat,CDM20
14,B11,1.465,04192026,dat::Tn_alr1,dat::Tn,alr1,CDM20
14,B12,1.383,04192026,Δalr1,Δalr1,None,CDM20
14,C1,1.333,04192026,Δalr1_EV,Δalr1,EV,CDM20
14,C2,1.365,04192026,Δalr1_alr1,Δalr1,alr1,CDM20
14,C3,0.093,04192026,NB,NB,None,TSB
14,C4,1.373,04192026,Parent,Parent,None,TSB
14,C5,1.462,04192026,Parent_EV,Parent,EV,TSB
14,C6,1.419,04192026,Parent_Pdat dat,Parent,Pdat dat,TSB
14,C7,1.458,04192026,Parent_PpepV dat,Parent,PpepV dat,TSB
14,C8,1.492,04192026,Parent_alr1,Parent,alr1,TSB
14,C9,1.55,04192026,dat::Tn,dat::Tn,None,TSB
14,C10,1.548,04192026,dat::Tn_EV,dat::Tn,EV,TSB
14,C11,1.555,04192026,dat::Tn_Pdat dat,dat::Tn,Pdat dat,TSB
14,C12,1.402,04192026,dat::Tn_PpepV dat,dat::Tn,PpepV dat,TSB
14,D1,1.351,04192026,Δalr1_EV,Δalr1,EV,CDM20
14,D2,1.385,04192026,Δalr1_alr1,Δalr1,alr1,CDM20
14,D3,0.091,04192026,NB,NB,None,TSB
14,D4,1.445,04192026,Parent,Parent,None,TSB
14,D5,1.495,04192026,Parent_EV,Parent,EV,TSB
14,D6,1.469,04192026,Parent_Pdat dat,Parent,Pdat dat,TSB
14,D7,1.455,04192026,Parent_PpepV dat,Parent,PpepV dat,TSB
14,D8,1.478,04192026,Parent_alr1,Parent,alr1,TSB
14,D9,1.542,04192026,dat::Tn,dat::Tn,None,TSB
14,D10,1.549,04192026,dat::Tn_EV,dat::Tn,EV,TSB
14,D11,1.524,04192026,dat::Tn_Pdat dat,dat::Tn,Pdat dat,TSB
14,D12,1.421,04192026,dat::Tn_PpepV dat,dat::Tn,PpepV dat,TSB
14,E1,0.233,04192026,Δalr1_EV,Δalr1,EV,CDM19 - ala
14,E2,0.543,04192026,Δalr1_alr1,Δalr1,alr1,CDM19 - ala
14,E3,1.528,04192026,dat::Tn_alr1,dat::Tn,alr1,TSB
14,E4,1.247,04192026,Δalr1,Δalr1,None,TSB
14,E5,1.33,04192026,Δalr1_EV,Δalr1,EV,TSB
14,E6,1.411,04192026,Δalr1_alr1,Δalr1,alr1,TSB
14,F1,0.156,04192026,Δalr1_EV,Δalr1,EV,CDM19 - ala
14,F2,0.591,04192026,Δalr1_alr1,Δalr1,alr1,CDM19 - ala
14,F3,1.526,04192026,dat::Tn_alr1,dat::Tn,alr1,TSB
14,F4,1.248,04192026,Δalr1,Δalr1,None,TSB
14,F5,1.28,04192026,Δalr1_EV,Δalr1,EV,TSB
14,F6,1.437,04192026,Δalr1_alr1,Δalr1,alr1,TSB
14,G1,0.088,04192026,NB,NB,None,CDM19 - ala
14,G2,1.049,04192026,Parent,Parent,None,CDM19 - ala
14,G3,0.864,04192026,Parent_EV,Parent,EV,CDM19 - ala
14,G4,1.036,04192026,Parent_Pdat dat,Parent,Pdat dat,CDM19 - ala
14,G5,1.413,04192026,Parent_PpepV dat,Parent,PpepV dat,CDM19 - ala
14,G6,1.088,04192026,Parent_alr1,Parent,alr1,CDM19 - ala
14,G7,0.157,04192026,dat::Tn,dat::Tn,None,CDM19 - ala
14,G8,0.147,04192026,dat::Tn_EV,dat::Tn,EV,CDM19 - ala
14,G9,0.102,04192026,dat::Tn_Pdat dat,dat::Tn,Pdat dat,CDM19 - ala
14,G10,1.368,04192026,dat::Tn_PpepV dat,dat::Tn,PpepV dat,CDM19 - ala
14,G11,0.154,04192026,dat::Tn_alr1,dat::Tn,alr1,CDM19 - ala
14,G12,0.211,04192026,Δalr1,Δalr1,None,CDM19 - ala
14,H1,0.086,04192026,NB,NB,None,CDM19 - ala
14,H2,0.973,04192026,Parent,Parent,None,CDM19 - ala
14,H3,0.91,04192026,Parent_EV,Parent,EV,CDM19 - ala
14,H4,0.994,04192026,Parent_Pdat dat,Parent,Pdat dat,CDM19 - ala
14,H5,1.373,04192026,Parent_PpepV dat,Parent,PpepV dat,CDM19 - ala
14,H6,1.002,04192026,Parent_alr1,Parent,alr1,CDM19 - ala
14,H7,0.14,04192026,dat::Tn,dat::Tn,None,CDM19 - ala
14,H8,0.122,04192026,dat::Tn_EV,dat::Tn,EV,CDM19 - ala
14,H9,0.126,04192026,dat::Tn_Pdat dat,dat::Tn,Pdat dat,CDM19 - ala
14,H10,1.355,04192026,dat::Tn_PpepV dat,dat::Tn,PpepV dat,CDM19 - ala
14,H11,0.148,04192026,dat::Tn_alr1,dat::Tn,alr1,CDM19 - ala
14,H12,0.194,04192026,Δalr1,Δalr1,None,CDM19 - ala
15,A1,0.087,04192026,NB,NB,None,CDM20
15,A2,1.389,04192026,Parent,Parent,None,CDM20
15,A3,1.394,04192026,Parent_EV,Parent,EV,CDM20
15,A4,1.375,04192026,Parent_Pdat dat,Parent,Pdat dat,CDM20
15,A5,1.389,04192026,Parent_PpepV dat,Parent,PpepV dat,CDM20
15,A6,1.395,04192026,Parent_alr1,Parent,alr1,CDM20
15,A7,1.398,04192026,dat::Tn,dat::Tn,None,CDM20
15,A8,1.409,04192026,dat::Tn_EV,dat::Tn,EV,CDM20
15,A9,1.436,04192026,dat::Tn_Pdat dat,dat::Tn,Pdat dat,CDM20
15,A10,1.426,04192026,dat::Tn_PpepV dat,dat::Tn,PpepV dat,CDM20
15,A11,1.422,04192026,dat::Tn_alr1,dat::Tn,alr1,CDM20
15,A12,1.356,04192026,Δalr1,Δalr1,None,CDM20
15,B1,0.087,04192026,NB,NB,None,CDM20
15,B2,1.385,04192026,Parent,Parent,None,CDM20
15,B3,1.383,04192026,Parent_EV,Parent,EV,CDM20
15,B4,1.418,04192026,Parent_Pdat dat,Parent,Pdat dat,CDM20
15,B5,1.404,04192026,Parent_PpepV dat,Parent,PpepV dat,CDM20
15,B6,1.404,04192026,Parent_alr1,Parent,alr1,CDM20
15,B7,1.421,04192026,dat::Tn,dat::Tn,None,CDM20
15,B8,1.443,04192026,dat::Tn_EV,dat::Tn,EV,CDM20
15,B9,1.476,04192026,dat::Tn_Pdat dat,dat::Tn,Pdat dat,CDM20
15,B10,1.475,04192026,dat::Tn_PpepV dat,dat::Tn,PpepV dat,CDM20
15,B11,1.468,04192026,dat::Tn_alr1,dat::Tn,alr1,CDM20
15,B12,1.393,04192026,Δalr1,Δalr1,None,CDM20
15,C1,1.342,04192026,Δalr1_EV,Δalr1,EV,CDM20
15,C2,1.384,04192026,Δalr1_alr1,Δalr1,alr1,CDM20
15,C3,0.093,04192026,NB,NB,None,TSB
15,C4,1.359,04192026,Parent,Parent,None,TSB
15,C5,1.447,04192026,Parent_EV,Parent,EV,TSB
15,C6,1.405,04192026,Parent_Pdat dat,Parent,Pdat dat,TSB
15,C7,1.449,04192026,Parent_PpepV dat,Parent,PpepV dat,TSB
15,C8,1.487,04192026,Parent_alr1,Parent,alr1,TSB
15,C9,1.545,04192026,dat::Tn,dat::Tn,None,TSB
15,C10,1.534,04192026,dat::Tn_EV,dat::Tn,EV,TSB
15,C11,1.544,04192026,dat::Tn_Pdat dat,dat::Tn,Pdat dat,TSB
15,C12,1.397,04192026,dat::Tn_PpepV dat,dat::Tn,PpepV dat,TSB
15,D1,1.352,04192026,Δalr1_EV,Δalr1,EV,CDM20
15,D2,1.406,04192026,Δalr1_alr1,Δalr1,alr1,CDM20
15,D3,0.091,04192026,NB,NB,None,TSB
15,D4,1.443,04192026,Parent,Parent,None,TSB
15,D5,1.481,04192026,Parent_EV,Parent,EV,TSB
15,D6,1.458,04192026,Parent_Pdat dat,Parent,Pdat dat,TSB
15,D7,1.443,04192026,Parent_PpepV dat,Parent,PpepV dat,TSB
15,D8,1.473,04192026,Parent_alr1,Parent,alr1,TSB
15,D9,1.539,04192026,dat::Tn,dat::Tn,None,TSB
15,D10,1.549,04192026,dat::Tn_EV,dat::Tn,EV,TSB
15,D11,1.521,04192026,dat::Tn_Pdat dat,dat::Tn,Pdat dat,TSB
15,D12,1.414,04192026,dat::Tn_PpepV dat,dat::Tn,PpepV dat,TSB
15,E1,0.252,04192026,Δalr1_EV,Δalr1,EV,CDM19 - ala
15,E2,0.639,04192026,Δalr1_alr1,Δalr1,alr1,CDM19 - ala
15,E3,1.522,04192026,dat::Tn_alr1,dat::Tn,alr1,TSB
15,E4,1.262,04192026,Δalr1,Δalr1,None,TSB
15,E5,1.332,04192026,Δalr1_EV,Δalr1,EV,TSB
15,E6,1.393,04192026,Δalr1_alr1,Δalr1,alr1,TSB
15,F1,0.162,04192026,Δalr1_EV,Δalr1,EV,CDM19 - ala
15,F2,0.684,04192026,Δalr1_alr1,Δalr1,alr1,CDM19 - ala
15,F3,1.525,04192026,dat::Tn_alr1,dat::Tn,alr1,TSB
15,F4,1.264,04192026,Δalr1,Δalr1,None,TSB
15,F5,1.285,04192026,Δalr1_EV,Δalr1,EV,TSB
15,F6,1.421,04192026,Δalr1_alr1,Δalr1,alr1,TSB
15,G1,0.087,04192026,NB,NB,None,CDM19 - ala
15,G2,1.192,04192026,Parent,Parent,None,CDM19 - ala
15,G3,1.029,04192026,Parent_EV,Parent,EV,CDM19 - ala
15,G4,1.178,04192026,Parent_Pdat dat,Parent,Pdat dat,CDM19 - ala
15,G5,1.419,04192026,Parent_PpepV dat,Parent,PpepV dat,CDM19 - ala
15,G6,1.232,04192026,Parent_alr1,Parent,alr1,CDM19 - ala
15,G7,0.157,04192026,dat::Tn,dat::Tn,None,CDM19 - ala
15,G8,0.144,04192026,dat::Tn_EV,dat::Tn,EV,CDM19 - ala
15,G9,0.102,04192026,dat::Tn_Pdat dat,dat::Tn,Pdat dat,CDM19 - ala
15,G10,1.387,04192026,dat::Tn_PpepV dat,dat::Tn,PpepV dat,CDM19 - ala
15,G11,0.156,04192026,dat::Tn_alr1,dat::Tn,alr1,CDM19 - ala
15,G12,0.223,04192026,Δalr1,Δalr1,None,CDM19 - ala
15,H1,0.087,04192026,NB,NB,None,CDM19 - ala
15,H2,1.118,04192026,Parent,Parent,None,CDM19 - ala
15,H3,1.079,04192026,Parent_EV,Parent,EV,CDM19 - ala
15,H4,1.134,04192026,Parent_Pdat dat,Parent,Pdat dat,CDM19 - ala
15,H5,1.385,04192026,Parent_PpepV dat,Parent,PpepV dat,CDM19 - ala
15,H6,1.148,04192026,Parent_alr1,Parent,alr1,CDM19 - ala
15,H7,0.144,04192026,dat::Tn,dat::Tn,None,CDM19 - ala
15,H8,0.121,04192026,dat::Tn_EV,dat::Tn,EV,CDM19 - ala
15,H9,0.127,04192026,dat::Tn_Pdat dat,dat::Tn,Pdat dat,CDM19 - ala
15,H10,1.377,04192026,dat::Tn_PpepV dat,dat::Tn,PpepV dat,CDM19 - ala
15,H11,0.15,04192026,dat::Tn_alr1,dat::Tn,alr1,CDM19 - ala
15,H12,0.216,04192026,Δalr1,Δalr1,None,CDM19 - ala
16,A1,0.087,04192026,NB,NB,None,CDM20
16,A2,1.421,04192026,Parent,Parent,None,CDM20
16,A3,1.425,04192026,Parent_EV,Parent,EV,CDM20
16,A4,1.406,04192026,Parent_Pdat dat,Parent,Pdat dat,CDM20
16,A5,1.419,04192026,Parent_PpepV dat,Parent,PpepV dat,CDM20
16,A6,1.419,04192026,Parent_alr1,Parent,alr1,CDM20
16,A7,1.42,04192026,dat::Tn,dat::Tn,None,CDM20
16,A8,1.433,04192026,dat::Tn_EV,dat::Tn,EV,CDM20
16,A9,1.458,04192026,dat::Tn_Pdat dat,dat::Tn,Pdat dat,CDM20
16,A10,1.456,04192026,dat::Tn_PpepV dat,dat::Tn,PpepV dat,CDM20
16,A11,1.444,04192026,dat::Tn_alr1,dat::Tn,alr1,CDM20
16,A12,1.366,04192026,Δalr1,Δalr1,None,CDM20
16,B1,0.087,04192026,NB,NB,None,CDM20
16,B2,1.418,04192026,Parent,Parent,None,CDM20
16,B3,1.414,04192026,Parent_EV,Parent,EV,CDM20
16,B4,1.439,04192026,Parent_Pdat dat,Parent,Pdat dat,CDM20
16,B5,1.429,04192026,Parent_PpepV dat,Parent,PpepV dat,CDM20
16,B6,1.427,04192026,Parent_alr1,Parent,alr1,CDM20
16,B7,1.444,04192026,dat::Tn,dat::Tn,None,CDM20
16,B8,1.466,04192026,dat::Tn_EV,dat::Tn,EV,CDM20
16,B9,1.5,04192026,dat::Tn_Pdat dat,dat::Tn,Pdat dat,CDM20
16,B10,1.506,04192026,dat::Tn_PpepV dat,dat::Tn,PpepV dat,CDM20
16,B11,1.496,04192026,dat::Tn_alr1,dat::Tn,alr1,CDM20
16,B12,1.418,04192026,Δalr1,Δalr1,None,CDM20
16,C1,1.377,04192026,Δalr1_EV,Δalr1,EV,CDM20
16,C2,1.416,04192026,Δalr1_alr1,Δalr1,alr1,CDM20
16,C3,0.093,04192026,NB,NB,None,TSB
16,C4,1.368,04192026,Parent,Parent,None,TSB
16,C5,1.448,04192026,Parent_EV,Parent,EV,TSB
16,C6,1.409,04192026,Parent_Pdat dat,Parent,Pdat dat,TSB
16,C7,1.455,04192026,Parent_PpepV dat,Parent,PpepV dat,TSB
16,C8,1.489,04192026,Parent_alr1,Parent,alr1,TSB
16,C9,1.546,04192026,dat::Tn,dat::Tn,None,TSB
16,C10,1.534,04192026,dat::Tn_EV,dat::Tn,EV,TSB
16,C11,1.545,04192026,dat::Tn_Pdat dat,dat::Tn,Pdat dat,TSB
16,C12,1.4,04192026,dat::Tn_PpepV dat,dat::Tn,PpepV dat,TSB
16,D1,1.39,04192026,Δalr1_EV,Δalr1,EV,CDM20
16,D2,1.437,04192026,Δalr1_alr1,Δalr1,alr1,CDM20
16,D3,0.091,04192026,NB,NB,None,TSB
16,D4,1.453,04192026,Parent,Parent,None,TSB
16,D5,1.481,04192026,Parent_EV,Parent,EV,TSB
16,D6,1.46,04192026,Parent_Pdat dat,Parent,Pdat dat,TSB
16,D7,1.446,04192026,Parent_PpepV dat,Parent,PpepV dat,TSB
16,D8,1.477,04192026,Parent_alr1,Parent,alr1,TSB
16,D9,1.542,04192026,dat::Tn,dat::Tn,None,TSB
16,D10,1.55,04192026,dat::Tn_EV,dat::Tn,EV,TSB
16,D11,1.516,04192026,dat::Tn_Pdat dat,dat::Tn,Pdat dat,TSB
16,D12,1.415,04192026,dat::Tn_PpepV dat,dat::Tn,PpepV dat,TSB
16,E1,0.266,04192026,Δalr1_EV,Δalr1,EV,CDM19 - ala
16,E2,0.744,04192026,Δalr1_alr1,Δalr1,alr1,CDM19 - ala
16,E3,1.525,04192026,dat::Tn_alr1,dat::Tn,alr1,TSB
16,E4,1.277,04192026,Δalr1,Δalr1,None,TSB
16,E5,1.349,04192026,Δalr1_EV,Δalr1,EV,TSB
16,E6,1.402,04192026,Δalr1_alr1,Δalr1,alr1,TSB
16,F1,0.171,04192026,Δalr1_EV,Δalr1,EV,CDM19 - ala
16,F2,0.786,04192026,Δalr1_alr1,Δalr1,alr1,CDM19 - ala
16,F3,1.531,04192026,dat::Tn_alr1,dat::Tn,alr1,TSB
16,F4,1.278,04192026,Δalr1,Δalr1,None,TSB
16,F5,1.304,04192026,Δalr1_EV,Δalr1,EV,TSB
16,F6,1.429,04192026,Δalr1_alr1,Δalr1,alr1,TSB
16,G1,0.088,04192026,NB,NB,None,CDM19 - ala
16,G2,1.307,04192026,Parent,Parent,None,CDM19 - ala
16,G3,1.189,04192026,Parent_EV,Parent,EV,CDM19 - ala
16,G4,1.302,04192026,Parent_Pdat dat,Parent,Pdat dat,CDM19 - ala
16,G5,1.451,04192026,Parent_PpepV dat,Parent,PpepV dat,CDM19 - ala
16,G6,1.346,04192026,Parent_alr1,Parent,alr1,CDM19 - ala
16,G7,0.159,04192026,dat::Tn,dat::Tn,None,CDM19 - ala
16,G8,0.143,04192026,dat::Tn_EV,dat::Tn,EV,CDM19 - ala
16,G9,0.102,04192026,dat::Tn_Pdat dat,dat::Tn,Pdat dat,CDM19 - ala
16,G10,1.414,04192026,dat::Tn_PpepV dat,dat::Tn,PpepV dat,CDM19 - ala
16,G11,0.159,04192026,dat::Tn_alr1,dat::Tn,alr1,CDM19 - ala
16,G12,0.234,04192026,Δalr1,Δalr1,None,CDM19 - ala
16,H1,0.086,04192026,NB,NB,None,CDM19 - ala
16,H2,1.245,04192026,Parent,Parent,None,CDM19 - ala
16,H3,1.227,04192026,Parent_EV,Parent,EV,CDM19 - ala
16,H4,1.257,04192026,Parent_Pdat dat,Parent,Pdat dat,CDM19 - ala
16,H5,1.413,04192026,Parent_PpepV dat,Parent,PpepV dat,CDM19 - ala
16,H6,1.259,04192026,Parent_alr1,Parent,alr1,CDM19 - ala
16,H7,0.147,04192026,dat::Tn,dat::Tn,None,CDM19 - ala
16,H8,0.122,04192026,dat::Tn_EV,dat::Tn,EV,CDM19 - ala
16,H9,0.128,04192026,dat::Tn_Pdat dat,dat::Tn,Pdat dat,CDM19 - ala
16,H10,1.407,04192026,dat::Tn_PpepV dat,dat::Tn,PpepV dat,CDM19 - ala
16,H11,0.152,04192026,dat::Tn_alr1,dat::Tn,alr1,CDM19 - ala
16,H12,0.226,04192026,Δalr1,Δalr1,None,CDM19 - ala
17,A1,0.087,04192026,NB,NB,None,CDM20
17,A2,1.404,04192026,Parent,Parent,None,CDM20
17,A3,1.412,04192026,Parent_EV,Parent,EV,CDM20
17,A4,1.402,04192026,Parent_Pdat dat,Parent,Pdat dat,CDM20
17,A5,1.415,04192026,Parent_PpepV dat,Parent,PpepV dat,CDM20
17,A6,1.419,04192026,Parent_alr1,Parent,alr1,CDM20
17,A7,1.411,04192026,dat::Tn,dat::Tn,None,CDM20
17,A8,1.432,04192026,dat::Tn_EV,dat::Tn,EV,CDM20
17,A9,1.455,04192026,dat::Tn_Pdat dat,dat::Tn,Pdat dat,CDM20
17,A10,1.455,04192026,dat::Tn_PpepV dat,dat::Tn,PpepV dat,CDM20
17,A11,1.442,04192026,dat::Tn_alr1,dat::Tn,alr1,CDM20
17,A12,1.416,04192026,Δalr1,Δalr1,None,CDM20
17,B1,0.087,04192026,NB,NB,None,CDM20
17,B2,1.42,04192026,Parent,Parent,None,CDM20
17,B3,1.413,04192026,Parent_EV,Parent,EV,CDM20
17,B4,1.435,04192026,Parent_Pdat dat,Parent,Pdat dat,CDM20
17,B5,1.425,04192026,Parent_PpepV dat,Parent,PpepV dat,CDM20
17,B6,1.427,04192026,Parent_alr1,Parent,alr1,CDM20
17,B7,1.444,04192026,dat::Tn,dat::Tn,None,CDM20
17,B8,1.464,04192026,dat::Tn_EV,dat::Tn,EV,CDM20
17,B9,1.502,04192026,dat::Tn_Pdat dat,dat::Tn,Pdat dat,CDM20
17,B10,1.509,04192026,dat::Tn_PpepV dat,dat::Tn,PpepV dat,CDM20
17,B11,1.495,04192026,dat::Tn_alr1,dat::Tn,alr1,CDM20
17,B12,1.425,04192026,Δalr1,Δalr1,None,CDM20
17,C1,1.369,04192026,Δalr1_EV,Δalr1,EV,CDM20
17,C2,1.42,04192026,Δalr1_alr1,Δalr1,alr1,CDM20
17,C3,0.093,04192026,NB,NB,None,TSB
17,C4,1.351,04192026,Parent,Parent,None,TSB
17,C5,1.426,04192026,Parent_EV,Parent,EV,TSB
17,C6,1.387,04192026,Parent_Pdat dat,Parent,Pdat dat,TSB
17,C7,1.438,04192026,Parent_PpepV dat,Parent,PpepV dat,TSB
17,C8,1.478,04192026,Parent_alr1,Parent,alr1,TSB
17,C9,1.538,04192026,dat::Tn,dat::Tn,None,TSB
17,C10,1.52,04192026,dat::Tn_EV,dat::Tn,EV,TSB
17,C11,1.532,04192026,dat::Tn_Pdat dat,dat::Tn,Pdat dat,TSB
17,C12,1.372,04192026,dat::Tn_PpepV dat,dat::Tn,PpepV dat,TSB
17,D1,1.385,04192026,Δalr1_EV,Δalr1,EV,CDM20
17,D2,1.438,04192026,Δalr1_alr1,Δalr1,alr1,CDM20
17,D3,0.091,04192026,NB,NB,None,TSB
17,D4,1.444,04192026,Parent,Parent,None,TSB
17,D5,1.464,04192026,Parent_EV,Parent,EV,TSB
17,D6,1.445,04192026,Parent_Pdat dat,Parent,Pdat dat,TSB
17,D7,1.428,04192026,Parent_PpepV dat,Parent,PpepV dat,TSB
17,D8,1.47,04192026,Parent_alr1,Parent,alr1,TSB
17,D9,1.534,04192026,dat::Tn,dat::Tn,None,TSB
17,D10,1.54,04192026,dat::Tn_EV,dat::Tn,EV,TSB
17,D11,1.513,04192026,dat::Tn_Pdat dat,dat::Tn,Pdat dat,TSB
17,D12,1.413,04192026,dat::Tn_PpepV dat,dat::Tn,PpepV dat,TSB
17,E1,0.29,04192026,Δalr1_EV,Δalr1,EV,CDM19 - ala
17,E2,0.838,04192026,Δalr1_alr1,Δalr1,alr1,CDM19 - ala
17,E3,1.515,04192026,dat::Tn_alr1,dat::Tn,alr1,TSB
17,E4,1.277,04192026,Δalr1,Δalr1,None,TSB
17,E5,1.345,04192026,Δalr1_EV,Δalr1,EV,TSB
17,E6,1.381,04192026,Δalr1_alr1,Δalr1,alr1,TSB
17,F1,0.182,04192026,Δalr1_EV,Δalr1,EV,CDM19 - ala
17,F2,0.885,04192026,Δalr1_alr1,Δalr1,alr1,CDM19 - ala
17,F3,1.522,04192026,dat::Tn_alr1,dat::Tn,alr1,TSB
17,F4,1.279,04192026,Δalr1,Δalr1,None,TSB
17,F5,1.308,04192026,Δalr1_EV,Δalr1,EV,TSB
17,F6,1.409,04192026,Δalr1_alr1,Δalr1,alr1,TSB
17,G1,0.087,04192026,NB,NB,None,CDM19 - ala
17,G2,1.358,04192026,Parent,Parent,None,CDM19 - ala
17,G3,1.306,04192026,Parent_EV,Parent,EV,CDM19 - ala
17,G4,1.396,04192026,Parent_Pdat dat,Parent,Pdat dat,CDM19 - ala
17,G5,1.446,04192026,Parent_PpepV dat,Parent,PpepV dat,CDM19 - ala
17,G6,1.418,04192026,Parent_alr1,Parent,alr1,CDM19 - ala
17,G7,0.158,04192026,dat::Tn,dat::Tn,None,CDM19 - ala
17,G8,0.142,04192026,dat::Tn_EV,dat::Tn,EV,CDM19 - ala
17,G9,0.102,04192026,dat::Tn_Pdat dat,dat::Tn,Pdat dat,CDM19 - ala
17,G10,1.419,04192026,dat::Tn_PpepV dat,dat::Tn,PpepV dat,CDM19 - ala
17,G11,0.16,04192026,dat::Tn_alr1,dat::Tn,alr1,CDM19 - ala
17,G12,0.265,04192026,Δalr1,Δalr1,None,CDM19 - ala
17,H1,0.087,04192026,NB,NB,None,CDM19 - ala
17,H2,1.335,04192026,Parent,Parent,None,CDM19 - ala
17,H3,1.329,04192026,Parent_EV,Parent,EV,CDM19 - ala
17,H4,1.361,04192026,Parent_Pdat dat,Parent,Pdat dat,CDM19 - ala
17,H5,1.398,04192026,Parent_PpepV dat,Parent,PpepV dat,CDM19 - ala
17,H6,1.342,04192026,Parent_alr1,Parent,alr1,CDM19 - ala
17,H7,0.15,04192026,dat::Tn,dat::Tn,None,CDM19 - ala
17,H8,0.122,04192026,dat::Tn_EV,dat::Tn,EV,CDM19 - ala
17,H9,0.128,04192026,dat::Tn_Pdat dat,dat::Tn,Pdat dat,CDM19 - ala
17,H10,1.409,04192026,dat::Tn_PpepV dat,dat::Tn,PpepV dat,CDM19 - ala
17,H11,0.155,04192026,dat::Tn_alr1,dat::Tn,alr1,CDM19 - ala
17,H12,0.26,04192026,Δalr1,Δalr1,None,CDM19 - ala
18,A1,0.088,04192026,NB,NB,None,CDM20
18,A2,1.392,04192026,Parent,Parent,None,CDM20
18,A3,1.391,04192026,Parent_EV,Parent,EV,CDM20
18,A4,1.395,04192026,Parent_Pdat dat,Parent,Pdat dat,CDM20
18,A5,1.401,04192026,Parent_PpepV dat,Parent,PpepV dat,CDM20
18,A6,1.417,04192026,Parent_alr1,Parent,alr1,CDM20
18,A7,1.397,04192026,dat::Tn,dat::Tn,None,CDM20
18,A8,1.414,04192026,dat::Tn_EV,dat::Tn,EV,CDM20
18,A9,1.454,04192026,dat::Tn_Pdat dat,dat::Tn,Pdat dat,CDM20
18,A10,1.438,04192026,dat::Tn_PpepV dat,dat::Tn,PpepV dat,CDM20
18,A11,1.438,04192026,dat::Tn_alr1,dat::Tn,alr1,CDM20
18,A12,1.404,04192026,Δalr1,Δalr1,None,CDM20
18,B1,0.087,04192026,NB,NB,None,CDM20
18,B2,1.415,04192026,Parent,Parent,None,CDM20
18,B3,1.401,04192026,Parent_EV,Parent,EV,CDM20
18,B4,1.437,04192026,Parent_Pdat dat,Parent,Pdat dat,CDM20
18,B5,1.421,04192026,Parent_PpepV dat,Parent,PpepV dat,CDM20
18,B6,1.43,04192026,Parent_alr1,Parent,alr1,CDM20
18,B7,1.434,04192026,dat::Tn,dat::Tn,None,CDM20
18,B8,1.46,04192026,dat::Tn_EV,dat::Tn,EV,CDM20
18,B9,1.501,04192026,dat::Tn_Pdat dat,dat::Tn,Pdat dat,CDM20
18,B10,1.51,04192026,dat::Tn_PpepV dat,dat::Tn,PpepV dat,CDM20
18,B11,1.485,04192026,dat::Tn_alr1,dat::Tn,alr1,CDM20
18,B12,1.424,04192026,Δalr1,Δalr1,None,CDM20
18,C1,1.372,04192026,Δalr1_EV,Δalr1,EV,CDM20
18,C2,1.426,04192026,Δalr1_alr1,Δalr1,alr1,CDM20
18,C3,0.093,04192026,NB,NB,None,TSB
18,C4,1.338,04192026,Parent,Parent,None,TSB
18,C5,1.411,04192026,Parent_EV,Parent,EV,TSB
18,C6,1.377,04192026,Parent_Pdat dat,Parent,Pdat dat,TSB
18,C7,1.415,04192026,Parent_PpepV dat,Parent,PpepV dat,TSB
18,C8,1.458,04192026,Parent_alr1,Parent,alr1,TSB
18,C9,1.528,04192026,dat::Tn,dat::Tn,None,TSB
18,C10,1.514,04192026,dat::Tn_EV,dat::Tn,EV,TSB
18,C11,1.516,04192026,dat::Tn_Pdat dat,dat::Tn,Pdat dat,TSB
18,C12,1.366,04192026,dat::Tn_PpepV dat,dat::Tn,PpepV dat,TSB
18,D1,1.389,04192026,Δalr1_EV,Δalr1,EV,CDM20
18,D2,1.427,04192026,Δalr1_alr1,Δalr1,alr1,CDM20
18,D3,0.091,04192026,NB,NB,None,TSB
18,D4,1.425,04192026,Parent,Parent,None,TSB
18,D5,1.446,04192026,Parent_EV,Parent,EV,TSB
18,D6,1.427,04192026,Parent_Pdat dat,Parent,Pdat dat,TSB
18,D7,1.404,04192026,Parent_PpepV dat,Parent,PpepV dat,TSB
18,D8,1.45,04192026,Parent_alr1,Parent,alr1,TSB
18,D9,1.527,04192026,dat::Tn,dat::Tn,None,TSB
18,D10,1.527,04192026,dat::Tn_EV,dat::Tn,EV,TSB
18,D11,1.485,04192026,dat::Tn_Pdat dat,dat::Tn,Pdat dat,TSB
18,D12,1.401,04192026,dat::Tn_PpepV dat,dat::Tn,PpepV dat,TSB
18,E1,0.31,04192026,Δalr1_EV,Δalr1,EV,CDM19 - ala
18,E2,0.928,04192026,Δalr1_alr1,Δalr1,alr1,CDM19 - ala
18,E3,1.504,04192026,dat::Tn_alr1,dat::Tn,alr1,TSB
18,E4,1.273,04192026,Δalr1,Δalr1,None,TSB
18,E5,1.338,04192026,Δalr1_EV,Δalr1,EV,TSB
18,E6,1.363,04192026,Δalr1_alr1,Δalr1,alr1,TSB
18,F1,0.195,04192026,Δalr1_EV,Δalr1,EV,CDM19 - ala
18,F2,0.98,04192026,Δalr1_alr1,Δalr1,alr1,CDM19 - ala
18,F3,1.508,04192026,dat::Tn_alr1,dat::Tn,alr1,TSB
18,F4,1.265,04192026,Δalr1,Δalr1,None,TSB
18,F5,1.306,04192026,Δalr1_EV,Δalr1,EV,TSB
18,F6,1.391,04192026,Δalr1_alr1,Δalr1,alr1,TSB
18,G1,0.087,04192026,NB,NB,None,CDM19 - ala
18,G2,1.392,04192026,Parent,Parent,None,CDM19 - ala
18,G3,1.38,04192026,Parent_EV,Parent,EV,CDM19 - ala
18,G4,1.448,04192026,Parent_Pdat dat,Parent,Pdat dat,CDM19 - ala
18,G5,1.455,04192026,Parent_PpepV dat,Parent,PpepV dat,CDM19 - ala
18,G6,1.443,04192026,Parent_alr1,Parent,alr1,CDM19 - ala
18,G7,0.162,04192026,dat::Tn,dat::Tn,None,CDM19 - ala
18,G8,0.145,04192026,dat::Tn_EV,dat::Tn,EV,CDM19 - ala
18,G9,0.102,04192026,dat::Tn_Pdat dat,dat::Tn,Pdat dat,CDM19 - ala
18,G10,1.437,04192026,dat::Tn_PpepV dat,dat::Tn,PpepV dat,CDM19 - ala
18,G11,0.166,04192026,dat::Tn_alr1,dat::Tn,alr1,CDM19 - ala
18,G12,0.274,04192026,Δalr1,Δalr1,None,CDM19 - ala
18,H1,0.087,04192026,NB,NB,None,CDM19 - ala
18,H2,1.39,04192026,Parent,Parent,None,CDM19 - ala
18,H3,1.385,04192026,Parent_EV,Parent,EV,CDM19 - ala
18,H4,1.406,04192026,Parent_Pdat dat,Parent,Pdat dat,CDM19 - ala
18,H5,1.411,04192026,Parent_PpepV dat,Parent,PpepV dat,CDM19 - ala
18,H6,1.378,04192026,Parent_alr1,Parent,alr1,CDM19 - ala
18,H7,0.155,04192026,dat::Tn,dat::Tn,None,CDM19 - ala
18,H8,0.125,04192026,dat::Tn_EV,dat::Tn,EV,CDM19 - ala
18,H9,0.133,04192026,dat::Tn_Pdat dat,dat::Tn,Pdat dat,CDM19 - ala
18,H10,1.418,04192026,dat::Tn_PpepV dat,dat::Tn,PpepV dat,CDM19 - ala
18,H11,0.157,04192026,dat::Tn_alr1,dat::Tn,alr1,CDM19 - ala
18,H12,0.275,04192026,Δalr1,Δalr1,None,CDM19 - ala
19,A1,0.087,04192026,NB,NB,None,CDM20
19,A2,1.369,04192026,Parent,Parent,None,CDM20
19,A3,1.374,04192026,Parent_EV,Parent,EV,CDM20
19,A4,1.376,04192026,Parent_Pdat dat,Parent,Pdat dat,CDM20
19,A5,1.387,04192026,Parent_PpepV dat,Parent,PpepV dat,CDM20
19,A6,1.398,04192026,Parent_alr1,Parent,alr1,CDM20
19,A7,1.371,04192026,dat::Tn,dat::Tn,None,CDM20
19,A8,1.395,04192026,dat::Tn_EV,dat::Tn,EV,CDM20
19,A9,1.424,04192026,dat::Tn_Pdat dat,dat::Tn,Pdat dat,CDM20
19,A10,1.419,04192026,dat::Tn_PpepV dat,dat::Tn,PpepV dat,CDM20
19,A11,1.417,04192026,dat::Tn_alr1,dat::Tn,alr1,CDM20
19,A12,1.402,04192026,Δalr1,Δalr1,None,CDM20
19,B1,0.087,04192026,NB,NB,None,CDM20
19,B2,1.395,04192026,Parent,Parent,None,CDM20
19,B3,1.39,04192026,Parent_EV,Parent,EV,CDM20
19,B4,1.417,04192026,Parent_Pdat dat,Parent,Pdat dat,CDM20
19,B5,1.4,04192026,Parent_PpepV dat,Parent,PpepV dat,CDM20
19,B6,1.411,04192026,Parent_alr1,Parent,alr1,CDM20
19,B7,1.414,04192026,dat::Tn,dat::Tn,None,CDM20
19,B8,1.442,04192026,dat::Tn_EV,dat::Tn,EV,CDM20
19,B9,1.474,04192026,dat::Tn_Pdat dat,dat::Tn,Pdat dat,CDM20
19,B10,1.481,04192026,dat::Tn_PpepV dat,dat::Tn,PpepV dat,CDM20
19,B11,1.461,04192026,dat::Tn_alr1,dat::Tn,alr1,CDM20
19,B12,1.404,04192026,Δalr1,Δalr1,None,CDM20
19,C1,1.343,04192026,Δalr1_EV,Δalr1,EV,CDM20
19,C2,1.406,04192026,Δalr1_alr1,Δalr1,alr1,CDM20
19,C3,0.093,04192026,NB,NB,None,TSB
19,C4,1.31,04192026,Parent,Parent,None,TSB
19,C5,1.385,04192026,Parent_EV,Parent,EV,TSB
19,C6,1.353,04192026,Parent_Pdat dat,Parent,Pdat dat,TSB
19,C7,1.387,04192026,Parent_PpepV dat,Parent,PpepV dat,TSB
19,C8,1.439,04192026,Parent_alr1,Parent,alr1,TSB
19,C9,1.509,04192026,dat::Tn,dat::Tn,None,TSB
19,C10,1.491,04192026,dat::Tn_EV,dat::Tn,EV,TSB
19,C11,1.5,04192026,dat::Tn_Pdat dat,dat::Tn,Pdat dat,TSB
19,C12,1.346,04192026,dat::Tn_PpepV dat,dat::Tn,PpepV dat,TSB
19,D1,1.369,04192026,Δalr1_EV,Δalr1,EV,CDM20
19,D2,1.412,04192026,Δalr1_alr1,Δalr1,alr1,CDM20
19,D3,0.091,04192026,NB,NB,None,TSB
19,D4,1.406,04192026,Parent,Parent,None,TSB
19,D5,1.417,04192026,Parent_EV,Parent,EV,TSB
19,D6,1.398,04192026,Parent_Pdat dat,Parent,Pdat dat,TSB
19,D7,1.377,04192026,Parent_PpepV dat,Parent,PpepV dat,TSB
19,D8,1.432,04192026,Parent_alr1,Parent,alr1,TSB
19,D9,1.51,04192026,dat::Tn,dat::Tn,None,TSB
19,D10,1.52,04192026,dat::Tn_EV,dat::Tn,EV,TSB
19,D11,1.485,04192026,dat::Tn_Pdat dat,dat::Tn,Pdat dat,TSB
19,D12,1.393,04192026,dat::Tn_PpepV dat,dat::Tn,PpepV dat,TSB
19,E1,0.328,04192026,Δalr1_EV,Δalr1,EV,CDM19 - ala
19,E2,1.017,04192026,Δalr1_alr1,Δalr1,alr1,CDM19 - ala
19,E3,1.477,04192026,dat::Tn_alr1,dat::Tn,alr1,TSB
19,E4,1.258,04192026,Δalr1,Δalr1,None,TSB
19,E5,1.318,04192026,Δalr1_EV,Δalr1,EV,TSB
19,E6,1.33,04192026,Δalr1_alr1,Δalr1,alr1,TSB
19,F1,0.21,04192026,Δalr1_EV,Δalr1,EV,CDM19 - ala
19,F2,1.074,04192026,Δalr1_alr1,Δalr1,alr1,CDM19 - ala
19,F3,1.48,04192026,dat::Tn_alr1,dat::Tn,alr1,TSB
19,F4,1.256,04192026,Δalr1,Δalr1,None,TSB
19,F5,1.286,04192026,Δalr1_EV,Δalr1,EV,TSB
19,F6,1.361,04192026,Δalr1_alr1,Δalr1,alr1,TSB
19,G1,0.088,04192026,NB,NB,None,CDM19 - ala
19,G2,1.422,04192026,Parent,Parent,None,CDM19 - ala
19,G3,1.42,04192026,Parent_EV,Parent,EV,CDM19 - ala
19,G4,1.471,04192026,Parent_Pdat dat,Parent,Pdat dat,CDM19 - ala
19,G5,1.435,04192026,Parent_PpepV dat,Parent,PpepV dat,CDM19 - ala
19,G6,1.465,04192026,Parent_alr1,Parent,alr1,CDM19 - ala
19,G7,0.169,04192026,dat::Tn,dat::Tn,None,CDM19 - ala
19,G8,0.151,04192026,dat::Tn_EV,dat::Tn,EV,CDM19 - ala
19,G9,0.102,04192026,dat::Tn_Pdat dat,dat::Tn,Pdat dat,CDM19 - ala
19,G10,1.423,04192026,dat::Tn_PpepV dat,dat::Tn,PpepV dat,CDM19 - ala
19,G11,0.176,04192026,dat::Tn_alr1,dat::Tn,alr1,CDM19 - ala
19,G12,0.302,04192026,Δalr1,Δalr1,None,CDM19 - ala
19,H1,0.087,04192026,NB,NB,None,CDM19 - ala
19,H2,1.413,04192026,Parent,Parent,None,CDM19 - ala
19,H3,1.419,04192026,Parent_EV,Parent,EV,CDM19 - ala
19,H4,1.432,04192026,Parent_Pdat dat,Parent,Pdat dat,CDM19 - ala
19,H5,1.389,04192026,Parent_PpepV dat,Parent,PpepV dat,CDM19 - ala
19,H6,1.398,04192026,Parent_alr1,Parent,alr1,CDM19 - ala
19,H7,0.164,04192026,dat::Tn,dat::Tn,None,CDM19 - ala
19,H8,0.13,04192026,dat::Tn_EV,dat::Tn,EV,CDM19 - ala
19,H9,0.138,04192026,dat::Tn_Pdat dat,dat::Tn,Pdat dat,CDM19 - ala
19,H10,1.408,04192026,dat::Tn_PpepV dat,dat::Tn,PpepV dat,CDM19 - ala
19,H11,0.164,04192026,dat::Tn_alr1,dat::Tn,alr1,CDM19 - ala
19,H12,0.307,04192026,Δalr1,Δalr1,None,CDM19 - ala
20,A1,0.087,04192026,NB,NB,None,CDM20
20,A2,1.442,04192026,Parent,Parent,None,CDM20
20,A3,1.427,04192026,Parent_EV,Parent,EV,CDM20
20,A4,1.424,04192026,Parent_Pdat dat,Parent,Pdat dat,CDM20
20,A5,1.437,04192026,Parent_PpepV dat,Parent,PpepV dat,CDM20
20,A6,1.447,04192026,Parent_alr1,Parent,alr1,CDM20
20,A7,1.44,04192026,dat::Tn,dat::Tn,None,CDM20
20,A8,1.464,04192026,dat::Tn_EV,dat::Tn,EV,CDM20
20,A9,1.48,04192026,dat::Tn_Pdat dat,dat::Tn,Pdat dat,CDM20
20,A10,1.484,04192026,dat::Tn_PpepV dat,dat::Tn,PpepV dat,CDM20
20,A11,1.479,04192026,dat::Tn_alr1,dat::Tn,alr1,CDM20
20,A12,1.454,04192026,Δalr1,Δalr1,None,CDM20
20,B1,0.087,04192026,NB,NB,None,CDM20
20,B2,1.443,04192026,Parent,Parent,None,CDM20
20,B3,1.431,04192026,Parent_EV,Parent,EV,CDM20
20,B4,1.467,04192026,Parent_Pdat dat,Parent,Pdat dat,CDM20
20,B5,1.448,04192026,Parent_PpepV dat,Parent,PpepV dat,CDM20
20,B6,1.464,04192026,Parent_alr1,Parent,alr1,CDM20
20,B7,1.448,04192026,dat::Tn,dat::Tn,None,CDM20
20,B8,1.488,04192026,dat::Tn_EV,dat::Tn,EV,CDM20
20,B9,1.518,04192026,dat::Tn_Pdat dat,dat::Tn,Pdat dat,CDM20
20,B10,1.528,04192026,dat::Tn_PpepV dat,dat::Tn,PpepV dat,CDM20
20,B11,1.51,04192026,dat::Tn_alr1,dat::Tn,alr1,CDM20
20,B12,1.455,04192026,Δalr1,Δalr1,None,CDM20
20,C1,1.406,04192026,Δalr1_EV,Δalr1,EV,CDM20
20,C2,1.446,04192026,Δalr1_alr1,Δalr1,alr1,CDM20
20,C3,0.093,04192026,NB,NB,None,TSB
20,C4,1.343,04192026,Parent,Parent,None,TSB
20,C5,1.416,04192026,Parent_EV,Parent,EV,TSB
20,C6,1.389,04192026,Parent_Pdat dat,Parent,Pdat dat,TSB
20,C7,1.424,04192026,Parent_PpepV dat,Parent,PpepV dat,TSB
20,C8,1.474,04192026,Parent_alr1,Parent,alr1,TSB
20,C9,1.531,04192026,dat::Tn,dat::Tn,None,TSB
20,C10,1.509,04192026,dat::Tn_EV,dat::Tn,EV,TSB
20,C11,1.521,04192026,dat::Tn_Pdat dat,dat::Tn,Pdat dat,TSB
20,C12,1.376,04192026,dat::Tn_PpepV dat,dat::Tn,PpepV dat,TSB
20,D1,1.424,04192026,Δalr1_EV,Δalr1,EV,CDM20
20,D2,1.452,04192026,Δalr1_alr1,Δalr1,alr1,CDM20
20,D3,0.091,04192026,NB,NB,None,TSB
20,D4,1.445,04192026,Parent,Parent,None,TSB
20,D5,1.45,04192026,Parent_EV,Parent,EV,TSB
20,D6,1.437,04192026,Parent_Pdat dat,Parent,Pdat dat,TSB
20,D7,1.414,04192026,Parent_PpepV dat,Parent,PpepV dat,TSB
20,D8,1.468,04192026,Parent_alr1,Parent,alr1,TSB
20,D9,1.532,04192026,dat::Tn,dat::Tn,None,TSB
20,D10,1.539,04192026,dat::Tn_EV,dat::Tn,EV,TSB
20,D11,1.518,04192026,dat::Tn_Pdat dat,dat::Tn,Pdat dat,TSB
20,D12,1.433,04192026,dat::Tn_PpepV dat,dat::Tn,PpepV dat,TSB
20,E1,0.353,04192026,Δalr1_EV,Δalr1,EV,CDM19 - ala
20,E2,1.134,04192026,Δalr1_alr1,Δalr1,alr1,CDM19 - ala
20,E3,1.5,04192026,dat::Tn_alr1,dat::Tn,alr1,TSB
20,E4,1.283,04192026,Δalr1,Δalr1,None,TSB
20,E5,1.361,04192026,Δalr1_EV,Δalr1,EV,TSB
20,E6,1.379,04192026,Δalr1_alr1,Δalr1,alr1,TSB
20,F1,0.228,04192026,Δalr1_EV,Δalr1,EV,CDM19 - ala
20,F2,1.19,04192026,Δalr1_alr1,Δalr1,alr1,CDM19 - ala
20,F3,1.503,04192026,dat::Tn_alr1,dat::Tn,alr1,TSB
20,F4,1.286,04192026,Δalr1,Δalr1,None,TSB
20,F5,1.311,04192026,Δalr1_EV,Δalr1,EV,TSB
20,F6,1.405,04192026,Δalr1_alr1,Δalr1,alr1,TSB
20,G1,0.088,04192026,NB,NB,None,CDM19 - ala
20,G2,1.463,04192026,Parent,Parent,None,CDM19 - ala
20,G3,1.478,04192026,Parent_EV,Parent,EV,CDM19 - ala
20,G4,1.506,04192026,Parent_Pdat dat,Parent,Pdat dat,CDM19 - ala
20,G5,1.475,04192026,Parent_PpepV dat,Parent,PpepV dat,CDM19 - ala
20,G6,1.496,04192026,Parent_alr1,Parent,alr1,CDM19 - ala
20,G7,0.165,04192026,dat::Tn,dat::Tn,None,CDM19 - ala
20,G8,0.149,04192026,dat::Tn_EV,dat::Tn,EV,CDM19 - ala
20,G9,0.102,04192026,dat::Tn_Pdat dat,dat::Tn,Pdat dat,CDM19 - ala
20,G10,1.464,04192026,dat::Tn_PpepV dat,dat::Tn,PpepV dat,CDM19 - ala
20,G11,0.177,04192026,dat::Tn_alr1,dat::Tn,alr1,CDM19 - ala
20,G12,0.332,04192026,Δalr1,Δalr1,None,CDM19 - ala
20,H1,0.087,04192026,NB,NB,None,CDM19 - ala
20,H2,1.46,04192026,Parent,Parent,None,CDM19 - ala
20,H3,1.469,04192026,Parent_EV,Parent,EV,CDM19 - ala
20,H4,1.479,04192026,Parent_Pdat dat,Parent,Pdat dat,CDM19 - ala
20,H5,1.406,04192026,Parent_PpepV dat,Parent,PpepV dat,CDM19 - ala
20,H6,1.454,04192026,Parent_alr1,Parent,alr1,CDM19 - ala
20,H7,0.16,04192026,dat::Tn,dat::Tn,None,CDM19 - ala
20,H8,0.131,04192026,dat::Tn_EV,dat::Tn,EV,CDM19 - ala
20,H9,0.141,04192026,dat::Tn_Pdat dat,dat::Tn,Pdat dat,CDM19 - ala
20,H10,1.454,04192026,dat::Tn_PpepV dat,dat::Tn,PpepV dat,CDM19 - ala
20,H11,0.163,04192026,dat::Tn_alr1,dat::Tn,alr1,CDM19 - ala
20,H12,0.343,04192026,Δalr1,Δalr1,None,CDM19 - ala
NA,A1,NA,04192026,NB,NB,None,CDM20
NA,A2,NA,04192026,Parent,Parent,None,CDM20
NA,A3,NA,04192026,Parent_EV,Parent,EV,CDM20
NA,A4,NA,04192026,Parent_Pdat dat,Parent,Pdat dat,CDM20
NA,A5,NA,04192026,Parent_PpepV dat,Parent,PpepV dat,CDM20
NA,A6,NA,04192026,Parent_alr1,Parent,alr1,CDM20
NA,A7,NA,04192026,dat::Tn,dat::Tn,None,CDM20
NA,A8,NA,04192026,dat::Tn_EV,dat::Tn,EV,CDM20
NA,A9,NA,04192026,dat::Tn_Pdat dat,dat::Tn,Pdat dat,CDM20
NA,A10,NA,04192026,dat::Tn_PpepV dat,dat::Tn,PpepV dat,CDM20
NA,A11,NA,04192026,dat::Tn_alr1,dat::Tn,alr1,CDM20
NA,A12,NA,04192026,Δalr1,Δalr1,None,CDM20
NA,B1,NA,04192026,NB,NB,None,CDM20
NA,B2,NA,04192026,Parent,Parent,None,CDM20
NA,B3,NA,04192026,Parent_EV,Parent,EV,CDM20
NA,B4,NA,04192026,Parent_Pdat dat,Parent,Pdat dat,CDM20
NA,B5,NA,04192026,Parent_PpepV dat,Parent,PpepV dat,CDM20
NA,B6,NA,04192026,Parent_alr1,Parent,alr1,CDM20
NA,B7,NA,04192026,dat::Tn,dat::Tn,None,CDM20
NA,B8,NA,04192026,dat::Tn_EV,dat::Tn,EV,CDM20
NA,B9,NA,04192026,dat::Tn_Pdat dat,dat::Tn,Pdat dat,CDM20
NA,B10,NA,04192026,dat::Tn_PpepV dat,dat::Tn,PpepV dat,CDM20
NA,B11,NA,04192026,dat::Tn_alr1,dat::Tn,alr1,CDM20
NA,B12,NA,04192026,Δalr1,Δalr1,None,CDM20
NA,C1,NA,04192026,Δalr1_EV,Δalr1,EV,CDM20
NA,C2,NA,04192026,Δalr1_alr1,Δalr1,alr1,CDM20
NA,C3,NA,04192026,NB,NB,None,TSB
NA,C4,NA,04192026,Parent,Parent,None,TSB
NA,C5,NA,04192026,Parent_EV,Parent,EV,TSB
NA,C6,NA,04192026,Parent_Pdat dat,Parent,Pdat dat,TSB
NA,C7,NA,04192026,Parent_PpepV dat,Parent,PpepV dat,TSB
NA,C8,NA,04192026,Parent_alr1,Parent,alr1,TSB
NA,C9,NA,04192026,dat::Tn,dat::Tn,None,TSB
NA,C10,NA,04192026,dat::Tn_EV,dat::Tn,EV,TSB
NA,C11,NA,04192026,dat::Tn_Pdat dat,dat::Tn,Pdat dat,TSB
NA,C12,NA,04192026,dat::Tn_PpepV dat,dat::Tn,PpepV dat,TSB
NA,D1,NA,04192026,Δalr1_EV,Δalr1,EV,CDM20
NA,D2,NA,04192026,Δalr1_alr1,Δalr1,alr1,CDM20
NA,D3,NA,04192026,NB,NB,None,TSB
NA,D4,NA,04192026,Parent,Parent,None,TSB
NA,D5,NA,04192026,Parent_EV,Parent,EV,TSB
NA,D6,NA,04192026,Parent_Pdat dat,Parent,Pdat dat,TSB
NA,D7,NA,04192026,Parent_PpepV dat,Parent,PpepV dat,TSB
NA,D8,NA,04192026,Parent_alr1,Parent,alr1,TSB
NA,D9,NA,04192026,dat::Tn,dat::Tn,None,TSB
NA,D10,NA,04192026,dat::Tn_EV,dat::Tn,EV,TSB
NA,D11,NA,04192026,dat::Tn_Pdat dat,dat::Tn,Pdat dat,TSB
NA,D12,NA,04192026,dat::Tn_PpepV dat,dat::Tn,PpepV dat,TSB
NA,E1,NA,04192026,Δalr1_EV,Δalr1,EV,CDM19 - ala
NA,E2,NA,04192026,Δalr1_alr1,Δalr1,alr1,CDM19 - ala
NA,E3,NA,04192026,dat::Tn_alr1,dat::Tn,alr1,TSB
NA,E4,NA,04192026,Δalr1,Δalr1,None,TSB
NA,E5,NA,04192026,Δalr1_EV,Δalr1,EV,TSB
NA,E6,NA,04192026,Δalr1_alr1,Δalr1,alr1,TSB
NA,F1,NA,04192026,Δalr1_EV,Δalr1,EV,CDM19 - ala
NA,F2,NA,04192026,Δalr1_alr1,Δalr1,alr1,CDM19 - ala
NA,F3,NA,04192026,dat::Tn_alr1,dat::Tn,alr1,TSB
NA,F4,NA,04192026,Δalr1,Δalr1,None,TSB
NA,F5,NA,04192026,Δalr1_EV,Δalr1,EV,TSB
NA,F6,NA,04192026,Δalr1_alr1,Δalr1,alr1,TSB
NA,G1,NA,04192026,NB,NB,None,CDM19 - ala
NA,G2,NA,04192026,Parent,Parent,None,CDM19 - ala
NA,G3,NA,04192026,Parent_EV,Parent,EV,CDM19 - ala
NA,G4,NA,04192026,Parent_Pdat dat,Parent,Pdat dat,CDM19 - ala
NA,G5,NA,04192026,Parent_PpepV dat,Parent,PpepV dat,CDM19 - ala
NA,G6,NA,04192026,Parent_alr1,Parent,alr1,CDM19 - ala
NA,G7,NA,04192026,dat::Tn,dat::Tn,None,CDM19 - ala
NA,G8,NA,04192026,dat::Tn_EV,dat::Tn,EV,CDM19 - ala
NA,G9,NA,04192026,dat::Tn_Pdat dat,dat::Tn,Pdat dat,CDM19 - ala
NA,G10,NA,04192026,dat::Tn_PpepV dat,dat::Tn,PpepV dat,CDM19 - ala
NA,G11,NA,04192026,dat::Tn_alr1,dat::Tn,alr1,CDM19 - ala
NA,G12,NA,04192026,Δalr1,Δalr1,None,CDM19 - ala
NA,H1,NA,04192026,NB,NB,None,CDM19 - ala
NA,H2,NA,04192026,Parent,Parent,None,CDM19 - ala
NA,H3,NA,04192026,Parent_EV,Parent,EV,CDM19 - ala
NA,H4,NA,04192026,Parent_Pdat dat,Parent,Pdat dat,CDM19 - ala
NA,H5,NA,04192026,Parent_PpepV dat,Parent,PpepV dat,CDM19 - ala
NA,H6,NA,04192026,Parent_alr1,Parent,alr1,CDM19 - ala
NA,H7,NA,04192026,dat::Tn,dat::Tn,None,CDM19 - ala
NA,H8,NA,04192026,dat::Tn_EV,dat::Tn,EV,CDM19 - ala
NA,H9,NA,04192026,dat::Tn_Pdat dat,dat::Tn,Pdat dat,CDM19 - ala
NA,H10,NA,04192026,dat::Tn_PpepV dat,dat::Tn,PpepV dat,CDM19 - ala
NA,H11,NA,04192026,dat::Tn_alr1,dat::Tn,alr1,CDM19 - ala
NA,H12,NA,04192026,Δalr1,Δalr1,None,CDM19 - ala
NA,A1,NA,04192026,NB,NB,None,CDM20
NA,A2,NA,04192026,Parent,Parent,None,CDM20
NA,A3,NA,04192026,Parent_EV,Parent,EV,CDM20
NA,A4,NA,04192026,Parent_Pdat dat,Parent,Pdat dat,CDM20
NA,A5,NA,04192026,Parent_PpepV dat,Parent,PpepV dat,CDM20
NA,A6,NA,04192026,Parent_alr1,Parent,alr1,CDM20
NA,A7,NA,04192026,dat::Tn,dat::Tn,None,CDM20
NA,A8,NA,04192026,dat::Tn_EV,dat::Tn,EV,CDM20
NA,A9,NA,04192026,dat::Tn_Pdat dat,dat::Tn,Pdat dat,CDM20
NA,A10,NA,04192026,dat::Tn_PpepV dat,dat::Tn,PpepV dat,CDM20
NA,A11,NA,04192026,dat::Tn_alr1,dat::Tn,alr1,CDM20
NA,A12,NA,04192026,Δalr1,Δalr1,None,CDM20
NA,B1,NA,04192026,NB,NB,None,CDM20
NA,B2,NA,04192026,Parent,Parent,None,CDM20
NA,B3,NA,04192026,Parent_EV,Parent,EV,CDM20
NA,B4,NA,04192026,Parent_Pdat dat,Parent,Pdat dat,CDM20
NA,B5,NA,04192026,Parent_PpepV dat,Parent,PpepV dat,CDM20
NA,B6,NA,04192026,Parent_alr1,Parent,alr1,CDM20
NA,B7,NA,04192026,dat::Tn,dat::Tn,None,CDM20
NA,B8,NA,04192026,dat::Tn_EV,dat::Tn,EV,CDM20
NA,B9,NA,04192026,dat::Tn_Pdat dat,dat::Tn,Pdat dat,CDM20
NA,B10,NA,04192026,dat::Tn_PpepV dat,dat::Tn,PpepV dat,CDM20
NA,B11,NA,04192026,dat::Tn_alr1,dat::Tn,alr1,CDM20
NA,B12,NA,04192026,Δalr1,Δalr1,None,CDM20
NA,C1,NA,04192026,Δalr1_EV,Δalr1,EV,CDM20
NA,C2,NA,04192026,Δalr1_alr1,Δalr1,alr1,CDM20
NA,C3,NA,04192026,NB,NB,None,TSB
NA,C4,NA,04192026,Parent,Parent,None,TSB
NA,C5,NA,04192026,Parent_EV,Parent,EV,TSB
NA,C6,NA,04192026,Parent_Pdat dat,Parent,Pdat dat,TSB
NA,C7,NA,04192026,Parent_PpepV dat,Parent,PpepV dat,TSB
NA,C8,NA,04192026,Parent_alr1,Parent,alr1,TSB
NA,C9,NA,04192026,dat::Tn,dat::Tn,None,TSB
NA,C10,NA,04192026,dat::Tn_EV,dat::Tn,EV,TSB
NA,C11,NA,04192026,dat::Tn_Pdat dat,dat::Tn,Pdat dat,TSB
NA,C12,NA,04192026,dat::Tn_PpepV dat,dat::Tn,PpepV dat,TSB
NA,D1,NA,04192026,Δalr1_EV,Δalr1,EV,CDM20
NA,D2,NA,04192026,Δalr1_alr1,Δalr1,alr1,CDM20
NA,D3,NA,04192026,NB,NB,None,TSB
NA,D4,NA,04192026,Parent,Parent,None,TSB
NA,D5,NA,04192026,Parent_EV,Parent,EV,TSB
NA,D6,NA,04192026,Parent_Pdat dat,Parent,Pdat dat,TSB
NA,D7,NA,04192026,Parent_PpepV dat,Parent,PpepV dat,TSB
NA,D8,NA,04192026,Parent_alr1,Parent,alr1,TSB
NA,D9,NA,04192026,dat::Tn,dat::Tn,None,TSB
NA,D10,NA,04192026,dat::Tn_EV,dat::Tn,EV,TSB
NA,D11,NA,04192026,dat::Tn_Pdat dat,dat::Tn,Pdat dat,TSB
NA,D12,NA,04192026,dat::Tn_PpepV dat,dat::Tn,PpepV dat,TSB
NA,E1,NA,04192026,Δalr1_EV,Δalr1,EV,CDM19 - ala
NA,E2,NA,04192026,Δalr1_alr1,Δalr1,alr1,CDM19 - ala
NA,E3,NA,04192026,dat::Tn_alr1,dat::Tn,alr1,TSB
NA,E4,NA,04192026,Δalr1,Δalr1,None,TSB
NA,E5,NA,04192026,Δalr1_EV,Δalr1,EV,TSB
NA,E6,NA,04192026,Δalr1_alr1,Δalr1,alr1,TSB
NA,F1,NA,04192026,Δalr1_EV,Δalr1,EV,CDM19 - ala
NA,F2,NA,04192026,Δalr1_alr1,Δalr1,alr1,CDM19 - ala
NA,F3,NA,04192026,dat::Tn_alr1,dat::Tn,alr1,TSB
NA,F4,NA,04192026,Δalr1,Δalr1,None,TSB
NA,F5,NA,04192026,Δalr1_EV,Δalr1,EV,TSB
NA,F6,NA,04192026,Δalr1_alr1,Δalr1,alr1,TSB
NA,G1,NA,04192026,NB,NB,None,CDM19 - ala
NA,G2,NA,04192026,Parent,Parent,None,CDM19 - ala
NA,G3,NA,04192026,Parent_EV,Parent,EV,CDM19 - ala
NA,G4,NA,04192026,Parent_Pdat dat,Parent,Pdat dat,CDM19 - ala
NA,G5,NA,04192026,Parent_PpepV dat,Parent,PpepV dat,CDM19 - ala
NA,G6,NA,04192026,Parent_alr1,Parent,alr1,CDM19 - ala
NA,G7,NA,04192026,dat::Tn,dat::Tn,None,CDM19 - ala
NA,G8,NA,04192026,dat::Tn_EV,dat::Tn,EV,CDM19 - ala
NA,G9,NA,04192026,dat::Tn_Pdat dat,dat::Tn,Pdat dat,CDM19 - ala
NA,G10,NA,04192026,dat::Tn_PpepV dat,dat::Tn,PpepV dat,CDM19 - ala
NA,G11,NA,04192026,dat::Tn_alr1,dat::Tn,alr1,CDM19 - ala
NA,G12,NA,04192026,Δalr1,Δalr1,None,CDM19 - ala
NA,H1,NA,04192026,NB,NB,None,CDM19 - ala
NA,H2,NA,04192026,Parent,Parent,None,CDM19 - ala
NA,H3,NA,04192026,Parent_EV,Parent,EV,CDM19 - ala
NA,H4,NA,04192026,Parent_Pdat dat,Parent,Pdat dat,CDM19 - ala
NA,H5,NA,04192026,Parent_PpepV dat,Parent,PpepV dat,CDM19 - ala
NA,H6,NA,04192026,Parent_alr1,Parent,alr1,CDM19 - ala
NA,H7,NA,04192026,dat::Tn,dat::Tn,None,CDM19 - ala
NA,H8,NA,04192026,dat::Tn_EV,dat::Tn,EV,CDM19 - ala
NA,H9,NA,04192026,dat::Tn_Pdat dat,dat::Tn,Pdat dat,CDM19 - ala
NA,H10,NA,04192026,dat::Tn_PpepV dat,dat::Tn,PpepV dat,CDM19 - ala
NA,H11,NA,04192026,dat::Tn_alr1,dat::Tn,alr1,CDM19 - ala
NA,H12,NA,04192026,Δalr1,Δalr1,None,CDM19 - ala
NA,A1,NA,04192026,NB,NB,None,CDM20
NA,A2,NA,04192026,Parent,Parent,None,CDM20
NA,A3,NA,04192026,Parent_EV,Parent,EV,CDM20
NA,A4,NA,04192026,Parent_Pdat dat,Parent,Pdat dat,CDM20
NA,A5,NA,04192026,Parent_PpepV dat,Parent,PpepV dat,CDM20
NA,A6,NA,04192026,Parent_alr1,Parent,alr1,CDM20
NA,A7,NA,04192026,dat::Tn,dat::Tn,None,CDM20
NA,A8,NA,04192026,dat::Tn_EV,dat::Tn,EV,CDM20
NA,A9,NA,04192026,dat::Tn_Pdat dat,dat::Tn,Pdat dat,CDM20
NA,A10,NA,04192026,dat::Tn_PpepV dat,dat::Tn,PpepV dat,CDM20
NA,A11,NA,04192026,dat::Tn_alr1,dat::Tn,alr1,CDM20
NA,A12,NA,04192026,Δalr1,Δalr1,None,CDM20
NA,B1,NA,04192026,NB,NB,None,CDM20
NA,B2,NA,04192026,Parent,Parent,None,CDM20
NA,B3,NA,04192026,Parent_EV,Parent,EV,CDM20
NA,B4,NA,04192026,Parent_Pdat dat,Parent,Pdat dat,CDM20
NA,B5,NA,04192026,Parent_PpepV dat,Parent,PpepV dat,CDM20
NA,B6,NA,04192026,Parent_alr1,Parent,alr1,CDM20
NA,B7,NA,04192026,dat::Tn,dat::Tn,None,CDM20
NA,B8,NA,04192026,dat::Tn_EV,dat::Tn,EV,CDM20
NA,B9,NA,04192026,dat::Tn_Pdat dat,dat::Tn,Pdat dat,CDM20
NA,B10,NA,04192026,dat::Tn_PpepV dat,dat::Tn,PpepV dat,CDM20
NA,B11,NA,04192026,dat::Tn_alr1,dat::Tn,alr1,CDM20
NA,B12,NA,04192026,Δalr1,Δalr1,None,CDM20
NA,C1,NA,04192026,Δalr1_EV,Δalr1,EV,CDM20
NA,C2,NA,04192026,Δalr1_alr1,Δalr1,alr1,CDM20
NA,C3,NA,04192026,NB,NB,None,TSB
NA,C4,NA,04192026,Parent,Parent,None,TSB
NA,C5,NA,04192026,Parent_EV,Parent,EV,TSB
NA,C6,NA,04192026,Parent_Pdat dat,Parent,Pdat dat,TSB
NA,C7,NA,04192026,Parent_PpepV dat,Parent,PpepV dat,TSB
NA,C8,NA,04192026,Parent_alr1,Parent,alr1,TSB
NA,C9,NA,04192026,dat::Tn,dat::Tn,None,TSB
NA,C10,NA,04192026,dat::Tn_EV,dat::Tn,EV,TSB
NA,C11,NA,04192026,dat::Tn_Pdat dat,dat::Tn,Pdat dat,TSB
NA,C12,NA,04192026,dat::Tn_PpepV dat,dat::Tn,PpepV dat,TSB
NA,D1,NA,04192026,Δalr1_EV,Δalr1,EV,CDM20
NA,D2,NA,04192026,Δalr1_alr1,Δalr1,alr1,CDM20
NA,D3,NA,04192026,NB,NB,None,TSB
NA,D4,NA,04192026,Parent,Parent,None,TSB
NA,D5,NA,04192026,Parent_EV,Parent,EV,TSB
NA,D6,NA,04192026,Parent_Pdat dat,Parent,Pdat dat,TSB
NA,D7,NA,04192026,Parent_PpepV dat,Parent,PpepV dat,TSB
NA,D8,NA,04192026,Parent_alr1,Parent,alr1,TSB
NA,D9,NA,04192026,dat::Tn,dat::Tn,None,TSB
NA,D10,NA,04192026,dat::Tn_EV,dat::Tn,EV,TSB
NA,D11,NA,04192026,dat::Tn_Pdat dat,dat::Tn,Pdat dat,TSB
NA,D12,NA,04192026,dat::Tn_PpepV dat,dat::Tn,PpepV dat,TSB
NA,E1,NA,04192026,Δalr1_EV,Δalr1,EV,CDM19 - ala
NA,E2,NA,04192026,Δalr1_alr1,Δalr1,alr1,CDM19 - ala
NA,E3,NA,04192026,dat::Tn_alr1,dat::Tn,alr1,TSB
NA,E4,NA,04192026,Δalr1,Δalr1,None,TSB
NA,E5,NA,04192026,Δalr1_EV,Δalr1,EV,TSB
NA,E6,NA,04192026,Δalr1_alr1,Δalr1,alr1,TSB
NA,F1,NA,04192026,Δalr1_EV,Δalr1,EV,CDM19 - ala
NA,F2,NA,04192026,Δalr1_alr1,Δalr1,alr1,CDM19 - ala
NA,F3,NA,04192026,dat::Tn_alr1,dat::Tn,alr1,TSB
NA,F4,NA,04192026,Δalr1,Δalr1,None,TSB
NA,F5,NA,04192026,Δalr1_EV,Δalr1,EV,TSB
NA,F6,NA,04192026,Δalr1_alr1,Δalr1,alr1,TSB
NA,G1,NA,04192026,NB,NB,None,CDM19 - ala
NA,G2,NA,04192026,Parent,Parent,None,CDM19 - ala
NA,G3,NA,04192026,Parent_EV,Parent,EV,CDM19 - ala
NA,G4,NA,04192026,Parent_Pdat dat,Parent,Pdat dat,CDM19 - ala
NA,G5,NA,04192026,Parent_PpepV dat,Parent,PpepV dat,CDM19 - ala
NA,G6,NA,04192026,Parent_alr1,Parent,alr1,CDM19 - ala
NA,G7,NA,04192026,dat::Tn,dat::Tn,None,CDM19 - ala
NA,G8,NA,04192026,dat::Tn_EV,dat::Tn,EV,CDM19 - ala
NA,G9,NA,04192026,dat::Tn_Pdat dat,dat::Tn,Pdat dat,CDM19 - ala
NA,G10,NA,04192026,dat::Tn_PpepV dat,dat::Tn,PpepV dat,CDM19 - ala
NA,G11,NA,04192026,dat::Tn_alr1,dat::Tn,alr1,CDM19 - ala
NA,G12,NA,04192026,Δalr1,Δalr1,None,CDM19 - ala
NA,H1,NA,04192026,NB,NB,None,CDM19 - ala
NA,H2,NA,04192026,Parent,Parent,None,CDM19 - ala
NA,H3,NA,04192026,Parent_EV,Parent,EV,CDM19 - ala
NA,H4,NA,04192026,Parent_Pdat dat,Parent,Pdat dat,CDM19 - ala
NA,H5,NA,04192026,Parent_PpepV dat,Parent,PpepV dat,CDM19 - ala
NA,H6,NA,04192026,Parent_alr1,Parent,alr1,CDM19 - ala
NA,H7,NA,04192026,dat::Tn,dat::Tn,None,CDM19 - ala
NA,H8,NA,04192026,dat::Tn_EV,dat::Tn,EV,CDM19 - ala
NA,H9,NA,04192026,dat::Tn_Pdat dat,dat::Tn,Pdat dat,CDM19 - ala
NA,H10,NA,04192026,dat::Tn_PpepV dat,dat::Tn,PpepV dat,CDM19 - ala
NA,H11,NA,04192026,dat::Tn_alr1,dat::Tn,alr1,CDM19 - ala
NA,H12,NA,04192026,Δalr1,Δalr1,None,CDM19 - ala
NA,A1,NA,04192026,NB,NB,None,CDM20
NA,A2,NA,04192026,Parent,Parent,None,CDM20
NA,A3,NA,04192026,Parent_EV,Parent,EV,CDM20
NA,A4,NA,04192026,Parent_Pdat dat,Parent,Pdat dat,CDM20
NA,A5,NA,04192026,Parent_PpepV dat,Parent,PpepV dat,CDM20
NA,A6,NA,04192026,Parent_alr1,Parent,alr1,CDM20
NA,A7,NA,04192026,dat::Tn,dat::Tn,None,CDM20
NA,A8,NA,04192026,dat::Tn_EV,dat::Tn,EV,CDM20
NA,A9,NA,04192026,dat::Tn_Pdat dat,dat::Tn,Pdat dat,CDM20
NA,A10,NA,04192026,dat::Tn_PpepV dat,dat::Tn,PpepV dat,CDM20
NA,A11,NA,04192026,dat::Tn_alr1,dat::Tn,alr1,CDM20
NA,A12,NA,04192026,Δalr1,Δalr1,None,CDM20
NA,B1,NA,04192026,NB,NB,None,CDM20
NA,B2,NA,04192026,Parent,Parent,None,CDM20
NA,B3,NA,04192026,Parent_EV,Parent,EV,CDM20
NA,B4,NA,04192026,Parent_Pdat dat,Parent,Pdat dat,CDM20
NA,B5,NA,04192026,Parent_PpepV dat,Parent,PpepV dat,CDM20
NA,B6,NA,04192026,Parent_alr1,Parent,alr1,CDM20
NA,B7,NA,04192026,dat::Tn,dat::Tn,None,CDM20
NA,B8,NA,04192026,dat::Tn_EV,dat::Tn,EV,CDM20
NA,B9,NA,04192026,dat::Tn_Pdat dat,dat::Tn,Pdat dat,CDM20
NA,B10,NA,04192026,dat::Tn_PpepV dat,dat::Tn,PpepV dat,CDM20
NA,B11,NA,04192026,dat::Tn_alr1,dat::Tn,alr1,CDM20
NA,B12,NA,04192026,Δalr1,Δalr1,None,CDM20
NA,C1,NA,04192026,Δalr1_EV,Δalr1,EV,CDM20
NA,C2,NA,04192026,Δalr1_alr1,Δalr1,alr1,CDM20
NA,C3,NA,04192026,NB,NB,None,TSB
NA,C4,NA,04192026,Parent,Parent,None,TSB
NA,C5,NA,04192026,Parent_EV,Parent,EV,TSB
NA,C6,NA,04192026,Parent_Pdat dat,Parent,Pdat dat,TSB
NA,C7,NA,04192026,Parent_PpepV dat,Parent,PpepV dat,TSB
NA,C8,NA,04192026,Parent_alr1,Parent,alr1,TSB
NA,C9,NA,04192026,dat::Tn,dat::Tn,None,TSB
NA,C10,NA,04192026,dat::Tn_EV,dat::Tn,EV,TSB
NA,C11,NA,04192026,dat::Tn_Pdat dat,dat::Tn,Pdat dat,TSB
NA,C12,NA,04192026,dat::Tn_PpepV dat,dat::Tn,PpepV dat,TSB
NA,D1,NA,04192026,Δalr1_EV,Δalr1,EV,CDM20
NA,D2,NA,04192026,Δalr1_alr1,Δalr1,alr1,CDM20
NA,D3,NA,04192026,NB,NB,None,TSB
NA,D4,NA,04192026,Parent,Parent,None,TSB
NA,D5,NA,04192026,Parent_EV,Parent,EV,TSB
NA,D6,NA,04192026,Parent_Pdat dat,Parent,Pdat dat,TSB
NA,D7,NA,04192026,Parent_PpepV dat,Parent,PpepV dat,TSB
NA,D8,NA,04192026,Parent_alr1,Parent,alr1,TSB
NA,D9,NA,04192026,dat::Tn,dat::Tn,None,TSB
NA,D10,NA,04192026,dat::Tn_EV,dat::Tn,EV,TSB
NA,D11,NA,04192026,dat::Tn_Pdat dat,dat::Tn,Pdat dat,TSB
NA,D12,NA,04192026,dat::Tn_PpepV dat,dat::Tn,PpepV dat,TSB
NA,E1,NA,04192026,Δalr1_EV,Δalr1,EV,CDM19 - ala
NA,E2,NA,04192026,Δalr1_alr1,Δalr1,alr1,CDM19 - ala
NA,E3,NA,04192026,dat::Tn_alr1,dat::Tn,alr1,TSB
NA,E4,NA,04192026,Δalr1,Δalr1,None,TSB
NA,E5,NA,04192026,Δalr1_EV,Δalr1,EV,TSB
NA,E6,NA,04192026,Δalr1_alr1,Δalr1,alr1,TSB
NA,F1,NA,04192026,Δalr1_EV,Δalr1,EV,CDM19 - ala
NA,F2,NA,04192026,Δalr1_alr1,Δalr1,alr1,CDM19 - ala
NA,F3,NA,04192026,dat::Tn_alr1,dat::Tn,alr1,TSB
NA,F4,NA,04192026,Δalr1,Δalr1,None,TSB
NA,F5,NA,04192026,Δalr1_EV,Δalr1,EV,TSB
NA,F6,NA,04192026,Δalr1_alr1,Δalr1,alr1,TSB
NA,G1,NA,04192026,NB,NB,None,CDM19 - ala
NA,G2,NA,04192026,Parent,Parent,None,CDM19 - ala
NA,G3,NA,04192026,Parent_EV,Parent,EV,CDM19 - ala
NA,G4,NA,04192026,Parent_Pdat dat,Parent,Pdat dat,CDM19 - ala
NA,G5,NA,04192026,Parent_PpepV dat,Parent,PpepV dat,CDM19 - ala
NA,G6,NA,04192026,Parent_alr1,Parent,alr1,CDM19 - ala
NA,G7,NA,04192026,dat::Tn,dat::Tn,None,CDM19 - ala
NA,G8,NA,04192026,dat::Tn_EV,dat::Tn,EV,CDM19 - ala
NA,G9,NA,04192026,dat::Tn_Pdat dat,dat::Tn,Pdat dat,CDM19 - ala
NA,G10,NA,04192026,dat::Tn_PpepV dat,dat::Tn,PpepV dat,CDM19 - ala
NA,G11,NA,04192026,dat::Tn_alr1,dat::Tn,alr1,CDM19 - ala
NA,G12,NA,04192026,Δalr1,Δalr1,None,CDM19 - ala
NA,H1,NA,04192026,NB,NB,None,CDM19 - ala
NA,H2,NA,04192026,Parent,Parent,None,CDM19 - ala
NA,H3,NA,04192026,Parent_EV,Parent,EV,CDM19 - ala
NA,H4,NA,04192026,Parent_Pdat dat,Parent,Pdat dat,CDM19 - ala
NA,H5,NA,04192026,Parent_PpepV dat,Parent,PpepV dat,CDM19 - ala
NA,H6,NA,04192026,Parent_alr1,Parent,alr1,CDM19 - ala
NA,H7,NA,04192026,dat::Tn,dat::Tn,None,CDM19 - ala
NA,H8,NA,04192026,dat::Tn_EV,dat::Tn,EV,CDM19 - ala
NA,H9,NA,04192026,dat::Tn_Pdat dat,dat::Tn,Pdat dat,CDM19 - ala
NA,H10,NA,04192026,dat::Tn_PpepV dat,dat::Tn,PpepV dat,CDM19 - ala
NA,H11,NA,04192026,dat::Tn_alr1,dat::Tn,alr1,CDM19 - ala
NA,H12,NA,04192026,Δalr1,Δalr1,None,CDM19 - ala
NA,A1,NA,04192026,NB,NB,None,CDM20
NA,A2,NA,04192026,Parent,Parent,None,CDM20
NA,A3,NA,04192026,Parent_EV,Parent,EV,CDM20
NA,A4,NA,04192026,Parent_Pdat dat,Parent,Pdat dat,CDM20
NA,A5,NA,04192026,Parent_PpepV dat,Parent,PpepV dat,CDM20
NA,A6,NA,04192026,Parent_alr1,Parent,alr1,CDM20
NA,A7,NA,04192026,dat::Tn,dat::Tn,None,CDM20
NA,A8,NA,04192026,dat::Tn_EV,dat::Tn,EV,CDM20
NA,A9,NA,04192026,dat::Tn_Pdat dat,dat::Tn,Pdat dat,CDM20
NA,A10,NA,04192026,dat::Tn_PpepV dat,dat::Tn,PpepV dat,CDM20
NA,A11,NA,04192026,dat::Tn_alr1,dat::Tn,alr1,CDM20
NA,A12,NA,04192026,Δalr1,Δalr1,None,CDM20
NA,B1,NA,04192026,NB,NB,None,CDM20
NA,B2,NA,04192026,Parent,Parent,None,CDM20
NA,B3,NA,04192026,Parent_EV,Parent,EV,CDM20
NA,B4,NA,04192026,Parent_Pdat dat,Parent,Pdat dat,CDM20
NA,B5,NA,04192026,Parent_PpepV dat,Parent,PpepV dat,CDM20
NA,B6,NA,04192026,Parent_alr1,Parent,alr1,CDM20
NA,B7,NA,04192026,dat::Tn,dat::Tn,None,CDM20
NA,B8,NA,04192026,dat::Tn_EV,dat::Tn,EV,CDM20
NA,B9,NA,04192026,dat::Tn_Pdat dat,dat::Tn,Pdat dat,CDM20
NA,B10,NA,04192026,dat::Tn_PpepV dat,dat::Tn,PpepV dat,CDM20
NA,B11,NA,04192026,dat::Tn_alr1,dat::Tn,alr1,CDM20
NA,B12,NA,04192026,Δalr1,Δalr1,None,CDM20
NA,C1,NA,04192026,Δalr1_EV,Δalr1,EV,CDM20
NA,C2,NA,04192026,Δalr1_alr1,Δalr1,alr1,CDM20
NA,C3,NA,04192026,NB,NB,None,TSB
NA,C4,NA,04192026,Parent,Parent,None,TSB
NA,C5,NA,04192026,Parent_EV,Parent,EV,TSB
NA,C6,NA,04192026,Parent_Pdat dat,Parent,Pdat dat,TSB
NA,C7,NA,04192026,Parent_PpepV dat,Parent,PpepV dat,TSB
NA,C8,NA,04192026,Parent_alr1,Parent,alr1,TSB
NA,C9,NA,04192026,dat::Tn,dat::Tn,None,TSB
NA,C10,NA,04192026,dat::Tn_EV,dat::Tn,EV,TSB
NA,C11,NA,04192026,dat::Tn_Pdat dat,dat::Tn,Pdat dat,TSB
NA,C12,NA,04192026,dat::Tn_PpepV dat,dat::Tn,PpepV dat,TSB
NA,D1,NA,04192026,Δalr1_EV,Δalr1,EV,CDM20
NA,D2,NA,04192026,Δalr1_alr1,Δalr1,alr1,CDM20
NA,D3,NA,04192026,NB,NB,None,TSB
NA,D4,NA,04192026,Parent,Parent,None,TSB
NA,D5,NA,04192026,Parent_EV,Parent,EV,TSB
NA,D6,NA,04192026,Parent_Pdat dat,Parent,Pdat dat,TSB
NA,D7,NA,04192026,Parent_PpepV dat,Parent,PpepV dat,TSB
NA,D8,NA,04192026,Parent_alr1,Parent,alr1,TSB
NA,D9,NA,04192026,dat::Tn,dat::Tn,None,TSB
NA,D10,NA,04192026,dat::Tn_EV,dat::Tn,EV,TSB
NA,D11,NA,04192026,dat::Tn_Pdat dat,dat::Tn,Pdat dat,TSB
NA,D12,NA,04192026,dat::Tn_PpepV dat,dat::Tn,PpepV dat,TSB
NA,E1,NA,04192026,Δalr1_EV,Δalr1,EV,CDM19 - ala
NA,E2,NA,04192026,Δalr1_alr1,Δalr1,alr1,CDM19 - ala
NA,E3,NA,04192026,dat::Tn_alr1,dat::Tn,alr1,TSB
NA,E4,NA,04192026,Δalr1,Δalr1,None,TSB
NA,E5,NA,04192026,Δalr1_EV,Δalr1,EV,TSB
NA,E6,NA,04192026,Δalr1_alr1,Δalr1,alr1,TSB
NA,F1,NA,04192026,Δalr1_EV,Δalr1,EV,CDM19 - ala
NA,F2,NA,04192026,Δalr1_alr1,Δalr1,alr1,CDM19 - ala
NA,F3,NA,04192026,dat::Tn_alr1,dat::Tn,alr1,TSB
NA,F4,NA,04192026,Δalr1,Δalr1,None,TSB
NA,F5,NA,04192026,Δalr1_EV,Δalr1,EV,TSB
NA,F6,NA,04192026,Δalr1_alr1,Δalr1,alr1,TSB
NA,G1,NA,04192026,NB,NB,None,CDM19 - ala
NA,G2,NA,04192026,Parent,Parent,None,CDM19 - ala
NA,G3,NA,04192026,Parent_EV,Parent,EV,CDM19 - ala
NA,G4,NA,04192026,Parent_Pdat dat,Parent,Pdat dat,CDM19 - ala
NA,G5,NA,04192026,Parent_PpepV dat,Parent,PpepV dat,CDM19 - ala
NA,G6,NA,04192026,Parent_alr1,Parent,alr1,CDM19 - ala
NA,G7,NA,04192026,dat::Tn,dat::Tn,None,CDM19 - ala
NA,G8,NA,04192026,dat::Tn_EV,dat::Tn,EV,CDM19 - ala
NA,G9,NA,04192026,dat::Tn_Pdat dat,dat::Tn,Pdat dat,CDM19 - ala
NA,G10,NA,04192026,dat::Tn_PpepV dat,dat::Tn,PpepV dat,CDM19 - ala
NA,G11,NA,04192026,dat::Tn_alr1,dat::Tn,alr1,CDM19 - ala
NA,G12,NA,04192026,Δalr1,Δalr1,None,CDM19 - ala
NA,H1,NA,04192026,NB,NB,None,CDM19 - ala
NA,H2,NA,04192026,Parent,Parent,None,CDM19 - ala
NA,H3,NA,04192026,Parent_EV,Parent,EV,CDM19 - ala
NA,H4,NA,04192026,Parent_Pdat dat,Parent,Pdat dat,CDM19 - ala
NA,H5,NA,04192026,Parent_PpepV dat,Parent,PpepV dat,CDM19 - ala
NA,H6,NA,04192026,Parent_alr1,Parent,alr1,CDM19 - ala
NA,H7,NA,04192026,dat::Tn,dat::Tn,None,CDM19 - ala
NA,H8,NA,04192026,dat::Tn_EV,dat::Tn,EV,CDM19 - ala
NA,H9,NA,04192026,dat::Tn_Pdat dat,dat::Tn,Pdat dat,CDM19 - ala
NA,H10,NA,04192026,dat::Tn_PpepV dat,dat::Tn,PpepV dat,CDM19 - ala
NA,H11,NA,04192026,dat::Tn_alr1,dat::Tn,alr1,CDM19 - ala
NA,H12,NA,04192026,Δalr1,Δalr1,None,CDM19 - ala
NA,A1,NA,04192026,NB,NB,None,CDM20
NA,A2,NA,04192026,Parent,Parent,None,CDM20
NA,A3,NA,04192026,Parent_EV,Parent,EV,CDM20
NA,A4,NA,04192026,Parent_Pdat dat,Parent,Pdat dat,CDM20
NA,A5,NA,04192026,Parent_PpepV dat,Parent,PpepV dat,CDM20
NA,A6,NA,04192026,Parent_alr1,Parent,alr1,CDM20
NA,A7,NA,04192026,dat::Tn,dat::Tn,None,CDM20
NA,A8,NA,04192026,dat::Tn_EV,dat::Tn,EV,CDM20
NA,A9,NA,04192026,dat::Tn_Pdat dat,dat::Tn,Pdat dat,CDM20
NA,A10,NA,04192026,dat::Tn_PpepV dat,dat::Tn,PpepV dat,CDM20
NA,A11,NA,04192026,dat::Tn_alr1,dat::Tn,alr1,CDM20
NA,A12,NA,04192026,Δalr1,Δalr1,None,CDM20
NA,B1,NA,04192026,NB,NB,None,CDM20
NA,B2,NA,04192026,Parent,Parent,None,CDM20
NA,B3,NA,04192026,Parent_EV,Parent,EV,CDM20
NA,B4,NA,04192026,Parent_Pdat dat,Parent,Pdat dat,CDM20
NA,B5,NA,04192026,Parent_PpepV dat,Parent,PpepV dat,CDM20
NA,B6,NA,04192026,Parent_alr1,Parent,alr1,CDM20
NA,B7,NA,04192026,dat::Tn,dat::Tn,None,CDM20
NA,B8,NA,04192026,dat::Tn_EV,dat::Tn,EV,CDM20
NA,B9,NA,04192026,dat::Tn_Pdat dat,dat::Tn,Pdat dat,CDM20
NA,B10,NA,04192026,dat::Tn_PpepV dat,dat::Tn,PpepV dat,CDM20
NA,B11,NA,04192026,dat::Tn_alr1,dat::Tn,alr1,CDM20
NA,B12,NA,04192026,Δalr1,Δalr1,None,CDM20
NA,C1,NA,04192026,Δalr1_EV,Δalr1,EV,CDM20
NA,C2,NA,04192026,Δalr1_alr1,Δalr1,alr1,CDM20
NA,C3,NA,04192026,NB,NB,None,TSB
NA,C4,NA,04192026,Parent,Parent,None,TSB
NA,C5,NA,04192026,Parent_EV,Parent,EV,TSB
NA,C6,NA,04192026,Parent_Pdat dat,Parent,Pdat dat,TSB
NA,C7,NA,04192026,Parent_PpepV dat,Parent,PpepV dat,TSB
NA,C8,NA,04192026,Parent_alr1,Parent,alr1,TSB
NA,C9,NA,04192026,dat::Tn,dat::Tn,None,TSB
NA,C10,NA,04192026,dat::Tn_EV,dat::Tn,EV,TSB
NA,C11,NA,04192026,dat::Tn_Pdat dat,dat::Tn,Pdat dat,TSB
NA,C12,NA,04192026,dat::Tn_PpepV dat,dat::Tn,PpepV dat,TSB
NA,D1,NA,04192026,Δalr1_EV,Δalr1,EV,CDM20
NA,D2,NA,04192026,Δalr1_alr1,Δalr1,alr1,CDM20
NA,D3,NA,04192026,NB,NB,None,TSB
NA,D4,NA,04192026,Parent,Parent,None,TSB
NA,D5,NA,04192026,Parent_EV,Parent,EV,TSB
NA,D6,NA,04192026,Parent_Pdat dat,Parent,Pdat dat,TSB
NA,D7,NA,04192026,Parent_PpepV dat,Parent,PpepV dat,TSB
NA,D8,NA,04192026,Parent_alr1,Parent,alr1,TSB
NA,D9,NA,04192026,dat::Tn,dat::Tn,None,TSB
NA,D10,NA,04192026,dat::Tn_EV,dat::Tn,EV,TSB
NA,D11,NA,04192026,dat::Tn_Pdat dat,dat::Tn,Pdat dat,TSB
NA,D12,NA,04192026,dat::Tn_PpepV dat,dat::Tn,PpepV dat,TSB
NA,E1,NA,04192026,Δalr1_EV,Δalr1,EV,CDM19 - ala
NA,E2,NA,04192026,Δalr1_alr1,Δalr1,alr1,CDM19 - ala
NA,E3,NA,04192026,dat::Tn_alr1,dat::Tn,alr1,TSB
NA,E4,NA,04192026,Δalr1,Δalr1,None,TSB
NA,E5,NA,04192026,Δalr1_EV,Δalr1,EV,TSB
NA,E6,NA,04192026,Δalr1_alr1,Δalr1,alr1,TSB
NA,F1,NA,04192026,Δalr1_EV,Δalr1,EV,CDM19 - ala
NA,F2,NA,04192026,Δalr1_alr1,Δalr1,alr1,CDM19 - ala
NA,F3,NA,04192026,dat::Tn_alr1,dat::Tn,alr1,TSB
NA,F4,NA,04192026,Δalr1,Δalr1,None,TSB
NA,F5,NA,04192026,Δalr1_EV,Δalr1,EV,TSB
NA,F6,NA,04192026,Δalr1_alr1,Δalr1,alr1,TSB
NA,G1,NA,04192026,NB,NB,None,CDM19 - ala
NA,G2,NA,04192026,Parent,Parent,None,CDM19 - ala
NA,G3,NA,04192026,Parent_EV,Parent,EV,CDM19 - ala
NA,G4,NA,04192026,Parent_Pdat dat,Parent,Pdat dat,CDM19 - ala
NA,G5,NA,04192026,Parent_PpepV dat,Parent,PpepV dat,CDM19 - ala
NA,G6,NA,04192026,Parent_alr1,Parent,alr1,CDM19 - ala
NA,G7,NA,04192026,dat::Tn,dat::Tn,None,CDM19 - ala
NA,G8,NA,04192026,dat::Tn_EV,dat::Tn,EV,CDM19 - ala
NA,G9,NA,04192026,dat::Tn_Pdat dat,dat::Tn,Pdat dat,CDM19 - ala
NA,G10,NA,04192026,dat::Tn_PpepV dat,dat::Tn,PpepV dat,CDM19 - ala
NA,G11,NA,04192026,dat::Tn_alr1,dat::Tn,alr1,CDM19 - ala
NA,G12,NA,04192026,Δalr1,Δalr1,None,CDM19 - ala
NA,H1,NA,04192026,NB,NB,None,CDM19 - ala
NA,H2,NA,04192026,Parent,Parent,None,CDM19 - ala
NA,H3,NA,04192026,Parent_EV,Parent,EV,CDM19 - ala
NA,H4,NA,04192026,Parent_Pdat dat,Parent,Pdat dat,CDM19 - ala
NA,H5,NA,04192026,Parent_PpepV dat,Parent,PpepV dat,CDM19 - ala
NA,H6,NA,04192026,Parent_alr1,Parent,alr1,CDM19 - ala
NA,H7,NA,04192026,dat::Tn,dat::Tn,None,CDM19 - ala
NA,H8,NA,04192026,dat::Tn_EV,dat::Tn,EV,CDM19 - ala
NA,H9,NA,04192026,dat::Tn_Pdat dat,dat::Tn,Pdat dat,CDM19 - ala
NA,H10,NA,04192026,dat::Tn_PpepV dat,dat::Tn,PpepV dat,CDM19 - ala
NA,H11,NA,04192026,dat::Tn_alr1,dat::Tn,alr1,CDM19 - ala
NA,H12,NA,04192026,Δalr1,Δalr1,None,CDM19 - ala
NA,A1,NA,04192026,NB,NB,None,CDM20
NA,A2,NA,04192026,Parent,Parent,None,CDM20
NA,A3,NA,04192026,Parent_EV,Parent,EV,CDM20
NA,A4,NA,04192026,Parent_Pdat dat,Parent,Pdat dat,CDM20
NA,A5,NA,04192026,Parent_PpepV dat,Parent,PpepV dat,CDM20
NA,A6,NA,04192026,Parent_alr1,Parent,alr1,CDM20
NA,A7,NA,04192026,dat::Tn,dat::Tn,None,CDM20
NA,A8,NA,04192026,dat::Tn_EV,dat::Tn,EV,CDM20
NA,A9,NA,04192026,dat::Tn_Pdat dat,dat::Tn,Pdat dat,CDM20
NA,A10,NA,04192026,dat::Tn_PpepV dat,dat::Tn,PpepV dat,CDM20
NA,A11,NA,04192026,dat::Tn_alr1,dat::Tn,alr1,CDM20
NA,A12,NA,04192026,Δalr1,Δalr1,None,CDM20
NA,B1,NA,04192026,NB,NB,None,CDM20
NA,B2,NA,04192026,Parent,Parent,None,CDM20
NA,B3,NA,04192026,Parent_EV,Parent,EV,CDM20
NA,B4,NA,04192026,Parent_Pdat dat,Parent,Pdat dat,CDM20
NA,B5,NA,04192026,Parent_PpepV dat,Parent,PpepV dat,CDM20
NA,B6,NA,04192026,Parent_alr1,Parent,alr1,CDM20
NA,B7,NA,04192026,dat::Tn,dat::Tn,None,CDM20
NA,B8,NA,04192026,dat::Tn_EV,dat::Tn,EV,CDM20
NA,B9,NA,04192026,dat::Tn_Pdat dat,dat::Tn,Pdat dat,CDM20
NA,B10,NA,04192026,dat::Tn_PpepV dat,dat::Tn,PpepV dat,CDM20
NA,B11,NA,04192026,dat::Tn_alr1,dat::Tn,alr1,CDM20
NA,B12,NA,04192026,Δalr1,Δalr1,None,CDM20
NA,C1,NA,04192026,Δalr1_EV,Δalr1,EV,CDM20
NA,C2,NA,04192026,Δalr1_alr1,Δalr1,alr1,CDM20
NA,C3,NA,04192026,NB,NB,None,TSB
NA,C4,NA,04192026,Parent,Parent,None,TSB
NA,C5,NA,04192026,Parent_EV,Parent,EV,TSB
NA,C6,NA,04192026,Parent_Pdat dat,Parent,Pdat dat,TSB
NA,C7,NA,04192026,Parent_PpepV dat,Parent,PpepV dat,TSB
NA,C8,NA,04192026,Parent_alr1,Parent,alr1,TSB
NA,C9,NA,04192026,dat::Tn,dat::Tn,None,TSB
NA,C10,NA,04192026,dat::Tn_EV,dat::Tn,EV,TSB
NA,C11,NA,04192026,dat::Tn_Pdat dat,dat::Tn,Pdat dat,TSB
NA,C12,NA,04192026,dat::Tn_PpepV dat,dat::Tn,PpepV dat,TSB
NA,D1,NA,04192026,Δalr1_EV,Δalr1,EV,CDM20
NA,D2,NA,04192026,Δalr1_alr1,Δalr1,alr1,CDM20
NA,D3,NA,04192026,NB,NB,None,TSB
NA,D4,NA,04192026,Parent,Parent,None,TSB
NA,D5,NA,04192026,Parent_EV,Parent,EV,TSB
NA,D6,NA,04192026,Parent_Pdat dat,Parent,Pdat dat,TSB
NA,D7,NA,04192026,Parent_PpepV dat,Parent,PpepV dat,TSB
NA,D8,NA,04192026,Parent_alr1,Parent,alr1,TSB
NA,D9,NA,04192026,dat::Tn,dat::Tn,None,TSB
NA,D10,NA,04192026,dat::Tn_EV,dat::Tn,EV,TSB
NA,D11,NA,04192026,dat::Tn_Pdat dat,dat::Tn,Pdat dat,TSB
NA,D12,NA,04192026,dat::Tn_PpepV dat,dat::Tn,PpepV dat,TSB
NA,E1,NA,04192026,Δalr1_EV,Δalr1,EV,CDM19 - ala
NA,E2,NA,04192026,Δalr1_alr1,Δalr1,alr1,CDM19 - ala
NA,E3,NA,04192026,dat::Tn_alr1,dat::Tn,alr1,TSB
NA,E4,NA,04192026,Δalr1,Δalr1,None,TSB
NA,E5,NA,04192026,Δalr1_EV,Δalr1,EV,TSB
NA,E6,NA,04192026,Δalr1_alr1,Δalr1,alr1,TSB
NA,F1,NA,04192026,Δalr1_EV,Δalr1,EV,CDM19 - ala
NA,F2,NA,04192026,Δalr1_alr1,Δalr1,alr1,CDM19 - ala
NA,F3,NA,04192026,dat::Tn_alr1,dat::Tn,alr1,TSB
NA,F4,NA,04192026,Δalr1,Δalr1,None,TSB
NA,F5,NA,04192026,Δalr1_EV,Δalr1,EV,TSB
NA,F6,NA,04192026,Δalr1_alr1,Δalr1,alr1,TSB
NA,G1,NA,04192026,NB,NB,None,CDM19 - ala
NA,G2,NA,04192026,Parent,Parent,None,CDM19 - ala
NA,G3,NA,04192026,Parent_EV,Parent,EV,CDM19 - ala
NA,G4,NA,04192026,Parent_Pdat dat,Parent,Pdat dat,CDM19 - ala
NA,G5,NA,04192026,Parent_PpepV dat,Parent,PpepV dat,CDM19 - ala
NA,G6,NA,04192026,Parent_alr1,Parent,alr1,CDM19 - ala
NA,G7,NA,04192026,dat::Tn,dat::Tn,None,CDM19 - ala
NA,G8,NA,04192026,dat::Tn_EV,dat::Tn,EV,CDM19 - ala
NA,G9,NA,04192026,dat::Tn_Pdat dat,dat::Tn,Pdat dat,CDM19 - ala
NA,G10,NA,04192026,dat::Tn_PpepV dat,dat::Tn,PpepV dat,CDM19 - ala
NA,G11,NA,04192026,dat::Tn_alr1,dat::Tn,alr1,CDM19 - ala
NA,G12,NA,04192026,Δalr1,Δalr1,None,CDM19 - ala
NA,H1,NA,04192026,NB,NB,None,CDM19 - ala
NA,H2,NA,04192026,Parent,Parent,None,CDM19 - ala
NA,H3,NA,04192026,Parent_EV,Parent,EV,CDM19 - ala
NA,H4,NA,04192026,Parent_Pdat dat,Parent,Pdat dat,CDM19 - ala
NA,H5,NA,04192026,Parent_PpepV dat,Parent,PpepV dat,CDM19 - ala
NA,H6,NA,04192026,Parent_alr1,Parent,alr1,CDM19 - ala
NA,H7,NA,04192026,dat::Tn,dat::Tn,None,CDM19 - ala
NA,H8,NA,04192026,dat::Tn_EV,dat::Tn,EV,CDM19 - ala
NA,H9,NA,04192026,dat::Tn_Pdat dat,dat::Tn,Pdat dat,CDM19 - ala
NA,H10,NA,04192026,dat::Tn_PpepV dat,dat::Tn,PpepV dat,CDM19 - ala
NA,H11,NA,04192026,dat::Tn_alr1,dat::Tn,alr1,CDM19 - ala
NA,H12,NA,04192026,Δalr1,Δalr1,None,CDM19 - ala
NA,A1,NA,04192026,NB,NB,None,CDM20
NA,A2,NA,04192026,Parent,Parent,None,CDM20
NA,A3,NA,04192026,Parent_EV,Parent,EV,CDM20
NA,A4,NA,04192026,Parent_Pdat dat,Parent,Pdat dat,CDM20
NA,A5,NA,04192026,Parent_PpepV dat,Parent,PpepV dat,CDM20
NA,A6,NA,04192026,Parent_alr1,Parent,alr1,CDM20
NA,A7,NA,04192026,dat::Tn,dat::Tn,None,CDM20
NA,A8,NA,04192026,dat::Tn_EV,dat::Tn,EV,CDM20
NA,A9,NA,04192026,dat::Tn_Pdat dat,dat::Tn,Pdat dat,CDM20
NA,A10,NA,04192026,dat::Tn_PpepV dat,dat::Tn,PpepV dat,CDM20
NA,A11,NA,04192026,dat::Tn_alr1,dat::Tn,alr1,CDM20
NA,A12,NA,04192026,Δalr1,Δalr1,None,CDM20
NA,B1,NA,04192026,NB,NB,None,CDM20
NA,B2,NA,04192026,Parent,Parent,None,CDM20
NA,B3,NA,04192026,Parent_EV,Parent,EV,CDM20
NA,B4,NA,04192026,Parent_Pdat dat,Parent,Pdat dat,CDM20
NA,B5,NA,04192026,Parent_PpepV dat,Parent,PpepV dat,CDM20
NA,B6,NA,04192026,Parent_alr1,Parent,alr1,CDM20
NA,B7,NA,04192026,dat::Tn,dat::Tn,None,CDM20
NA,B8,NA,04192026,dat::Tn_EV,dat::Tn,EV,CDM20
NA,B9,NA,04192026,dat::Tn_Pdat dat,dat::Tn,Pdat dat,CDM20
NA,B10,NA,04192026,dat::Tn_PpepV dat,dat::Tn,PpepV dat,CDM20
NA,B11,NA,04192026,dat::Tn_alr1,dat::Tn,alr1,CDM20
NA,B12,NA,04192026,Δalr1,Δalr1,None,CDM20
NA,C1,NA,04192026,Δalr1_EV,Δalr1,EV,CDM20
NA,C2,NA,04192026,Δalr1_alr1,Δalr1,alr1,CDM20
NA,C3,NA,04192026,NB,NB,None,TSB
NA,C4,NA,04192026,Parent,Parent,None,TSB
NA,C5,NA,04192026,Parent_EV,Parent,EV,TSB
NA,C6,NA,04192026,Parent_Pdat dat,Parent,Pdat dat,TSB
NA,C7,NA,04192026,Parent_PpepV dat,Parent,PpepV dat,TSB
NA,C8,NA,04192026,Parent_alr1,Parent,alr1,TSB
NA,C9,NA,04192026,dat::Tn,dat::Tn,None,TSB
NA,C10,NA,04192026,dat::Tn_EV,dat::Tn,EV,TSB
NA,C11,NA,04192026,dat::Tn_Pdat dat,dat::Tn,Pdat dat,TSB
NA,C12,NA,04192026,dat::Tn_PpepV dat,dat::Tn,PpepV dat,TSB
NA,D1,NA,04192026,Δalr1_EV,Δalr1,EV,CDM20
NA,D2,NA,04192026,Δalr1_alr1,Δalr1,alr1,CDM20
NA,D3,NA,04192026,NB,NB,None,TSB
NA,D4,NA,04192026,Parent,Parent,None,TSB
NA,D5,NA,04192026,Parent_EV,Parent,EV,TSB
NA,D6,NA,04192026,Parent_Pdat dat,Parent,Pdat dat,TSB
NA,D7,NA,04192026,Parent_PpepV dat,Parent,PpepV dat,TSB
NA,D8,NA,04192026,Parent_alr1,Parent,alr1,TSB
NA,D9,NA,04192026,dat::Tn,dat::Tn,None,TSB
NA,D10,NA,04192026,dat::Tn_EV,dat::Tn,EV,TSB
NA,D11,NA,04192026,dat::Tn_Pdat dat,dat::Tn,Pdat dat,TSB
NA,D12,NA,04192026,dat::Tn_PpepV dat,dat::Tn,PpepV dat,TSB
NA,E1,NA,04192026,Δalr1_EV,Δalr1,EV,CDM19 - ala
NA,E2,NA,04192026,Δalr1_alr1,Δalr1,alr1,CDM19 - ala
NA,E3,NA,04192026,dat::Tn_alr1,dat::Tn,alr1,TSB
NA,E4,NA,04192026,Δalr1,Δalr1,None,TSB
NA,E5,NA,04192026,Δalr1_EV,Δalr1,EV,TSB
NA,E6,NA,04192026,Δalr1_alr1,Δalr1,alr1,TSB
NA,F1,NA,04192026,Δalr1_EV,Δalr1,EV,CDM19 - ala
NA,F2,NA,04192026,Δalr1_alr1,Δalr1,alr1,CDM19 - ala
NA,F3,NA,04192026,dat::Tn_alr1,dat::Tn,alr1,TSB
NA,F4,NA,04192026,Δalr1,Δalr1,None,TSB
NA,F5,NA,04192026,Δalr1_EV,Δalr1,EV,TSB
NA,F6,NA,04192026,Δalr1_alr1,Δalr1,alr1,TSB
NA,G1,NA,04192026,NB,NB,None,CDM19 - ala
NA,G2,NA,04192026,Parent,Parent,None,CDM19 - ala
NA,G3,NA,04192026,Parent_EV,Parent,EV,CDM19 - ala
NA,G4,NA,04192026,Parent_Pdat dat,Parent,Pdat dat,CDM19 - ala
NA,G5,NA,04192026,Parent_PpepV dat,Parent,PpepV dat,CDM19 - ala
NA,G6,NA,04192026,Parent_alr1,Parent,alr1,CDM19 - ala
NA,G7,NA,04192026,dat::Tn,dat::Tn,None,CDM19 - ala
NA,G8,NA,04192026,dat::Tn_EV,dat::Tn,EV,CDM19 - ala
NA,G9,NA,04192026,dat::Tn_Pdat dat,dat::Tn,Pdat dat,CDM19 - ala
NA,G10,NA,04192026,dat::Tn_PpepV dat,dat::Tn,PpepV dat,CDM19 - ala
NA,G11,NA,04192026,dat::Tn_alr1,dat::Tn,alr1,CDM19 - ala
NA,G12,NA,04192026,Δalr1,Δalr1,None,CDM19 - ala
NA,H1,NA,04192026,NB,NB,None,CDM19 - ala
NA,H2,NA,04192026,Parent,Parent,None,CDM19 - ala
NA,H3,NA,04192026,Parent_EV,Parent,EV,CDM19 - ala
NA,H4,NA,04192026,Parent_Pdat dat,Parent,Pdat dat,CDM19 - ala
NA,H5,NA,04192026,Parent_PpepV dat,Parent,PpepV dat,CDM19 - ala
NA,H6,NA,04192026,Parent_alr1,Parent,alr1,CDM19 - ala
NA,H7,NA,04192026,dat::Tn,dat::Tn,None,CDM19 - ala
NA,H8,NA,04192026,dat::Tn_EV,dat::Tn,EV,CDM19 - ala
NA,H9,NA,04192026,dat::Tn_Pdat dat,dat::Tn,Pdat dat,CDM19 - ala
NA,H10,NA,04192026,dat::Tn_PpepV dat,dat::Tn,PpepV dat,CDM19 - ala
NA,H11,NA,04192026,dat::Tn_alr1,dat::Tn,alr1,CDM19 - ala
NA,H12,NA,04192026,Δalr1,Δalr1,None,CDM19 - ala
NA,A1,NA,04192026,NB,NB,None,CDM20
NA,A2,NA,04192026,Parent,Parent,None,CDM20
NA,A3,NA,04192026,Parent_EV,Parent,EV,CDM20
NA,A4,NA,04192026,Parent_Pdat dat,Parent,Pdat dat,CDM20
NA,A5,NA,04192026,Parent_PpepV dat,Parent,PpepV dat,CDM20
NA,A6,NA,04192026,Parent_alr1,Parent,alr1,CDM20
NA,A7,NA,04192026,dat::Tn,dat::Tn,None,CDM20
NA,A8,NA,04192026,dat::Tn_EV,dat::Tn,EV,CDM20
NA,A9,NA,04192026,dat::Tn_Pdat dat,dat::Tn,Pdat dat,CDM20
NA,A10,NA,04192026,dat::Tn_PpepV dat,dat::Tn,PpepV dat,CDM20
NA,A11,NA,04192026,dat::Tn_alr1,dat::Tn,alr1,CDM20
NA,A12,NA,04192026,Δalr1,Δalr1,None,CDM20
NA,B1,NA,04192026,NB,NB,None,CDM20
NA,B2,NA,04192026,Parent,Parent,None,CDM20
NA,B3,NA,04192026,Parent_EV,Parent,EV,CDM20
NA,B4,NA,04192026,Parent_Pdat dat,Parent,Pdat dat,CDM20
NA,B5,NA,04192026,Parent_PpepV dat,Parent,PpepV dat,CDM20
NA,B6,NA,04192026,Parent_alr1,Parent,alr1,CDM20
NA,B7,NA,04192026,dat::Tn,dat::Tn,None,CDM20
NA,B8,NA,04192026,dat::Tn_EV,dat::Tn,EV,CDM20
NA,B9,NA,04192026,dat::Tn_Pdat dat,dat::Tn,Pdat dat,CDM20
NA,B10,NA,04192026,dat::Tn_PpepV dat,dat::Tn,PpepV dat,CDM20
NA,B11,NA,04192026,dat::Tn_alr1,dat::Tn,alr1,CDM20
NA,B12,NA,04192026,Δalr1,Δalr1,None,CDM20
NA,C1,NA,04192026,Δalr1_EV,Δalr1,EV,CDM20
NA,C2,NA,04192026,Δalr1_alr1,Δalr1,alr1,CDM20
NA,C3,NA,04192026,NB,NB,None,TSB
NA,C4,NA,04192026,Parent,Parent,None,TSB
NA,C5,NA,04192026,Parent_EV,Parent,EV,TSB
NA,C6,NA,04192026,Parent_Pdat dat,Parent,Pdat dat,TSB
NA,C7,NA,04192026,Parent_PpepV dat,Parent,PpepV dat,TSB
NA,C8,NA,04192026,Parent_alr1,Parent,alr1,TSB
NA,C9,NA,04192026,dat::Tn,dat::Tn,None,TSB
NA,C10,NA,04192026,dat::Tn_EV,dat::Tn,EV,TSB
NA,C11,NA,04192026,dat::Tn_Pdat dat,dat::Tn,Pdat dat,TSB
NA,C12,NA,04192026,dat::Tn_PpepV dat,dat::Tn,PpepV dat,TSB
NA,D1,NA,04192026,Δalr1_EV,Δalr1,EV,CDM20
NA,D2,NA,04192026,Δalr1_alr1,Δalr1,alr1,CDM20
NA,D3,NA,04192026,NB,NB,None,TSB
NA,D4,NA,04192026,Parent,Parent,None,TSB
NA,D5,NA,04192026,Parent_EV,Parent,EV,TSB
NA,D6,NA,04192026,Parent_Pdat dat,Parent,Pdat dat,TSB
NA,D7,NA,04192026,Parent_PpepV dat,Parent,PpepV dat,TSB
NA,D8,NA,04192026,Parent_alr1,Parent,alr1,TSB
NA,D9,NA,04192026,dat::Tn,dat::Tn,None,TSB
NA,D10,NA,04192026,dat::Tn_EV,dat::Tn,EV,TSB
NA,D11,NA,04192026,dat::Tn_Pdat dat,dat::Tn,Pdat dat,TSB
NA,D12,NA,04192026,dat::Tn_PpepV dat,dat::Tn,PpepV dat,TSB
NA,E1,NA,04192026,Δalr1_EV,Δalr1,EV,CDM19 - ala
NA,E2,NA,04192026,Δalr1_alr1,Δalr1,alr1,CDM19 - ala
NA,E3,NA,04192026,dat::Tn_alr1,dat::Tn,alr1,TSB
NA,E4,NA,04192026,Δalr1,Δalr1,None,TSB
NA,E5,NA,04192026,Δalr1_EV,Δalr1,EV,TSB
NA,E6,NA,04192026,Δalr1_alr1,Δalr1,alr1,TSB
NA,F1,NA,04192026,Δalr1_EV,Δalr1,EV,CDM19 - ala
NA,F2,NA,04192026,Δalr1_alr1,Δalr1,alr1,CDM19 - ala
NA,F3,NA,04192026,dat::Tn_alr1,dat::Tn,alr1,TSB
NA,F4,NA,04192026,Δalr1,Δalr1,None,TSB
NA,F5,NA,04192026,Δalr1_EV,Δalr1,EV,TSB
NA,F6,NA,04192026,Δalr1_alr1,Δalr1,alr1,TSB
NA,G1,NA,04192026,NB,NB,None,CDM19 - ala
NA,G2,NA,04192026,Parent,Parent,None,CDM19 - ala
NA,G3,NA,04192026,Parent_EV,Parent,EV,CDM19 - ala
NA,G4,NA,04192026,Parent_Pdat dat,Parent,Pdat dat,CDM19 - ala
NA,G5,NA,04192026,Parent_PpepV dat,Parent,PpepV dat,CDM19 - ala
NA,G6,NA,04192026,Parent_alr1,Parent,alr1,CDM19 - ala
NA,G7,NA,04192026,dat::Tn,dat::Tn,None,CDM19 - ala
NA,G8,NA,04192026,dat::Tn_EV,dat::Tn,EV,CDM19 - ala
NA,G9,NA,04192026,dat::Tn_Pdat dat,dat::Tn,Pdat dat,CDM19 - ala
NA,G10,NA,04192026,dat::Tn_PpepV dat,dat::Tn,PpepV dat,CDM19 - ala
NA,G11,NA,04192026,dat::Tn_alr1,dat::Tn,alr1,CDM19 - ala
NA,G12,NA,04192026,Δalr1,Δalr1,None,CDM19 - ala
NA,H1,NA,04192026,NB,NB,None,CDM19 - ala
NA,H2,NA,04192026,Parent,Parent,None,CDM19 - ala
NA,H3,NA,04192026,Parent_EV,Parent,EV,CDM19 - ala
NA,H4,NA,04192026,Parent_Pdat dat,Parent,Pdat dat,CDM19 - ala
NA,H5,NA,04192026,Parent_PpepV dat,Parent,PpepV dat,CDM19 - ala
NA,H6,NA,04192026,Parent_alr1,Parent,alr1,CDM19 - ala
NA,H7,NA,04192026,dat::Tn,dat::Tn,None,CDM19 - ala
NA,H8,NA,04192026,dat::Tn_EV,dat::Tn,EV,CDM19 - ala
NA,H9,NA,04192026,dat::Tn_Pdat dat,dat::Tn,Pdat dat,CDM19 - ala
NA,H10,NA,04192026,dat::Tn_PpepV dat,dat::Tn,PpepV dat,CDM19 - ala
NA,H11,NA,04192026,dat::Tn_alr1,dat::Tn,alr1,CDM19 - ala
NA,H12,NA,04192026,Δalr1,Δalr1,None,CDM19 - ala
NA,A1,NA,04192026,NB,NB,None,CDM20
NA,A2,NA,04192026,Parent,Parent,None,CDM20
NA,A3,NA,04192026,Parent_EV,Parent,EV,CDM20
NA,A4,NA,04192026,Parent_Pdat dat,Parent,Pdat dat,CDM20
NA,A5,NA,04192026,Parent_PpepV dat,Parent,PpepV dat,CDM20
NA,A6,NA,04192026,Parent_alr1,Parent,alr1,CDM20
NA,A7,NA,04192026,dat::Tn,dat::Tn,None,CDM20
NA,A8,NA,04192026,dat::Tn_EV,dat::Tn,EV,CDM20
NA,A9,NA,04192026,dat::Tn_Pdat dat,dat::Tn,Pdat dat,CDM20
NA,A10,NA,04192026,dat::Tn_PpepV dat,dat::Tn,PpepV dat,CDM20
NA,A11,NA,04192026,dat::Tn_alr1,dat::Tn,alr1,CDM20
NA,A12,NA,04192026,Δalr1,Δalr1,None,CDM20
NA,B1,NA,04192026,NB,NB,None,CDM20
NA,B2,NA,04192026,Parent,Parent,None,CDM20
NA,B3,NA,04192026,Parent_EV,Parent,EV,CDM20
NA,B4,NA,04192026,Parent_Pdat dat,Parent,Pdat dat,CDM20
NA,B5,NA,04192026,Parent_PpepV dat,Parent,PpepV dat,CDM20
NA,B6,NA,04192026,Parent_alr1,Parent,alr1,CDM20
NA,B7,NA,04192026,dat::Tn,dat::Tn,None,CDM20
NA,B8,NA,04192026,dat::Tn_EV,dat::Tn,EV,CDM20
NA,B9,NA,04192026,dat::Tn_Pdat dat,dat::Tn,Pdat dat,CDM20
NA,B10,NA,04192026,dat::Tn_PpepV dat,dat::Tn,PpepV dat,CDM20
NA,B11,NA,04192026,dat::Tn_alr1,dat::Tn,alr1,CDM20
NA,B12,NA,04192026,Δalr1,Δalr1,None,CDM20
NA,C1,NA,04192026,Δalr1_EV,Δalr1,EV,CDM20
NA,C2,NA,04192026,Δalr1_alr1,Δalr1,alr1,CDM20
NA,C3,NA,04192026,NB,NB,None,TSB
NA,C4,NA,04192026,Parent,Parent,None,TSB
NA,C5,NA,04192026,Parent_EV,Parent,EV,TSB
NA,C6,NA,04192026,Parent_Pdat dat,Parent,Pdat dat,TSB
NA,C7,NA,04192026,Parent_PpepV dat,Parent,PpepV dat,TSB
NA,C8,NA,04192026,Parent_alr1,Parent,alr1,TSB
NA,C9,NA,04192026,dat::Tn,dat::Tn,None,TSB
NA,C10,NA,04192026,dat::Tn_EV,dat::Tn,EV,TSB
NA,C11,NA,04192026,dat::Tn_Pdat dat,dat::Tn,Pdat dat,TSB
NA,C12,NA,04192026,dat::Tn_PpepV dat,dat::Tn,PpepV dat,TSB
NA,D1,NA,04192026,Δalr1_EV,Δalr1,EV,CDM20
NA,D2,NA,04192026,Δalr1_alr1,Δalr1,alr1,CDM20
NA,D3,NA,04192026,NB,NB,None,TSB
NA,D4,NA,04192026,Parent,Parent,None,TSB
NA,D5,NA,04192026,Parent_EV,Parent,EV,TSB
NA,D6,NA,04192026,Parent_Pdat dat,Parent,Pdat dat,TSB
NA,D7,NA,04192026,Parent_PpepV dat,Parent,PpepV dat,TSB
NA,D8,NA,04192026,Parent_alr1,Parent,alr1,TSB
NA,D9,NA,04192026,dat::Tn,dat::Tn,None,TSB
NA,D10,NA,04192026,dat::Tn_EV,dat::Tn,EV,TSB
NA,D11,NA,04192026,dat::Tn_Pdat dat,dat::Tn,Pdat dat,TSB
NA,D12,NA,04192026,dat::Tn_PpepV dat,dat::Tn,PpepV dat,TSB
NA,E1,NA,04192026,Δalr1_EV,Δalr1,EV,CDM19 - ala
NA,E2,NA,04192026,Δalr1_alr1,Δalr1,alr1,CDM19 - ala
NA,E3,NA,04192026,dat::Tn_alr1,dat::Tn,alr1,TSB
NA,E4,NA,04192026,Δalr1,Δalr1,None,TSB
NA,E5,NA,04192026,Δalr1_EV,Δalr1,EV,TSB
NA,E6,NA,04192026,Δalr1_alr1,Δalr1,alr1,TSB
NA,F1,NA,04192026,Δalr1_EV,Δalr1,EV,CDM19 - ala
NA,F2,NA,04192026,Δalr1_alr1,Δalr1,alr1,CDM19 - ala
NA,F3,NA,04192026,dat::Tn_alr1,dat::Tn,alr1,TSB
NA,F4,NA,04192026,Δalr1,Δalr1,None,TSB
NA,F5,NA,04192026,Δalr1_EV,Δalr1,EV,TSB
NA,F6,NA,04192026,Δalr1_alr1,Δalr1,alr1,TSB
NA,G1,NA,04192026,NB,NB,None,CDM19 - ala
NA,G2,NA,04192026,Parent,Parent,None,CDM19 - ala
NA,G3,NA,04192026,Parent_EV,Parent,EV,CDM19 - ala
NA,G4,NA,04192026,Parent_Pdat dat,Parent,Pdat dat,CDM19 - ala
NA,G5,NA,04192026,Parent_PpepV dat,Parent,PpepV dat,CDM19 - ala
NA,G6,NA,04192026,Parent_alr1,Parent,alr1,CDM19 - ala
NA,G7,NA,04192026,dat::Tn,dat::Tn,None,CDM19 - ala
NA,G8,NA,04192026,dat::Tn_EV,dat::Tn,EV,CDM19 - ala
NA,G9,NA,04192026,dat::Tn_Pdat dat,dat::Tn,Pdat dat,CDM19 - ala
NA,G10,NA,04192026,dat::Tn_PpepV dat,dat::Tn,PpepV dat,CDM19 - ala
NA,G11,NA,04192026,dat::Tn_alr1,dat::Tn,alr1,CDM19 - ala
NA,G12,NA,04192026,Δalr1,Δalr1,None,CDM19 - ala
NA,H1,NA,04192026,NB,NB,None,CDM19 - ala
NA,H2,NA,04192026,Parent,Parent,None,CDM19 - ala
NA,H3,NA,04192026,Parent_EV,Parent,EV,CDM19 - ala
NA,H4,NA,04192026,Parent_Pdat dat,Parent,Pdat dat,CDM19 - ala
NA,H5,NA,04192026,Parent_PpepV dat,Parent,PpepV dat,CDM19 - ala
NA,H6,NA,04192026,Parent_alr1,Parent,alr1,CDM19 - ala
NA,H7,NA,04192026,dat::Tn,dat::Tn,None,CDM19 - ala
NA,H8,NA,04192026,dat::Tn_EV,dat::Tn,EV,CDM19 - ala
NA,H9,NA,04192026,dat::Tn_Pdat dat,dat::Tn,Pdat dat,CDM19 - ala
NA,H10,NA,04192026,dat::Tn_PpepV dat,dat::Tn,PpepV dat,CDM19 - ala
NA,H11,NA,04192026,dat::Tn_alr1,dat::Tn,alr1,CDM19 - ala
NA,H12,NA,04192026,Δalr1,Δalr1,None,CDM19 - ala
NA,A1,NA,04192026,NB,NB,None,CDM20
NA,A2,NA,04192026,Parent,Parent,None,CDM20
NA,A3,NA,04192026,Parent_EV,Parent,EV,CDM20
NA,A4,NA,04192026,Parent_Pdat dat,Parent,Pdat dat,CDM20
NA,A5,NA,04192026,Parent_PpepV dat,Parent,PpepV dat,CDM20
NA,A6,NA,04192026,Parent_alr1,Parent,alr1,CDM20
NA,A7,NA,04192026,dat::Tn,dat::Tn,None,CDM20
NA,A8,NA,04192026,dat::Tn_EV,dat::Tn,EV,CDM20
NA,A9,NA,04192026,dat::Tn_Pdat dat,dat::Tn,Pdat dat,CDM20
NA,A10,NA,04192026,dat::Tn_PpepV dat,dat::Tn,PpepV dat,CDM20
NA,A11,NA,04192026,dat::Tn_alr1,dat::Tn,alr1,CDM20
NA,A12,NA,04192026,Δalr1,Δalr1,None,CDM20
NA,B1,NA,04192026,NB,NB,None,CDM20
NA,B2,NA,04192026,Parent,Parent,None,CDM20
NA,B3,NA,04192026,Parent_EV,Parent,EV,CDM20
NA,B4,NA,04192026,Parent_Pdat dat,Parent,Pdat dat,CDM20
NA,B5,NA,04192026,Parent_PpepV dat,Parent,PpepV dat,CDM20
NA,B6,NA,04192026,Parent_alr1,Parent,alr1,CDM20
NA,B7,NA,04192026,dat::Tn,dat::Tn,None,CDM20
NA,B8,NA,04192026,dat::Tn_EV,dat::Tn,EV,CDM20
NA,B9,NA,04192026,dat::Tn_Pdat dat,dat::Tn,Pdat dat,CDM20
NA,B10,NA,04192026,dat::Tn_PpepV dat,dat::Tn,PpepV dat,CDM20
NA,B11,NA,04192026,dat::Tn_alr1,dat::Tn,alr1,CDM20
NA,B12,NA,04192026,Δalr1,Δalr1,None,CDM20
NA,C1,NA,04192026,Δalr1_EV,Δalr1,EV,CDM20
NA,C2,NA,04192026,Δalr1_alr1,Δalr1,alr1,CDM20
NA,C3,NA,04192026,NB,NB,None,TSB
NA,C4,NA,04192026,Parent,Parent,None,TSB
NA,C5,NA,04192026,Parent_EV,Parent,EV,TSB
NA,C6,NA,04192026,Parent_Pdat dat,Parent,Pdat dat,TSB
NA,C7,NA,04192026,Parent_PpepV dat,Parent,PpepV dat,TSB
NA,C8,NA,04192026,Parent_alr1,Parent,alr1,TSB
NA,C9,NA,04192026,dat::Tn,dat::Tn,None,TSB
NA,C10,NA,04192026,dat::Tn_EV,dat::Tn,EV,TSB
NA,C11,NA,04192026,dat::Tn_Pdat dat,dat::Tn,Pdat dat,TSB
NA,C12,NA,04192026,dat::Tn_PpepV dat,dat::Tn,PpepV dat,TSB
NA,D1,NA,04192026,Δalr1_EV,Δalr1,EV,CDM20
NA,D2,NA,04192026,Δalr1_alr1,Δalr1,alr1,CDM20
NA,D3,NA,04192026,NB,NB,None,TSB
NA,D4,NA,04192026,Parent,Parent,None,TSB
NA,D5,NA,04192026,Parent_EV,Parent,EV,TSB
NA,D6,NA,04192026,Parent_Pdat dat,Parent,Pdat dat,TSB
NA,D7,NA,04192026,Parent_PpepV dat,Parent,PpepV dat,TSB
NA,D8,NA,04192026,Parent_alr1,Parent,alr1,TSB
NA,D9,NA,04192026,dat::Tn,dat::Tn,None,TSB
NA,D10,NA,04192026,dat::Tn_EV,dat::Tn,EV,TSB
NA,D11,NA,04192026,dat::Tn_Pdat dat,dat::Tn,Pdat dat,TSB
NA,D12,NA,04192026,dat::Tn_PpepV dat,dat::Tn,PpepV dat,TSB
NA,E1,NA,04192026,Δalr1_EV,Δalr1,EV,CDM19 - ala
NA,E2,NA,04192026,Δalr1_alr1,Δalr1,alr1,CDM19 - ala
NA,E3,NA,04192026,dat::Tn_alr1,dat::Tn,alr1,TSB
NA,E4,NA,04192026,Δalr1,Δalr1,None,TSB
NA,E5,NA,04192026,Δalr1_EV,Δalr1,EV,TSB
NA,E6,NA,04192026,Δalr1_alr1,Δalr1,alr1,TSB
NA,F1,NA,04192026,Δalr1_EV,Δalr1,EV,CDM19 - ala
NA,F2,NA,04192026,Δalr1_alr1,Δalr1,alr1,CDM19 - ala
NA,F3,NA,04192026,dat::Tn_alr1,dat::Tn,alr1,TSB
NA,F4,NA,04192026,Δalr1,Δalr1,None,TSB
NA,F5,NA,04192026,Δalr1_EV,Δalr1,EV,TSB
NA,F6,NA,04192026,Δalr1_alr1,Δalr1,alr1,TSB
NA,G1,NA,04192026,NB,NB,None,CDM19 - ala
NA,G2,NA,04192026,Parent,Parent,None,CDM19 - ala
NA,G3,NA,04192026,Parent_EV,Parent,EV,CDM19 - ala
NA,G4,NA,04192026,Parent_Pdat dat,Parent,Pdat dat,CDM19 - ala
NA,G5,NA,04192026,Parent_PpepV dat,Parent,PpepV dat,CDM19 - ala
NA,G6,NA,04192026,Parent_alr1,Parent,alr1,CDM19 - ala
NA,G7,NA,04192026,dat::Tn,dat::Tn,None,CDM19 - ala
NA,G8,NA,04192026,dat::Tn_EV,dat::Tn,EV,CDM19 - ala
NA,G9,NA,04192026,dat::Tn_Pdat dat,dat::Tn,Pdat dat,CDM19 - ala
NA,G10,NA,04192026,dat::Tn_PpepV dat,dat::Tn,PpepV dat,CDM19 - ala
NA,G11,NA,04192026,dat::Tn_alr1,dat::Tn,alr1,CDM19 - ala
NA,G12,NA,04192026,Δalr1,Δalr1,None,CDM19 - ala
NA,H1,NA,04192026,NB,NB,None,CDM19 - ala
NA,H2,NA,04192026,Parent,Parent,None,CDM19 - ala
NA,H3,NA,04192026,Parent_EV,Parent,EV,CDM19 - ala
NA,H4,NA,04192026,Parent_Pdat dat,Parent,Pdat dat,CDM19 - ala
NA,H5,NA,04192026,Parent_PpepV dat,Parent,PpepV dat,CDM19 - ala
NA,H6,NA,04192026,Parent_alr1,Parent,alr1,CDM19 - ala
NA,H7,NA,04192026,dat::Tn,dat::Tn,None,CDM19 - ala
NA,H8,NA,04192026,dat::Tn_EV,dat::Tn,EV,CDM19 - ala
NA,H9,NA,04192026,dat::Tn_Pdat dat,dat::Tn,Pdat dat,CDM19 - ala
NA,H10,NA,04192026,dat::Tn_PpepV dat,dat::Tn,PpepV dat,CDM19 - ala
NA,H11,NA,04192026,dat::Tn_alr1,dat::Tn,alr1,CDM19 - ala
NA,H12,NA,04192026,Δalr1,Δalr1,None,CDM19 - ala
0,A1,0.087,04202026,NB,NB,None,CDM20
0,A2,0.11,04202026,Parent,Parent,None,CDM20
0,A3,0.112,04202026,Parent_EV,Parent,EV,CDM20
0,A4,0.113,04202026,Parent_Pdat dat,Parent,Pdat dat,CDM20
0,A5,0.111,04202026,Parent_PpepV dat,Parent,PpepV dat,CDM20
0,A6,0.11,04202026,Parent_alr1,Parent,alr1,CDM20
0,A7,0.11,04202026,dat::Tn,dat::Tn,None,CDM20
0,A8,0.109,04202026,dat::Tn_EV,dat::Tn,EV,CDM20
0,A9,0.111,04202026,dat::Tn_Pdat dat,dat::Tn,Pdat dat,CDM20
0,A10,0.11,04202026,dat::Tn_PpepV dat,dat::Tn,PpepV dat,CDM20
0,A11,0.109,04202026,dat::Tn_alr1,dat::Tn,alr1,CDM20
0,A12,0.105,04202026,Δalr1,Δalr1,None,CDM20
0,B1,0.086,04202026,NB,NB,None,CDM20
0,B2,0.113,04202026,Parent,Parent,None,CDM20
0,B3,0.111,04202026,Parent_EV,Parent,EV,CDM20
0,B4,0.106,04202026,Parent_Pdat dat,Parent,Pdat dat,CDM20
0,B5,0.112,04202026,Parent_PpepV dat,Parent,PpepV dat,CDM20
0,B6,0.114,04202026,Parent_alr1,Parent,alr1,CDM20
0,B7,0.11,04202026,dat::Tn,dat::Tn,None,CDM20
0,B8,0.107,04202026,dat::Tn_EV,dat::Tn,EV,CDM20
0,B9,0.11,04202026,dat::Tn_Pdat dat,dat::Tn,Pdat dat,CDM20
0,B10,0.11,04202026,dat::Tn_PpepV dat,dat::Tn,PpepV dat,CDM20
0,B11,0.107,04202026,dat::Tn_alr1,dat::Tn,alr1,CDM20
0,B12,0.11,04202026,Δalr1,Δalr1,None,CDM20
0,C1,0.108,04202026,Δalr1_EV,Δalr1,EV,CDM20
0,C2,0.109,04202026,Δalr1_alr1,Δalr1,alr1,CDM20
0,C3,0.092,04202026,NB,NB,None,TSB
0,C4,0.131,04202026,Parent,Parent,None,TSB
0,C5,0.125,04202026,Parent_EV,Parent,EV,TSB
0,C6,0.124,04202026,Parent_Pdat dat,Parent,Pdat dat,TSB
0,C7,0.124,04202026,Parent_PpepV dat,Parent,PpepV dat,TSB
0,C8,0.127,04202026,Parent_alr1,Parent,alr1,TSB
0,C9,0.119,04202026,dat::Tn,dat::Tn,None,TSB
0,C10,0.12,04202026,dat::Tn_EV,dat::Tn,EV,TSB
0,C11,0.118,04202026,dat::Tn_Pdat dat,dat::Tn,Pdat dat,TSB
0,C12,0.118,04202026,dat::Tn_PpepV dat,dat::Tn,PpepV dat,TSB
0,D1,0.109,04202026,Δalr1_EV,Δalr1,EV,CDM20
0,D2,0.11,04202026,Δalr1_alr1,Δalr1,alr1,CDM20
0,D3,0.092,04202026,NB,NB,None,TSB
0,D4,0.122,04202026,Parent,Parent,None,TSB
0,D5,0.123,04202026,Parent_EV,Parent,EV,TSB
0,D6,0.122,04202026,Parent_Pdat dat,Parent,Pdat dat,TSB
0,D7,0.124,04202026,Parent_PpepV dat,Parent,PpepV dat,TSB
0,D8,0.119,04202026,Parent_alr1,Parent,alr1,TSB
0,D9,0.117,04202026,dat::Tn,dat::Tn,None,TSB
0,D10,0.115,04202026,dat::Tn_EV,dat::Tn,EV,TSB
0,D11,0.118,04202026,dat::Tn_Pdat dat,dat::Tn,Pdat dat,TSB
0,D12,0.115,04202026,dat::Tn_PpepV dat,dat::Tn,PpepV dat,TSB
0,E1,0.111,04202026,Δalr1_EV,Δalr1,EV,CDM19 - ala
0,E2,0.107,04202026,Δalr1_alr1,Δalr1,alr1,CDM19 - ala
0,E3,0.122,04202026,dat::Tn_alr1,dat::Tn,alr1,TSB
0,E4,0.123,04202026,Δalr1,Δalr1,None,TSB
0,E5,0.118,04202026,Δalr1_EV,Δalr1,EV,TSB
0,E6,0.119,04202026,Δalr1_alr1,Δalr1,alr1,TSB
0,F1,0.103,04202026,Δalr1_EV,Δalr1,EV,CDM19 - ala
0,F2,0.107,04202026,Δalr1_alr1,Δalr1,alr1,CDM19 - ala
0,F3,0.122,04202026,dat::Tn_alr1,dat::Tn,alr1,TSB
0,F4,0.117,04202026,Δalr1,Δalr1,None,TSB
0,F5,0.108,04202026,Δalr1_EV,Δalr1,EV,TSB
0,F6,0.112,04202026,Δalr1_alr1,Δalr1,alr1,TSB
0,G1,0.087,04202026,NB,NB,None,CDM19 - ala
0,G2,0.111,04202026,Parent,Parent,None,CDM19 - ala
0,G3,0.11,04202026,Parent_EV,Parent,EV,CDM19 - ala
0,G4,0.11,04202026,Parent_Pdat dat,Parent,Pdat dat,CDM19 - ala
0,G5,0.113,04202026,Parent_PpepV dat,Parent,PpepV dat,CDM19 - ala
0,G6,0.114,04202026,Parent_alr1,Parent,alr1,CDM19 - ala
0,G7,0.109,04202026,dat::Tn,dat::Tn,None,CDM19 - ala
0,G8,0.11,04202026,dat::Tn_EV,dat::Tn,EV,CDM19 - ala
0,G9,0.108,04202026,dat::Tn_Pdat dat,dat::Tn,Pdat dat,CDM19 - ala
0,G10,0.111,04202026,dat::Tn_PpepV dat,dat::Tn,PpepV dat,CDM19 - ala
0,G11,0.108,04202026,dat::Tn_alr1,dat::Tn,alr1,CDM19 - ala
0,G12,0.107,04202026,Δalr1,Δalr1,None,CDM19 - ala
0,H1,0.086,04202026,NB,NB,None,CDM19 - ala
0,H2,0.112,04202026,Parent,Parent,None,CDM19 - ala
0,H3,0.115,04202026,Parent_EV,Parent,EV,CDM19 - ala
0,H4,0.11,04202026,Parent_Pdat dat,Parent,Pdat dat,CDM19 - ala
0,H5,0.111,04202026,Parent_PpepV dat,Parent,PpepV dat,CDM19 - ala
0,H6,0.114,04202026,Parent_alr1,Parent,alr1,CDM19 - ala
0,H7,0.11,04202026,dat::Tn,dat::Tn,None,CDM19 - ala
0,H8,0.109,04202026,dat::Tn_EV,dat::Tn,EV,CDM19 - ala
0,H9,0.108,04202026,dat::Tn_Pdat dat,dat::Tn,Pdat dat,CDM19 - ala
0,H10,0.11,04202026,dat::Tn_PpepV dat,dat::Tn,PpepV dat,CDM19 - ala
0,H11,0.108,04202026,dat::Tn_alr1,dat::Tn,alr1,CDM19 - ala
0,H12,0.109,04202026,Δalr1,Δalr1,None,CDM19 - ala
1,A1,0.087,04202026,NB,NB,None,CDM20
1,A2,0.127,04202026,Parent,Parent,None,CDM20
1,A3,0.116,04202026,Parent_EV,Parent,EV,CDM20
1,A4,0.116,04202026,Parent_Pdat dat,Parent,Pdat dat,CDM20
1,A5,0.115,04202026,Parent_PpepV dat,Parent,PpepV dat,CDM20
1,A6,0.113,04202026,Parent_alr1,Parent,alr1,CDM20
1,A7,0.113,04202026,dat::Tn,dat::Tn,None,CDM20
1,A8,0.111,04202026,dat::Tn_EV,dat::Tn,EV,CDM20
1,A9,0.114,04202026,dat::Tn_Pdat dat,dat::Tn,Pdat dat,CDM20
1,A10,0.113,04202026,dat::Tn_PpepV dat,dat::Tn,PpepV dat,CDM20
1,A11,0.113,04202026,dat::Tn_alr1,dat::Tn,alr1,CDM20
1,A12,0.108,04202026,Δalr1,Δalr1,None,CDM20
1,B1,0.086,04202026,NB,NB,None,CDM20
1,B2,0.117,04202026,Parent,Parent,None,CDM20
1,B3,0.116,04202026,Parent_EV,Parent,EV,CDM20
1,B4,0.11,04202026,Parent_Pdat dat,Parent,Pdat dat,CDM20
1,B5,0.116,04202026,Parent_PpepV dat,Parent,PpepV dat,CDM20
1,B6,0.118,04202026,Parent_alr1,Parent,alr1,CDM20
1,B7,0.115,04202026,dat::Tn,dat::Tn,None,CDM20
1,B8,0.111,04202026,dat::Tn_EV,dat::Tn,EV,CDM20
1,B9,0.115,04202026,dat::Tn_Pdat dat,dat::Tn,Pdat dat,CDM20
1,B10,0.115,04202026,dat::Tn_PpepV dat,dat::Tn,PpepV dat,CDM20
1,B11,0.112,04202026,dat::Tn_alr1,dat::Tn,alr1,CDM20
1,B12,0.115,04202026,Δalr1,Δalr1,None,CDM20
1,C1,0.112,04202026,Δalr1_EV,Δalr1,EV,CDM20
1,C2,0.113,04202026,Δalr1_alr1,Δalr1,alr1,CDM20
1,C3,0.092,04202026,NB,NB,None,TSB
1,C4,0.185,04202026,Parent,Parent,None,TSB
1,C5,0.165,04202026,Parent_EV,Parent,EV,TSB
1,C6,0.161,04202026,Parent_Pdat dat,Parent,Pdat dat,TSB
1,C7,0.166,04202026,Parent_PpepV dat,Parent,PpepV dat,TSB
1,C8,0.192,04202026,Parent_alr1,Parent,alr1,TSB
1,C9,0.156,04202026,dat::Tn,dat::Tn,None,TSB
1,C10,0.156,04202026,dat::Tn_EV,dat::Tn,EV,TSB
1,C11,0.145,04202026,dat::Tn_Pdat dat,dat::Tn,Pdat dat,TSB
1,C12,0.131,04202026,dat::Tn_PpepV dat,dat::Tn,PpepV dat,TSB
1,D1,0.114,04202026,Δalr1_EV,Δalr1,EV,CDM20
1,D2,0.115,04202026,Δalr1_alr1,Δalr1,alr1,CDM20
1,D3,0.092,04202026,NB,NB,None,TSB
1,D4,0.155,04202026,Parent,Parent,None,TSB
1,D5,0.158,04202026,Parent_EV,Parent,EV,TSB
1,D6,0.165,04202026,Parent_Pdat dat,Parent,Pdat dat,TSB
1,D7,0.176,04202026,Parent_PpepV dat,Parent,PpepV dat,TSB
1,D8,0.171,04202026,Parent_alr1,Parent,alr1,TSB
1,D9,0.152,04202026,dat::Tn,dat::Tn,None,TSB
1,D10,0.141,04202026,dat::Tn_EV,dat::Tn,EV,TSB
1,D11,0.143,04202026,dat::Tn_Pdat dat,dat::Tn,Pdat dat,TSB
1,D12,0.127,04202026,dat::Tn_PpepV dat,dat::Tn,PpepV dat,TSB
1,E1,0.113,04202026,Δalr1_EV,Δalr1,EV,CDM19 - ala
1,E2,0.109,04202026,Δalr1_alr1,Δalr1,alr1,CDM19 - ala
1,E3,0.152,04202026,dat::Tn_alr1,dat::Tn,alr1,TSB
1,E4,0.144,04202026,Δalr1,Δalr1,None,TSB
1,E5,0.136,04202026,Δalr1_EV,Δalr1,EV,TSB
1,E6,0.142,04202026,Δalr1_alr1,Δalr1,alr1,TSB
1,F1,0.104,04202026,Δalr1_EV,Δalr1,EV,CDM19 - ala
1,F2,0.109,04202026,Δalr1_alr1,Δalr1,alr1,CDM19 - ala
1,F3,0.15,04202026,dat::Tn_alr1,dat::Tn,alr1,TSB
1,F4,0.13,04202026,Δalr1,Δalr1,None,TSB
1,F5,0.117,04202026,Δalr1_EV,Δalr1,EV,TSB
1,F6,0.127,04202026,Δalr1_alr1,Δalr1,alr1,TSB
1,G1,0.087,04202026,NB,NB,None,CDM19 - ala
1,G2,0.113,04202026,Parent,Parent,None,CDM19 - ala
1,G3,0.112,04202026,Parent_EV,Parent,EV,CDM19 - ala
1,G4,0.112,04202026,Parent_Pdat dat,Parent,Pdat dat,CDM19 - ala
1,G5,0.116,04202026,Parent_PpepV dat,Parent,PpepV dat,CDM19 - ala
1,G6,0.117,04202026,Parent_alr1,Parent,alr1,CDM19 - ala
1,G7,0.11,04202026,dat::Tn,dat::Tn,None,CDM19 - ala
1,G8,0.112,04202026,dat::Tn_EV,dat::Tn,EV,CDM19 - ala
1,G9,0.11,04202026,dat::Tn_Pdat dat,dat::Tn,Pdat dat,CDM19 - ala
1,G10,0.114,04202026,dat::Tn_PpepV dat,dat::Tn,PpepV dat,CDM19 - ala
1,G11,0.109,04202026,dat::Tn_alr1,dat::Tn,alr1,CDM19 - ala
1,G12,0.11,04202026,Δalr1,Δalr1,None,CDM19 - ala
1,H1,0.087,04202026,NB,NB,None,CDM19 - ala
1,H2,0.114,04202026,Parent,Parent,None,CDM19 - ala
1,H3,0.114,04202026,Parent_EV,Parent,EV,CDM19 - ala
1,H4,0.112,04202026,Parent_Pdat dat,Parent,Pdat dat,CDM19 - ala
1,H5,0.115,04202026,Parent_PpepV dat,Parent,PpepV dat,CDM19 - ala
1,H6,0.117,04202026,Parent_alr1,Parent,alr1,CDM19 - ala
1,H7,0.111,04202026,dat::Tn,dat::Tn,None,CDM19 - ala
1,H8,0.111,04202026,dat::Tn_EV,dat::Tn,EV,CDM19 - ala
1,H9,0.11,04202026,dat::Tn_Pdat dat,dat::Tn,Pdat dat,CDM19 - ala
1,H10,0.113,04202026,dat::Tn_PpepV dat,dat::Tn,PpepV dat,CDM19 - ala
1,H11,0.109,04202026,dat::Tn_alr1,dat::Tn,alr1,CDM19 - ala
1,H12,0.111,04202026,Δalr1,Δalr1,None,CDM19 - ala
2,A1,0.087,04202026,NB,NB,None,CDM20
2,A2,0.134,04202026,Parent,Parent,None,CDM20
2,A3,0.121,04202026,Parent_EV,Parent,EV,CDM20
2,A4,0.121,04202026,Parent_Pdat dat,Parent,Pdat dat,CDM20
2,A5,0.12,04202026,Parent_PpepV dat,Parent,PpepV dat,CDM20
2,A6,0.118,04202026,Parent_alr1,Parent,alr1,CDM20
2,A7,0.117,04202026,dat::Tn,dat::Tn,None,CDM20
2,A8,0.115,04202026,dat::Tn_EV,dat::Tn,EV,CDM20
2,A9,0.118,04202026,dat::Tn_Pdat dat,dat::Tn,Pdat dat,CDM20
2,A10,0.116,04202026,dat::Tn_PpepV dat,dat::Tn,PpepV dat,CDM20
2,A11,0.117,04202026,dat::Tn_alr1,dat::Tn,alr1,CDM20
2,A12,0.11,04202026,Δalr1,Δalr1,None,CDM20
2,B1,0.086,04202026,NB,NB,None,CDM20
2,B2,0.123,04202026,Parent,Parent,None,CDM20
2,B3,0.123,04202026,Parent_EV,Parent,EV,CDM20
2,B4,0.115,04202026,Parent_Pdat dat,Parent,Pdat dat,CDM20
2,B5,0.123,04202026,Parent_PpepV dat,Parent,PpepV dat,CDM20
2,B6,0.126,04202026,Parent_alr1,Parent,alr1,CDM20
2,B7,0.121,04202026,dat::Tn,dat::Tn,None,CDM20
2,B8,0.116,04202026,dat::Tn_EV,dat::Tn,EV,CDM20
2,B9,0.119,04202026,dat::Tn_Pdat dat,dat::Tn,Pdat dat,CDM20
2,B10,0.119,04202026,dat::Tn_PpepV dat,dat::Tn,PpepV dat,CDM20
2,B11,0.116,04202026,dat::Tn_alr1,dat::Tn,alr1,CDM20
2,B12,0.119,04202026,Δalr1,Δalr1,None,CDM20
2,C1,0.115,04202026,Δalr1_EV,Δalr1,EV,CDM20
2,C2,0.117,04202026,Δalr1_alr1,Δalr1,alr1,CDM20
2,C3,0.092,04202026,NB,NB,None,TSB
2,C4,0.327,04202026,Parent,Parent,None,TSB
2,C5,0.286,04202026,Parent_EV,Parent,EV,TSB
2,C6,0.295,04202026,Parent_Pdat dat,Parent,Pdat dat,TSB
2,C7,0.309,04202026,Parent_PpepV dat,Parent,PpepV dat,TSB
2,C8,0.376,04202026,Parent_alr1,Parent,alr1,TSB
2,C9,0.301,04202026,dat::Tn,dat::Tn,None,TSB
2,C10,0.296,04202026,dat::Tn_EV,dat::Tn,EV,TSB
2,C11,0.262,04202026,dat::Tn_Pdat dat,dat::Tn,Pdat dat,TSB
2,C12,0.2,04202026,dat::Tn_PpepV dat,dat::Tn,PpepV dat,TSB
2,D1,0.118,04202026,Δalr1_EV,Δalr1,EV,CDM20
2,D2,0.12,04202026,Δalr1_alr1,Δalr1,alr1,CDM20
2,D3,0.092,04202026,NB,NB,None,TSB
2,D4,0.283,04202026,Parent,Parent,None,TSB
2,D5,0.286,04202026,Parent_EV,Parent,EV,TSB
2,D6,0.307,04202026,Parent_Pdat dat,Parent,Pdat dat,TSB
2,D7,0.337,04202026,Parent_PpepV dat,Parent,PpepV dat,TSB
2,D8,0.341,04202026,Parent_alr1,Parent,alr1,TSB
2,D9,0.279,04202026,dat::Tn,dat::Tn,None,TSB
2,D10,0.252,04202026,dat::Tn_EV,dat::Tn,EV,TSB
2,D11,0.264,04202026,dat::Tn_Pdat dat,dat::Tn,Pdat dat,TSB
2,D12,0.198,04202026,dat::Tn_PpepV dat,dat::Tn,PpepV dat,TSB
2,E1,0.115,04202026,Δalr1_EV,Δalr1,EV,CDM19 - ala
2,E2,0.111,04202026,Δalr1_alr1,Δalr1,alr1,CDM19 - ala
2,E3,0.283,04202026,dat::Tn_alr1,dat::Tn,alr1,TSB
2,E4,0.233,04202026,Δalr1,Δalr1,None,TSB
2,E5,0.22,04202026,Δalr1_EV,Δalr1,EV,TSB
2,E6,0.256,04202026,Δalr1_alr1,Δalr1,alr1,TSB
2,F1,0.105,04202026,Δalr1_EV,Δalr1,EV,CDM19 - ala
2,F2,0.11,04202026,Δalr1_alr1,Δalr1,alr1,CDM19 - ala
2,F3,0.276,04202026,dat::Tn_alr1,dat::Tn,alr1,TSB
2,F4,0.196,04202026,Δalr1,Δalr1,None,TSB
2,F5,0.156,04202026,Δalr1_EV,Δalr1,EV,TSB
2,F6,0.206,04202026,Δalr1_alr1,Δalr1,alr1,TSB
2,G1,0.087,04202026,NB,NB,None,CDM19 - ala
2,G2,0.117,04202026,Parent,Parent,None,CDM19 - ala
2,G3,0.115,04202026,Parent_EV,Parent,EV,CDM19 - ala
2,G4,0.115,04202026,Parent_Pdat dat,Parent,Pdat dat,CDM19 - ala
2,G5,0.119,04202026,Parent_PpepV dat,Parent,PpepV dat,CDM19 - ala
2,G6,0.121,04202026,Parent_alr1,Parent,alr1,CDM19 - ala
2,G7,0.112,04202026,dat::Tn,dat::Tn,None,CDM19 - ala
2,G8,0.113,04202026,dat::Tn_EV,dat::Tn,EV,CDM19 - ala
2,G9,0.111,04202026,dat::Tn_Pdat dat,dat::Tn,Pdat dat,CDM19 - ala
2,G10,0.116,04202026,dat::Tn_PpepV dat,dat::Tn,PpepV dat,CDM19 - ala
2,G11,0.111,04202026,dat::Tn_alr1,dat::Tn,alr1,CDM19 - ala
2,G12,0.112,04202026,Δalr1,Δalr1,None,CDM19 - ala
2,H1,0.087,04202026,NB,NB,None,CDM19 - ala
2,H2,0.117,04202026,Parent,Parent,None,CDM19 - ala
2,H3,0.118,04202026,Parent_EV,Parent,EV,CDM19 - ala
2,H4,0.115,04202026,Parent_Pdat dat,Parent,Pdat dat,CDM19 - ala
2,H5,0.119,04202026,Parent_PpepV dat,Parent,PpepV dat,CDM19 - ala
2,H6,0.121,04202026,Parent_alr1,Parent,alr1,CDM19 - ala
2,H7,0.112,04202026,dat::Tn,dat::Tn,None,CDM19 - ala
2,H8,0.113,04202026,dat::Tn_EV,dat::Tn,EV,CDM19 - ala
2,H9,0.111,04202026,dat::Tn_Pdat dat,dat::Tn,Pdat dat,CDM19 - ala
2,H10,0.116,04202026,dat::Tn_PpepV dat,dat::Tn,PpepV dat,CDM19 - ala
2,H11,0.112,04202026,dat::Tn_alr1,dat::Tn,alr1,CDM19 - ala
2,H12,0.113,04202026,Δalr1,Δalr1,None,CDM19 - ala
3,A1,0.087,04202026,NB,NB,None,CDM20
3,A2,0.138,04202026,Parent,Parent,None,CDM20
3,A3,0.131,04202026,Parent_EV,Parent,EV,CDM20
3,A4,0.135,04202026,Parent_Pdat dat,Parent,Pdat dat,CDM20
3,A5,0.13,04202026,Parent_PpepV dat,Parent,PpepV dat,CDM20
3,A6,0.127,04202026,Parent_alr1,Parent,alr1,CDM20
3,A7,0.125,04202026,dat::Tn,dat::Tn,None,CDM20
3,A8,0.118,04202026,dat::Tn_EV,dat::Tn,EV,CDM20
3,A9,0.125,04202026,dat::Tn_Pdat dat,dat::Tn,Pdat dat,CDM20
3,A10,0.121,04202026,dat::Tn_PpepV dat,dat::Tn,PpepV dat,CDM20
3,A11,0.125,04202026,dat::Tn_alr1,dat::Tn,alr1,CDM20
3,A12,0.113,04202026,Δalr1,Δalr1,None,CDM20
3,B1,0.086,04202026,NB,NB,None,CDM20
3,B2,0.137,04202026,Parent,Parent,None,CDM20
3,B3,0.136,04202026,Parent_EV,Parent,EV,CDM20
3,B4,0.122,04202026,Parent_Pdat dat,Parent,Pdat dat,CDM20
3,B5,0.134,04202026,Parent_PpepV dat,Parent,PpepV dat,CDM20
3,B6,0.14,04202026,Parent_alr1,Parent,alr1,CDM20
3,B7,0.132,04202026,dat::Tn,dat::Tn,None,CDM20
3,B8,0.124,04202026,dat::Tn_EV,dat::Tn,EV,CDM20
3,B9,0.127,04202026,dat::Tn_Pdat dat,dat::Tn,Pdat dat,CDM20
3,B10,0.124,04202026,dat::Tn_PpepV dat,dat::Tn,PpepV dat,CDM20
3,B11,0.124,04202026,dat::Tn_alr1,dat::Tn,alr1,CDM20
3,B12,0.125,04202026,Δalr1,Δalr1,None,CDM20
3,C1,0.121,04202026,Δalr1_EV,Δalr1,EV,CDM20
3,C2,0.123,04202026,Δalr1_alr1,Δalr1,alr1,CDM20
3,C3,0.092,04202026,NB,NB,None,TSB
3,C4,0.521,04202026,Parent,Parent,None,TSB
3,C5,0.472,04202026,Parent_EV,Parent,EV,TSB
3,C6,0.502,04202026,Parent_Pdat dat,Parent,Pdat dat,TSB
3,C7,0.497,04202026,Parent_PpepV dat,Parent,PpepV dat,TSB
3,C8,0.543,04202026,Parent_alr1,Parent,alr1,TSB
3,C9,0.512,04202026,dat::Tn,dat::Tn,None,TSB
3,C10,0.503,04202026,dat::Tn_EV,dat::Tn,EV,TSB
3,C11,0.476,04202026,dat::Tn_Pdat dat,dat::Tn,Pdat dat,TSB
3,C12,0.376,04202026,dat::Tn_PpepV dat,dat::Tn,PpepV dat,TSB
3,D1,0.124,04202026,Δalr1_EV,Δalr1,EV,CDM20
3,D2,0.128,04202026,Δalr1_alr1,Δalr1,alr1,CDM20
3,D3,0.092,04202026,NB,NB,None,TSB
3,D4,0.468,04202026,Parent,Parent,None,TSB
3,D5,0.491,04202026,Parent_EV,Parent,EV,TSB
3,D6,0.516,04202026,Parent_Pdat dat,Parent,Pdat dat,TSB
3,D7,0.603,04202026,Parent_PpepV dat,Parent,PpepV dat,TSB
3,D8,0.535,04202026,Parent_alr1,Parent,alr1,TSB
3,D9,0.536,04202026,dat::Tn,dat::Tn,None,TSB
3,D10,0.479,04202026,dat::Tn_EV,dat::Tn,EV,TSB
3,D11,0.453,04202026,dat::Tn_Pdat dat,dat::Tn,Pdat dat,TSB
3,D12,0.365,04202026,dat::Tn_PpepV dat,dat::Tn,PpepV dat,TSB
3,E1,0.117,04202026,Δalr1_EV,Δalr1,EV,CDM19 - ala
3,E2,0.113,04202026,Δalr1_alr1,Δalr1,alr1,CDM19 - ala
3,E3,0.47,04202026,dat::Tn_alr1,dat::Tn,alr1,TSB
3,E4,0.391,04202026,Δalr1,Δalr1,None,TSB
3,E5,0.362,04202026,Δalr1_EV,Δalr1,EV,TSB
3,E6,0.457,04202026,Δalr1_alr1,Δalr1,alr1,TSB
3,F1,0.107,04202026,Δalr1_EV,Δalr1,EV,CDM19 - ala
3,F2,0.111,04202026,Δalr1_alr1,Δalr1,alr1,CDM19 - ala
3,F3,0.459,04202026,dat::Tn_alr1,dat::Tn,alr1,TSB
3,F4,0.339,04202026,Δalr1,Δalr1,None,TSB
3,F5,0.274,04202026,Δalr1_EV,Δalr1,EV,TSB
3,F6,0.377,04202026,Δalr1_alr1,Δalr1,alr1,TSB
3,G1,0.088,04202026,NB,NB,None,CDM19 - ala
3,G2,0.118,04202026,Parent,Parent,None,CDM19 - ala
3,G3,0.118,04202026,Parent_EV,Parent,EV,CDM19 - ala
3,G4,0.117,04202026,Parent_Pdat dat,Parent,Pdat dat,CDM19 - ala
3,G5,0.126,04202026,Parent_PpepV dat,Parent,PpepV dat,CDM19 - ala
3,G6,0.126,04202026,Parent_alr1,Parent,alr1,CDM19 - ala
3,G7,0.113,04202026,dat::Tn,dat::Tn,None,CDM19 - ala
3,G8,0.115,04202026,dat::Tn_EV,dat::Tn,EV,CDM19 - ala
3,G9,0.113,04202026,dat::Tn_Pdat dat,dat::Tn,Pdat dat,CDM19 - ala
3,G10,0.119,04202026,dat::Tn_PpepV dat,dat::Tn,PpepV dat,CDM19 - ala
3,G11,0.112,04202026,dat::Tn_alr1,dat::Tn,alr1,CDM19 - ala
3,G12,0.114,04202026,Δalr1,Δalr1,None,CDM19 - ala
3,H1,0.087,04202026,NB,NB,None,CDM19 - ala
3,H2,0.12,04202026,Parent,Parent,None,CDM19 - ala
3,H3,0.121,04202026,Parent_EV,Parent,EV,CDM19 - ala
3,H4,0.118,04202026,Parent_Pdat dat,Parent,Pdat dat,CDM19 - ala
3,H5,0.127,04202026,Parent_PpepV dat,Parent,PpepV dat,CDM19 - ala
3,H6,0.124,04202026,Parent_alr1,Parent,alr1,CDM19 - ala
3,H7,0.113,04202026,dat::Tn,dat::Tn,None,CDM19 - ala
3,H8,0.114,04202026,dat::Tn_EV,dat::Tn,EV,CDM19 - ala
3,H9,0.113,04202026,dat::Tn_Pdat dat,dat::Tn,Pdat dat,CDM19 - ala
3,H10,0.119,04202026,dat::Tn_PpepV dat,dat::Tn,PpepV dat,CDM19 - ala
3,H11,0.113,04202026,dat::Tn_alr1,dat::Tn,alr1,CDM19 - ala
3,H12,0.115,04202026,Δalr1,Δalr1,None,CDM19 - ala
4,A1,0.087,04202026,NB,NB,None,CDM20
4,A2,0.339,04202026,Parent,Parent,None,CDM20
4,A3,0.312,04202026,Parent_EV,Parent,EV,CDM20
4,A4,0.325,04202026,Parent_Pdat dat,Parent,Pdat dat,CDM20
4,A5,0.296,04202026,Parent_PpepV dat,Parent,PpepV dat,CDM20
4,A6,0.299,04202026,Parent_alr1,Parent,alr1,CDM20
4,A7,0.275,04202026,dat::Tn,dat::Tn,None,CDM20
4,A8,0.286,04202026,dat::Tn_EV,dat::Tn,EV,CDM20
4,A9,0.24,04202026,dat::Tn_Pdat dat,dat::Tn,Pdat dat,CDM20
4,A10,0.187,04202026,dat::Tn_PpepV dat,dat::Tn,PpepV dat,CDM20
4,A11,0.256,04202026,dat::Tn_alr1,dat::Tn,alr1,CDM20
4,A12,0.141,04202026,Δalr1,Δalr1,None,CDM20
4,B1,0.086,04202026,NB,NB,None,CDM20
4,B2,0.343,04202026,Parent,Parent,None,CDM20
4,B3,0.349,04202026,Parent_EV,Parent,EV,CDM20
4,B4,0.322,04202026,Parent_Pdat dat,Parent,Pdat dat,CDM20
4,B5,0.319,04202026,Parent_PpepV dat,Parent,PpepV dat,CDM20
4,B6,0.364,04202026,Parent_alr1,Parent,alr1,CDM20
4,B7,0.29,04202026,dat::Tn,dat::Tn,None,CDM20
4,B8,0.314,04202026,dat::Tn_EV,dat::Tn,EV,CDM20
4,B9,0.276,04202026,dat::Tn_Pdat dat,dat::Tn,Pdat dat,CDM20
4,B10,0.205,04202026,dat::Tn_PpepV dat,dat::Tn,PpepV dat,CDM20
4,B11,0.256,04202026,dat::Tn_alr1,dat::Tn,alr1,CDM20
4,B12,0.193,04202026,Δalr1,Δalr1,None,CDM20
4,C1,0.219,04202026,Δalr1_EV,Δalr1,EV,CDM20
4,C2,0.232,04202026,Δalr1_alr1,Δalr1,alr1,CDM20
4,C3,0.091,04202026,NB,NB,None,TSB
4,C4,1.108,04202026,Parent,Parent,None,TSB
4,C5,1.04,04202026,Parent_EV,Parent,EV,TSB
4,C6,1.171,04202026,Parent_Pdat dat,Parent,Pdat dat,TSB
4,C7,1.162,04202026,Parent_PpepV dat,Parent,PpepV dat,TSB
4,C8,1.081,04202026,Parent_alr1,Parent,alr1,TSB
4,C9,1.072,04202026,dat::Tn,dat::Tn,None,TSB
4,C10,1.145,04202026,dat::Tn_EV,dat::Tn,EV,TSB
4,C11,1.082,04202026,dat::Tn_Pdat dat,dat::Tn,Pdat dat,TSB
4,C12,1.197,04202026,dat::Tn_PpepV dat,dat::Tn,PpepV dat,TSB
4,D1,0.232,04202026,Δalr1_EV,Δalr1,EV,CDM20
4,D2,0.27,04202026,Δalr1_alr1,Δalr1,alr1,CDM20
4,D3,0.092,04202026,NB,NB,None,TSB
4,D4,0.955,04202026,Parent,Parent,None,TSB
4,D5,0.976,04202026,Parent_EV,Parent,EV,TSB
4,D6,1.217,04202026,Parent_Pdat dat,Parent,Pdat dat,TSB
4,D7,1.121,04202026,Parent_PpepV dat,Parent,PpepV dat,TSB
4,D8,1.162,04202026,Parent_alr1,Parent,alr1,TSB
4,D9,1.093,04202026,dat::Tn,dat::Tn,None,TSB
4,D10,1.077,04202026,dat::Tn_EV,dat::Tn,EV,TSB
4,D11,1.036,04202026,dat::Tn_Pdat dat,dat::Tn,Pdat dat,TSB
4,D12,1.172,04202026,dat::Tn_PpepV dat,dat::Tn,PpepV dat,TSB
4,E1,0.122,04202026,Δalr1_EV,Δalr1,EV,CDM19 - ala
4,E2,0.12,04202026,Δalr1_alr1,Δalr1,alr1,CDM19 - ala
4,E3,0.982,04202026,dat::Tn_alr1,dat::Tn,alr1,TSB
4,E4,0.845,04202026,Δalr1,Δalr1,None,TSB
4,E5,0.814,04202026,Δalr1_EV,Δalr1,EV,TSB
4,E6,0.973,04202026,Δalr1_alr1,Δalr1,alr1,TSB
4,F1,0.111,04202026,Δalr1_EV,Δalr1,EV,CDM19 - ala
4,F2,0.117,04202026,Δalr1_alr1,Δalr1,alr1,CDM19 - ala
4,F3,0.994,04202026,dat::Tn_alr1,dat::Tn,alr1,TSB
4,F4,0.852,04202026,Δalr1,Δalr1,None,TSB
4,F5,0.756,04202026,Δalr1_EV,Δalr1,EV,TSB
4,F6,0.896,04202026,Δalr1_alr1,Δalr1,alr1,TSB
4,G1,0.088,04202026,NB,NB,None,CDM19 - ala
4,G2,0.149,04202026,Parent,Parent,None,CDM19 - ala
4,G3,0.145,04202026,Parent_EV,Parent,EV,CDM19 - ala
4,G4,0.149,04202026,Parent_Pdat dat,Parent,Pdat dat,CDM19 - ala
4,G5,0.25,04202026,Parent_PpepV dat,Parent,PpepV dat,CDM19 - ala
4,G6,0.17,04202026,Parent_alr1,Parent,alr1,CDM19 - ala
4,G7,0.117,04202026,dat::Tn,dat::Tn,None,CDM19 - ala
4,G8,0.119,04202026,dat::Tn_EV,dat::Tn,EV,CDM19 - ala
4,G9,0.117,04202026,dat::Tn_Pdat dat,dat::Tn,Pdat dat,CDM19 - ala
4,G10,0.143,04202026,dat::Tn_PpepV dat,dat::Tn,PpepV dat,CDM19 - ala
4,G11,0.114,04202026,dat::Tn_alr1,dat::Tn,alr1,CDM19 - ala
4,G12,0.119,04202026,Δalr1,Δalr1,None,CDM19 - ala
4,H1,0.087,04202026,NB,NB,None,CDM19 - ala
4,H2,0.15,04202026,Parent,Parent,None,CDM19 - ala
4,H3,0.148,04202026,Parent_EV,Parent,EV,CDM19 - ala
4,H4,0.151,04202026,Parent_Pdat dat,Parent,Pdat dat,CDM19 - ala
4,H5,0.258,04202026,Parent_PpepV dat,Parent,PpepV dat,CDM19 - ala
4,H6,0.168,04202026,Parent_alr1,Parent,alr1,CDM19 - ala
4,H7,0.115,04202026,dat::Tn,dat::Tn,None,CDM19 - ala
4,H8,0.116,04202026,dat::Tn_EV,dat::Tn,EV,CDM19 - ala
4,H9,0.115,04202026,dat::Tn_Pdat dat,dat::Tn,Pdat dat,CDM19 - ala
4,H10,0.16,04202026,dat::Tn_PpepV dat,dat::Tn,PpepV dat,CDM19 - ala
4,H11,0.114,04202026,dat::Tn_alr1,dat::Tn,alr1,CDM19 - ala
4,H12,0.121,04202026,Δalr1,Δalr1,None,CDM19 - ala
5,A1,0.087,04202026,NB,NB,None,CDM20
5,A2,0.462,04202026,Parent,Parent,None,CDM20
5,A3,0.422,04202026,Parent_EV,Parent,EV,CDM20
5,A4,0.434,04202026,Parent_Pdat dat,Parent,Pdat dat,CDM20
5,A5,0.405,04202026,Parent_PpepV dat,Parent,PpepV dat,CDM20
5,A6,0.407,04202026,Parent_alr1,Parent,alr1,CDM20
5,A7,0.362,04202026,dat::Tn,dat::Tn,None,CDM20
5,A8,0.342,04202026,dat::Tn_EV,dat::Tn,EV,CDM20
5,A9,0.313,04202026,dat::Tn_Pdat dat,dat::Tn,Pdat dat,CDM20
5,A10,0.247,04202026,dat::Tn_PpepV dat,dat::Tn,PpepV dat,CDM20
5,A11,0.316,04202026,dat::Tn_alr1,dat::Tn,alr1,CDM20
5,A12,0.195,04202026,Δalr1,Δalr1,None,CDM20
5,B1,0.086,04202026,NB,NB,None,CDM20
5,B2,0.464,04202026,Parent,Parent,None,CDM20
5,B3,0.488,04202026,Parent_EV,Parent,EV,CDM20
5,B4,0.433,04202026,Parent_Pdat dat,Parent,Pdat dat,CDM20
5,B5,0.433,04202026,Parent_PpepV dat,Parent,PpepV dat,CDM20
5,B6,0.475,04202026,Parent_alr1,Parent,alr1,CDM20
5,B7,0.38,04202026,dat::Tn,dat::Tn,None,CDM20
5,B8,0.386,04202026,dat::Tn_EV,dat::Tn,EV,CDM20
5,B9,0.349,04202026,dat::Tn_Pdat dat,dat::Tn,Pdat dat,CDM20
5,B10,0.269,04202026,dat::Tn_PpepV dat,dat::Tn,PpepV dat,CDM20
5,B11,0.325,04202026,dat::Tn_alr1,dat::Tn,alr1,CDM20
5,B12,0.253,04202026,Δalr1,Δalr1,None,CDM20
5,C1,0.301,04202026,Δalr1_EV,Δalr1,EV,CDM20
5,C2,0.345,04202026,Δalr1_alr1,Δalr1,alr1,CDM20
5,C3,0.092,04202026,NB,NB,None,TSB
5,C4,1.168,04202026,Parent,Parent,None,TSB
5,C5,1.108,04202026,Parent_EV,Parent,EV,TSB
5,C6,1.236,04202026,Parent_Pdat dat,Parent,Pdat dat,TSB
5,C7,1.231,04202026,Parent_PpepV dat,Parent,PpepV dat,TSB
5,C8,1.158,04202026,Parent_alr1,Parent,alr1,TSB
5,C9,1.128,04202026,dat::Tn,dat::Tn,None,TSB
5,C10,1.199,04202026,dat::Tn_EV,dat::Tn,EV,TSB
5,C11,1.135,04202026,dat::Tn_Pdat dat,dat::Tn,Pdat dat,TSB
5,C12,1.248,04202026,dat::Tn_PpepV dat,dat::Tn,PpepV dat,TSB
5,D1,0.346,04202026,Δalr1_EV,Δalr1,EV,CDM20
5,D2,0.401,04202026,Δalr1_alr1,Δalr1,alr1,CDM20
5,D3,0.092,04202026,NB,NB,None,TSB
5,D4,1.039,04202026,Parent,Parent,None,TSB
5,D5,1.047,04202026,Parent_EV,Parent,EV,TSB
5,D6,1.284,04202026,Parent_Pdat dat,Parent,Pdat dat,TSB
5,D7,1.199,04202026,Parent_PpepV dat,Parent,PpepV dat,TSB
5,D8,1.239,04202026,Parent_alr1,Parent,alr1,TSB
5,D9,1.146,04202026,dat::Tn,dat::Tn,None,TSB
5,D10,1.135,04202026,dat::Tn_EV,dat::Tn,EV,TSB
5,D11,1.083,04202026,dat::Tn_Pdat dat,dat::Tn,Pdat dat,TSB
5,D12,1.239,04202026,dat::Tn_PpepV dat,dat::Tn,PpepV dat,TSB
5,E1,0.124,04202026,Δalr1_EV,Δalr1,EV,CDM19 - ala
5,E2,0.123,04202026,Δalr1_alr1,Δalr1,alr1,CDM19 - ala
5,E3,1.041,04202026,dat::Tn_alr1,dat::Tn,alr1,TSB
5,E4,0.929,04202026,Δalr1,Δalr1,None,TSB
5,E5,0.888,04202026,Δalr1_EV,Δalr1,EV,TSB
5,E6,1.044,04202026,Δalr1_alr1,Δalr1,alr1,TSB
5,F1,0.112,04202026,Δalr1_EV,Δalr1,EV,CDM19 - ala
5,F2,0.12,04202026,Δalr1_alr1,Δalr1,alr1,CDM19 - ala
5,F3,1.064,04202026,dat::Tn_alr1,dat::Tn,alr1,TSB
5,F4,0.91,04202026,Δalr1,Δalr1,None,TSB
5,F5,0.868,04202026,Δalr1_EV,Δalr1,EV,TSB
5,F6,0.997,04202026,Δalr1_alr1,Δalr1,alr1,TSB
5,G1,0.088,04202026,NB,NB,None,CDM19 - ala
5,G2,0.182,04202026,Parent,Parent,None,CDM19 - ala
5,G3,0.175,04202026,Parent_EV,Parent,EV,CDM19 - ala
5,G4,0.184,04202026,Parent_Pdat dat,Parent,Pdat dat,CDM19 - ala
5,G5,0.368,04202026,Parent_PpepV dat,Parent,PpepV dat,CDM19 - ala
5,G6,0.204,04202026,Parent_alr1,Parent,alr1,CDM19 - ala
5,G7,0.118,04202026,dat::Tn,dat::Tn,None,CDM19 - ala
5,G8,0.121,04202026,dat::Tn_EV,dat::Tn,EV,CDM19 - ala
5,G9,0.119,04202026,dat::Tn_Pdat dat,dat::Tn,Pdat dat,CDM19 - ala
5,G10,0.191,04202026,dat::Tn_PpepV dat,dat::Tn,PpepV dat,CDM19 - ala
5,G11,0.115,04202026,dat::Tn_alr1,dat::Tn,alr1,CDM19 - ala
5,G12,0.121,04202026,Δalr1,Δalr1,None,CDM19 - ala
5,H1,0.088,04202026,NB,NB,None,CDM19 - ala
5,H2,0.186,04202026,Parent,Parent,None,CDM19 - ala
5,H3,0.182,04202026,Parent_EV,Parent,EV,CDM19 - ala
5,H4,0.185,04202026,Parent_Pdat dat,Parent,Pdat dat,CDM19 - ala
5,H5,0.377,04202026,Parent_PpepV dat,Parent,PpepV dat,CDM19 - ala
5,H6,0.201,04202026,Parent_alr1,Parent,alr1,CDM19 - ala
5,H7,0.115,04202026,dat::Tn,dat::Tn,None,CDM19 - ala
5,H8,0.118,04202026,dat::Tn_EV,dat::Tn,EV,CDM19 - ala
5,H9,0.116,04202026,dat::Tn_Pdat dat,dat::Tn,Pdat dat,CDM19 - ala
5,H10,0.228,04202026,dat::Tn_PpepV dat,dat::Tn,PpepV dat,CDM19 - ala
5,H11,0.116,04202026,dat::Tn_alr1,dat::Tn,alr1,CDM19 - ala
5,H12,0.123,04202026,Δalr1,Δalr1,None,CDM19 - ala
6,A1,0.087,04202026,NB,NB,None,CDM20
6,A2,0.595,04202026,Parent,Parent,None,CDM20
6,A3,0.554,04202026,Parent_EV,Parent,EV,CDM20
6,A4,0.564,04202026,Parent_Pdat dat,Parent,Pdat dat,CDM20
6,A5,0.527,04202026,Parent_PpepV dat,Parent,PpepV dat,CDM20
6,A6,0.549,04202026,Parent_alr1,Parent,alr1,CDM20
6,A7,0.493,04202026,dat::Tn,dat::Tn,None,CDM20
6,A8,0.433,04202026,dat::Tn_EV,dat::Tn,EV,CDM20
6,A9,0.418,04202026,dat::Tn_Pdat dat,dat::Tn,Pdat dat,CDM20
6,A10,0.31,04202026,dat::Tn_PpepV dat,dat::Tn,PpepV dat,CDM20
6,A11,0.421,04202026,dat::Tn_alr1,dat::Tn,alr1,CDM20
6,A12,0.243,04202026,Δalr1,Δalr1,None,CDM20
6,B1,0.086,04202026,NB,NB,None,CDM20
6,B2,0.588,04202026,Parent,Parent,None,CDM20
6,B3,0.641,04202026,Parent_EV,Parent,EV,CDM20
6,B4,0.597,04202026,Parent_Pdat dat,Parent,Pdat dat,CDM20
6,B5,0.598,04202026,Parent_PpepV dat,Parent,PpepV dat,CDM20
6,B6,0.625,04202026,Parent_alr1,Parent,alr1,CDM20
6,B7,0.515,04202026,dat::Tn,dat::Tn,None,CDM20
6,B8,0.507,04202026,dat::Tn_EV,dat::Tn,EV,CDM20
6,B9,0.481,04202026,dat::Tn_Pdat dat,dat::Tn,Pdat dat,CDM20
6,B10,0.361,04202026,dat::Tn_PpepV dat,dat::Tn,PpepV dat,CDM20
6,B11,0.448,04202026,dat::Tn_alr1,dat::Tn,alr1,CDM20
6,B12,0.352,04202026,Δalr1,Δalr1,None,CDM20
6,C1,0.395,04202026,Δalr1_EV,Δalr1,EV,CDM20
6,C2,0.519,04202026,Δalr1_alr1,Δalr1,alr1,CDM20
6,C3,0.092,04202026,NB,NB,None,TSB
6,C4,1.175,04202026,Parent,Parent,None,TSB
6,C5,1.126,04202026,Parent_EV,Parent,EV,TSB
6,C6,1.239,04202026,Parent_Pdat dat,Parent,Pdat dat,TSB
6,C7,1.235,04202026,Parent_PpepV dat,Parent,PpepV dat,TSB
6,C8,1.186,04202026,Parent_alr1,Parent,alr1,TSB
6,C9,1.138,04202026,dat::Tn,dat::Tn,None,TSB
6,C10,1.204,04202026,dat::Tn_EV,dat::Tn,EV,TSB
6,C11,1.154,04202026,dat::Tn_Pdat dat,dat::Tn,Pdat dat,TSB
6,C12,1.236,04202026,dat::Tn_PpepV dat,dat::Tn,PpepV dat,TSB
6,D1,0.482,04202026,Δalr1_EV,Δalr1,EV,CDM20
6,D2,0.559,04202026,Δalr1_alr1,Δalr1,alr1,CDM20
6,D3,0.092,04202026,NB,NB,None,TSB
6,D4,1.08,04202026,Parent,Parent,None,TSB
6,D5,1.086,04202026,Parent_EV,Parent,EV,TSB
6,D6,1.278,04202026,Parent_Pdat dat,Parent,Pdat dat,TSB
6,D7,1.219,04202026,Parent_PpepV dat,Parent,PpepV dat,TSB
6,D8,1.25,04202026,Parent_alr1,Parent,alr1,TSB
6,D9,1.154,04202026,dat::Tn,dat::Tn,None,TSB
6,D10,1.143,04202026,dat::Tn_EV,dat::Tn,EV,TSB
6,D11,1.108,04202026,dat::Tn_Pdat dat,dat::Tn,Pdat dat,TSB
6,D12,1.227,04202026,dat::Tn_PpepV dat,dat::Tn,PpepV dat,TSB
6,E1,0.126,04202026,Δalr1_EV,Δalr1,EV,CDM19 - ala
6,E2,0.129,04202026,Δalr1_alr1,Δalr1,alr1,CDM19 - ala
6,E3,1.058,04202026,dat::Tn_alr1,dat::Tn,alr1,TSB
6,E4,0.969,04202026,Δalr1,Δalr1,None,TSB
6,E5,0.937,04202026,Δalr1_EV,Δalr1,EV,TSB
6,E6,1.081,04202026,Δalr1_alr1,Δalr1,alr1,TSB
6,F1,0.112,04202026,Δalr1_EV,Δalr1,EV,CDM19 - ala
6,F2,0.125,04202026,Δalr1_alr1,Δalr1,alr1,CDM19 - ala
6,F3,1.098,04202026,dat::Tn_alr1,dat::Tn,alr1,TSB
6,F4,0.959,04202026,Δalr1,Δalr1,None,TSB
6,F5,0.918,04202026,Δalr1_EV,Δalr1,EV,TSB
6,F6,1.039,04202026,Δalr1_alr1,Δalr1,alr1,TSB
6,G1,0.088,04202026,NB,NB,None,CDM19 - ala
6,G2,0.215,04202026,Parent,Parent,None,CDM19 - ala
6,G3,0.209,04202026,Parent_EV,Parent,EV,CDM19 - ala
6,G4,0.222,04202026,Parent_Pdat dat,Parent,Pdat dat,CDM19 - ala
6,G5,0.508,04202026,Parent_PpepV dat,Parent,PpepV dat,CDM19 - ala
6,G6,0.241,04202026,Parent_alr1,Parent,alr1,CDM19 - ala
6,G7,0.121,04202026,dat::Tn,dat::Tn,None,CDM19 - ala
6,G8,0.125,04202026,dat::Tn_EV,dat::Tn,EV,CDM19 - ala
6,G9,0.122,04202026,dat::Tn_Pdat dat,dat::Tn,Pdat dat,CDM19 - ala
6,G10,0.268,04202026,dat::Tn_PpepV dat,dat::Tn,PpepV dat,CDM19 - ala
6,G11,0.116,04202026,dat::Tn_alr1,dat::Tn,alr1,CDM19 - ala
6,G12,0.122,04202026,Δalr1,Δalr1,None,CDM19 - ala
6,H1,0.088,04202026,NB,NB,None,CDM19 - ala
6,H2,0.215,04202026,Parent,Parent,None,CDM19 - ala
6,H3,0.215,04202026,Parent_EV,Parent,EV,CDM19 - ala
6,H4,0.224,04202026,Parent_Pdat dat,Parent,Pdat dat,CDM19 - ala
6,H5,0.517,04202026,Parent_PpepV dat,Parent,PpepV dat,CDM19 - ala
6,H6,0.239,04202026,Parent_alr1,Parent,alr1,CDM19 - ala
6,H7,0.116,04202026,dat::Tn,dat::Tn,None,CDM19 - ala
6,H8,0.118,04202026,dat::Tn_EV,dat::Tn,EV,CDM19 - ala
6,H9,0.117,04202026,dat::Tn_Pdat dat,dat::Tn,Pdat dat,CDM19 - ala
6,H10,0.311,04202026,dat::Tn_PpepV dat,dat::Tn,PpepV dat,CDM19 - ala
6,H11,0.115,04202026,dat::Tn_alr1,dat::Tn,alr1,CDM19 - ala
6,H12,0.124,04202026,Δalr1,Δalr1,None,CDM19 - ala
7,A1,0.087,04202026,NB,NB,None,CDM20
7,A2,0.806,04202026,Parent,Parent,None,CDM20
7,A3,0.757,04202026,Parent_EV,Parent,EV,CDM20
7,A4,0.771,04202026,Parent_Pdat dat,Parent,Pdat dat,CDM20
7,A5,0.724,04202026,Parent_PpepV dat,Parent,PpepV dat,CDM20
7,A6,0.765,04202026,Parent_alr1,Parent,alr1,CDM20
7,A7,0.697,04202026,dat::Tn,dat::Tn,None,CDM20
7,A8,0.648,04202026,dat::Tn_EV,dat::Tn,EV,CDM20
7,A9,0.643,04202026,dat::Tn_Pdat dat,dat::Tn,Pdat dat,CDM20
7,A10,0.5,04202026,dat::Tn_PpepV dat,dat::Tn,PpepV dat,CDM20
7,A11,0.653,04202026,dat::Tn_alr1,dat::Tn,alr1,CDM20
7,A12,0.438,04202026,Δalr1,Δalr1,None,CDM20
7,B1,0.086,04202026,NB,NB,None,CDM20
7,B2,0.813,04202026,Parent,Parent,None,CDM20
7,B3,0.853,04202026,Parent_EV,Parent,EV,CDM20
7,B4,0.786,04202026,Parent_Pdat dat,Parent,Pdat dat,CDM20
7,B5,0.804,04202026,Parent_PpepV dat,Parent,PpepV dat,CDM20
7,B6,0.83,04202026,Parent_alr1,Parent,alr1,CDM20
7,B7,0.735,04202026,dat::Tn,dat::Tn,None,CDM20
7,B8,0.699,04202026,dat::Tn_EV,dat::Tn,EV,CDM20
7,B9,0.684,04202026,dat::Tn_Pdat dat,dat::Tn,Pdat dat,CDM20
7,B10,0.548,04202026,dat::Tn_PpepV dat,dat::Tn,PpepV dat,CDM20
7,B11,0.638,04202026,dat::Tn_alr1,dat::Tn,alr1,CDM20
7,B12,0.514,04202026,Δalr1,Δalr1,None,CDM20
7,C1,0.588,04202026,Δalr1_EV,Δalr1,EV,CDM20
7,C2,0.72,04202026,Δalr1_alr1,Δalr1,alr1,CDM20
7,C3,0.091,04202026,NB,NB,None,TSB
7,C4,1.187,04202026,Parent,Parent,None,TSB
7,C5,1.147,04202026,Parent_EV,Parent,EV,TSB
7,C6,1.272,04202026,Parent_Pdat dat,Parent,Pdat dat,TSB
7,C7,1.25,04202026,Parent_PpepV dat,Parent,PpepV dat,TSB
7,C8,1.224,04202026,Parent_alr1,Parent,alr1,TSB
7,C9,1.153,04202026,dat::Tn,dat::Tn,None,TSB
7,C10,1.211,04202026,dat::Tn_EV,dat::Tn,EV,TSB
7,C11,1.167,04202026,dat::Tn_Pdat dat,dat::Tn,Pdat dat,TSB
7,C12,1.238,04202026,dat::Tn_PpepV dat,dat::Tn,PpepV dat,TSB
7,D1,0.665,04202026,Δalr1_EV,Δalr1,EV,CDM20
7,D2,0.749,04202026,Δalr1_alr1,Δalr1,alr1,CDM20
7,D3,0.092,04202026,NB,NB,None,TSB
7,D4,1.094,04202026,Parent,Parent,None,TSB
7,D5,1.121,04202026,Parent_EV,Parent,EV,TSB
7,D6,1.309,04202026,Parent_Pdat dat,Parent,Pdat dat,TSB
7,D7,1.231,04202026,Parent_PpepV dat,Parent,PpepV dat,TSB
7,D8,1.262,04202026,Parent_alr1,Parent,alr1,TSB
7,D9,1.164,04202026,dat::Tn,dat::Tn,None,TSB
7,D10,1.143,04202026,dat::Tn_EV,dat::Tn,EV,TSB
7,D11,1.125,04202026,dat::Tn_Pdat dat,dat::Tn,Pdat dat,TSB
7,D12,1.261,04202026,dat::Tn_PpepV dat,dat::Tn,PpepV dat,TSB
7,E1,0.129,04202026,Δalr1_EV,Δalr1,EV,CDM19 - ala
7,E2,0.141,04202026,Δalr1_alr1,Δalr1,alr1,CDM19 - ala
7,E3,1.062,04202026,dat::Tn_alr1,dat::Tn,alr1,TSB
7,E4,1.002,04202026,Δalr1,Δalr1,None,TSB
7,E5,0.965,04202026,Δalr1_EV,Δalr1,EV,TSB
7,E6,1.098,04202026,Δalr1_alr1,Δalr1,alr1,TSB
7,F1,0.113,04202026,Δalr1_EV,Δalr1,EV,CDM19 - ala
7,F2,0.135,04202026,Δalr1_alr1,Δalr1,alr1,CDM19 - ala
7,F3,1.094,04202026,dat::Tn_alr1,dat::Tn,alr1,TSB
7,F4,0.978,04202026,Δalr1,Δalr1,None,TSB
7,F5,0.935,04202026,Δalr1_EV,Δalr1,EV,TSB
7,F6,1.076,04202026,Δalr1_alr1,Δalr1,alr1,TSB
7,G1,0.088,04202026,NB,NB,None,CDM19 - ala
7,G2,0.268,04202026,Parent,Parent,None,CDM19 - ala
7,G3,0.262,04202026,Parent_EV,Parent,EV,CDM19 - ala
7,G4,0.279,04202026,Parent_Pdat dat,Parent,Pdat dat,CDM19 - ala
7,G5,0.694,04202026,Parent_PpepV dat,Parent,PpepV dat,CDM19 - ala
7,G6,0.295,04202026,Parent_alr1,Parent,alr1,CDM19 - ala
7,G7,0.123,04202026,dat::Tn,dat::Tn,None,CDM19 - ala
7,G8,0.129,04202026,dat::Tn_EV,dat::Tn,EV,CDM19 - ala
7,G9,0.125,04202026,dat::Tn_Pdat dat,dat::Tn,Pdat dat,CDM19 - ala
7,G10,0.402,04202026,dat::Tn_PpepV dat,dat::Tn,PpepV dat,CDM19 - ala
7,G11,0.117,04202026,dat::Tn_alr1,dat::Tn,alr1,CDM19 - ala
7,G12,0.124,04202026,Δalr1,Δalr1,None,CDM19 - ala
7,H1,0.088,04202026,NB,NB,None,CDM19 - ala
7,H2,0.273,04202026,Parent,Parent,None,CDM19 - ala
7,H3,0.277,04202026,Parent_EV,Parent,EV,CDM19 - ala
7,H4,0.293,04202026,Parent_Pdat dat,Parent,Pdat dat,CDM19 - ala
7,H5,0.739,04202026,Parent_PpepV dat,Parent,PpepV dat,CDM19 - ala
7,H6,0.311,04202026,Parent_alr1,Parent,alr1,CDM19 - ala
7,H7,0.117,04202026,dat::Tn,dat::Tn,None,CDM19 - ala
7,H8,0.119,04202026,dat::Tn_EV,dat::Tn,EV,CDM19 - ala
7,H9,0.118,04202026,dat::Tn_Pdat dat,dat::Tn,Pdat dat,CDM19 - ala
7,H10,0.487,04202026,dat::Tn_PpepV dat,dat::Tn,PpepV dat,CDM19 - ala
7,H11,0.117,04202026,dat::Tn_alr1,dat::Tn,alr1,CDM19 - ala
7,H12,0.126,04202026,Δalr1,Δalr1,None,CDM19 - ala
8,A1,0.087,04202026,NB,NB,None,CDM20
8,A2,0.977,04202026,Parent,Parent,None,CDM20
8,A3,0.938,04202026,Parent_EV,Parent,EV,CDM20
8,A4,0.938,04202026,Parent_Pdat dat,Parent,Pdat dat,CDM20
8,A5,0.925,04202026,Parent_PpepV dat,Parent,PpepV dat,CDM20
8,A6,0.934,04202026,Parent_alr1,Parent,alr1,CDM20
8,A7,0.893,04202026,dat::Tn,dat::Tn,None,CDM20
8,A8,0.865,04202026,dat::Tn_EV,dat::Tn,EV,CDM20
8,A9,0.861,04202026,dat::Tn_Pdat dat,dat::Tn,Pdat dat,CDM20
8,A10,0.73,04202026,dat::Tn_PpepV dat,dat::Tn,PpepV dat,CDM20
8,A11,0.862,04202026,dat::Tn_alr1,dat::Tn,alr1,CDM20
8,A12,0.59,04202026,Δalr1,Δalr1,None,CDM20
8,B1,0.086,04202026,NB,NB,None,CDM20
8,B2,0.986,04202026,Parent,Parent,None,CDM20
8,B3,1.02,04202026,Parent_EV,Parent,EV,CDM20
8,B4,0.983,04202026,Parent_Pdat dat,Parent,Pdat dat,CDM20
8,B5,0.997,04202026,Parent_PpepV dat,Parent,PpepV dat,CDM20
8,B6,1.012,04202026,Parent_alr1,Parent,alr1,CDM20
8,B7,0.946,04202026,dat::Tn,dat::Tn,None,CDM20
8,B8,0.921,04202026,dat::Tn_EV,dat::Tn,EV,CDM20
8,B9,0.914,04202026,dat::Tn_Pdat dat,dat::Tn,Pdat dat,CDM20
8,B10,0.771,04202026,dat::Tn_PpepV dat,dat::Tn,PpepV dat,CDM20
8,B11,0.858,04202026,dat::Tn_alr1,dat::Tn,alr1,CDM20
8,B12,0.74,04202026,Δalr1,Δalr1,None,CDM20
8,C1,0.774,04202026,Δalr1_EV,Δalr1,EV,CDM20
8,C2,0.906,04202026,Δalr1_alr1,Δalr1,alr1,CDM20
8,C3,0.091,04202026,NB,NB,None,TSB
8,C4,1.224,04202026,Parent,Parent,None,TSB
8,C5,1.169,04202026,Parent_EV,Parent,EV,TSB
8,C6,1.278,04202026,Parent_Pdat dat,Parent,Pdat dat,TSB
8,C7,1.26,04202026,Parent_PpepV dat,Parent,PpepV dat,TSB
8,C8,1.227,04202026,Parent_alr1,Parent,alr1,TSB
8,C9,1.16,04202026,dat::Tn,dat::Tn,None,TSB
8,C10,1.228,04202026,dat::Tn_EV,dat::Tn,EV,TSB
8,C11,1.2,04202026,dat::Tn_Pdat dat,dat::Tn,Pdat dat,TSB
8,C12,1.286,04202026,dat::Tn_PpepV dat,dat::Tn,PpepV dat,TSB
8,D1,0.834,04202026,Δalr1_EV,Δalr1,EV,CDM20
8,D2,0.929,04202026,Δalr1_alr1,Δalr1,alr1,CDM20
8,D3,0.092,04202026,NB,NB,None,TSB
8,D4,1.127,04202026,Parent,Parent,None,TSB
8,D5,1.151,04202026,Parent_EV,Parent,EV,TSB
8,D6,1.303,04202026,Parent_Pdat dat,Parent,Pdat dat,TSB
8,D7,1.242,04202026,Parent_PpepV dat,Parent,PpepV dat,TSB
8,D8,1.29,04202026,Parent_alr1,Parent,alr1,TSB
8,D9,1.175,04202026,dat::Tn,dat::Tn,None,TSB
8,D10,1.168,04202026,dat::Tn_EV,dat::Tn,EV,TSB
8,D11,1.162,04202026,dat::Tn_Pdat dat,dat::Tn,Pdat dat,TSB
8,D12,1.291,04202026,dat::Tn_PpepV dat,dat::Tn,PpepV dat,TSB
8,E1,0.131,04202026,Δalr1_EV,Δalr1,EV,CDM19 - ala
8,E2,0.159,04202026,Δalr1_alr1,Δalr1,alr1,CDM19 - ala
8,E3,1.081,04202026,dat::Tn_alr1,dat::Tn,alr1,TSB
8,E4,1.031,04202026,Δalr1,Δalr1,None,TSB
8,E5,0.984,04202026,Δalr1_EV,Δalr1,EV,TSB
8,E6,1.117,04202026,Δalr1_alr1,Δalr1,alr1,TSB
8,F1,0.114,04202026,Δalr1_EV,Δalr1,EV,CDM19 - ala
8,F2,0.148,04202026,Δalr1_alr1,Δalr1,alr1,CDM19 - ala
8,F3,1.1,04202026,dat::Tn_alr1,dat::Tn,alr1,TSB
8,F4,1.006,04202026,Δalr1,Δalr1,None,TSB
8,F5,0.957,04202026,Δalr1_EV,Δalr1,EV,TSB
8,F6,1.123,04202026,Δalr1_alr1,Δalr1,alr1,TSB
8,G1,0.088,04202026,NB,NB,None,CDM19 - ala
8,G2,0.337,04202026,Parent,Parent,None,CDM19 - ala
8,G3,0.329,04202026,Parent_EV,Parent,EV,CDM19 - ala
8,G4,0.356,04202026,Parent_Pdat dat,Parent,Pdat dat,CDM19 - ala
8,G5,0.897,04202026,Parent_PpepV dat,Parent,PpepV dat,CDM19 - ala
8,G6,0.36,04202026,Parent_alr1,Parent,alr1,CDM19 - ala
8,G7,0.125,04202026,dat::Tn,dat::Tn,None,CDM19 - ala
8,G8,0.133,04202026,dat::Tn_EV,dat::Tn,EV,CDM19 - ala
8,G9,0.127,04202026,dat::Tn_Pdat dat,dat::Tn,Pdat dat,CDM19 - ala
8,G10,0.568,04202026,dat::Tn_PpepV dat,dat::Tn,PpepV dat,CDM19 - ala
8,G11,0.118,04202026,dat::Tn_alr1,dat::Tn,alr1,CDM19 - ala
8,G12,0.126,04202026,Δalr1,Δalr1,None,CDM19 - ala
8,H1,0.087,04202026,NB,NB,None,CDM19 - ala
8,H2,0.362,04202026,Parent,Parent,None,CDM19 - ala
8,H3,0.371,04202026,Parent_EV,Parent,EV,CDM19 - ala
8,H4,0.394,04202026,Parent_Pdat dat,Parent,Pdat dat,CDM19 - ala
8,H5,0.951,04202026,Parent_PpepV dat,Parent,PpepV dat,CDM19 - ala
8,H6,0.405,04202026,Parent_alr1,Parent,alr1,CDM19 - ala
8,H7,0.118,04202026,dat::Tn,dat::Tn,None,CDM19 - ala
8,H8,0.121,04202026,dat::Tn_EV,dat::Tn,EV,CDM19 - ala
8,H9,0.119,04202026,dat::Tn_Pdat dat,dat::Tn,Pdat dat,CDM19 - ala
8,H10,0.669,04202026,dat::Tn_PpepV dat,dat::Tn,PpepV dat,CDM19 - ala
8,H11,0.117,04202026,dat::Tn_alr1,dat::Tn,alr1,CDM19 - ala
8,H12,0.128,04202026,Δalr1,Δalr1,None,CDM19 - ala
9,A1,0.087,04202026,NB,NB,None,CDM20
9,A2,1.038,04202026,Parent,Parent,None,CDM20
9,A3,0.988,04202026,Parent_EV,Parent,EV,CDM20
9,A4,0.998,04202026,Parent_Pdat dat,Parent,Pdat dat,CDM20
9,A5,1.003,04202026,Parent_PpepV dat,Parent,PpepV dat,CDM20
9,A6,0.996,04202026,Parent_alr1,Parent,alr1,CDM20
9,A7,0.977,04202026,dat::Tn,dat::Tn,None,CDM20
9,A8,0.973,04202026,dat::Tn_EV,dat::Tn,EV,CDM20
9,A9,0.907,04202026,dat::Tn_Pdat dat,dat::Tn,Pdat dat,CDM20
9,A10,0.878,04202026,dat::Tn_PpepV dat,dat::Tn,PpepV dat,CDM20
9,A11,0.986,04202026,dat::Tn_alr1,dat::Tn,alr1,CDM20
9,A12,0.806,04202026,Δalr1,Δalr1,None,CDM20
9,B1,0.086,04202026,NB,NB,None,CDM20
9,B2,1.041,04202026,Parent,Parent,None,CDM20
9,B3,1.066,04202026,Parent_EV,Parent,EV,CDM20
9,B4,1.063,04202026,Parent_Pdat dat,Parent,Pdat dat,CDM20
9,B5,1.058,04202026,Parent_PpepV dat,Parent,PpepV dat,CDM20
9,B6,1.046,04202026,Parent_alr1,Parent,alr1,CDM20
9,B7,1.016,04202026,dat::Tn,dat::Tn,None,CDM20
9,B8,0.999,04202026,dat::Tn_EV,dat::Tn,EV,CDM20
9,B9,1.009,04202026,dat::Tn_Pdat dat,dat::Tn,Pdat dat,CDM20
9,B10,0.883,04202026,dat::Tn_PpepV dat,dat::Tn,PpepV dat,CDM20
9,B11,0.962,04202026,dat::Tn_alr1,dat::Tn,alr1,CDM20
9,B12,0.847,04202026,Δalr1,Δalr1,None,CDM20
9,C1,0.895,04202026,Δalr1_EV,Δalr1,EV,CDM20
9,C2,1.013,04202026,Δalr1_alr1,Δalr1,alr1,CDM20
9,C3,0.091,04202026,NB,NB,None,TSB
9,C4,1.202,04202026,Parent,Parent,None,TSB
9,C5,1.167,04202026,Parent_EV,Parent,EV,TSB
9,C6,1.273,04202026,Parent_Pdat dat,Parent,Pdat dat,TSB
9,C7,1.261,04202026,Parent_PpepV dat,Parent,PpepV dat,TSB
9,C8,1.226,04202026,Parent_alr1,Parent,alr1,TSB
9,C9,1.176,04202026,dat::Tn,dat::Tn,None,TSB
9,C10,1.241,04202026,dat::Tn_EV,dat::Tn,EV,TSB
9,C11,1.21,04202026,dat::Tn_Pdat dat,dat::Tn,Pdat dat,TSB
9,C12,1.268,04202026,dat::Tn_PpepV dat,dat::Tn,PpepV dat,TSB
9,D1,0.956,04202026,Δalr1_EV,Δalr1,EV,CDM20
9,D2,1.037,04202026,Δalr1_alr1,Δalr1,alr1,CDM20
9,D3,0.092,04202026,NB,NB,None,TSB
9,D4,1.127,04202026,Parent,Parent,None,TSB
9,D5,1.155,04202026,Parent_EV,Parent,EV,TSB
9,D6,1.296,04202026,Parent_Pdat dat,Parent,Pdat dat,TSB
9,D7,1.237,04202026,Parent_PpepV dat,Parent,PpepV dat,TSB
9,D8,1.275,04202026,Parent_alr1,Parent,alr1,TSB
9,D9,1.185,04202026,dat::Tn,dat::Tn,None,TSB
9,D10,1.177,04202026,dat::Tn_EV,dat::Tn,EV,TSB
9,D11,1.169,04202026,dat::Tn_Pdat dat,dat::Tn,Pdat dat,TSB
9,D12,1.285,04202026,dat::Tn_PpepV dat,dat::Tn,PpepV dat,TSB
9,E1,0.133,04202026,Δalr1_EV,Δalr1,EV,CDM19 - ala
9,E2,0.178,04202026,Δalr1_alr1,Δalr1,alr1,CDM19 - ala
9,E3,1.094,04202026,dat::Tn_alr1,dat::Tn,alr1,TSB
9,E4,1.052,04202026,Δalr1,Δalr1,None,TSB
9,E5,1.003,04202026,Δalr1_EV,Δalr1,EV,TSB
9,E6,1.125,04202026,Δalr1_alr1,Δalr1,alr1,TSB
9,F1,0.115,04202026,Δalr1_EV,Δalr1,EV,CDM19 - ala
9,F2,0.168,04202026,Δalr1_alr1,Δalr1,alr1,CDM19 - ala
9,F3,1.108,04202026,dat::Tn_alr1,dat::Tn,alr1,TSB
9,F4,1.02,04202026,Δalr1,Δalr1,None,TSB
9,F5,0.983,04202026,Δalr1_EV,Δalr1,EV,TSB
9,F6,1.135,04202026,Δalr1_alr1,Δalr1,alr1,TSB
9,G1,0.088,04202026,NB,NB,None,CDM19 - ala
9,G2,0.411,04202026,Parent,Parent,None,CDM19 - ala
9,G3,0.403,04202026,Parent_EV,Parent,EV,CDM19 - ala
9,G4,0.444,04202026,Parent_Pdat dat,Parent,Pdat dat,CDM19 - ala
9,G5,1.033,04202026,Parent_PpepV dat,Parent,PpepV dat,CDM19 - ala
9,G6,0.43,04202026,Parent_alr1,Parent,alr1,CDM19 - ala
9,G7,0.128,04202026,dat::Tn,dat::Tn,None,CDM19 - ala
9,G8,0.138,04202026,dat::Tn_EV,dat::Tn,EV,CDM19 - ala
9,G9,0.131,04202026,dat::Tn_Pdat dat,dat::Tn,Pdat dat,CDM19 - ala
9,G10,0.711,04202026,dat::Tn_PpepV dat,dat::Tn,PpepV dat,CDM19 - ala
9,G11,0.119,04202026,dat::Tn_alr1,dat::Tn,alr1,CDM19 - ala
9,G12,0.128,04202026,Δalr1,Δalr1,None,CDM19 - ala
9,H1,0.087,04202026,NB,NB,None,CDM19 - ala
9,H2,0.44,04202026,Parent,Parent,None,CDM19 - ala
9,H3,0.451,04202026,Parent_EV,Parent,EV,CDM19 - ala
9,H4,0.488,04202026,Parent_Pdat dat,Parent,Pdat dat,CDM19 - ala
9,H5,1.047,04202026,Parent_PpepV dat,Parent,PpepV dat,CDM19 - ala
9,H6,0.499,04202026,Parent_alr1,Parent,alr1,CDM19 - ala
9,H7,0.119,04202026,dat::Tn,dat::Tn,None,CDM19 - ala
9,H8,0.122,04202026,dat::Tn_EV,dat::Tn,EV,CDM19 - ala
9,H9,0.121,04202026,dat::Tn_Pdat dat,dat::Tn,Pdat dat,CDM19 - ala
9,H10,0.801,04202026,dat::Tn_PpepV dat,dat::Tn,PpepV dat,CDM19 - ala
9,H11,0.118,04202026,dat::Tn_alr1,dat::Tn,alr1,CDM19 - ala
9,H12,0.13,04202026,Δalr1,Δalr1,None,CDM19 - ala
10,A1,0.087,04202026,NB,NB,None,CDM20
10,A2,1.171,04202026,Parent,Parent,None,CDM20
10,A3,1.122,04202026,Parent_EV,Parent,EV,CDM20
10,A4,1.13,04202026,Parent_Pdat dat,Parent,Pdat dat,CDM20
10,A5,1.121,04202026,Parent_PpepV dat,Parent,PpepV dat,CDM20
10,A6,1.14,04202026,Parent_alr1,Parent,alr1,CDM20
10,A7,1.1,04202026,dat::Tn,dat::Tn,None,CDM20
10,A8,1.11,04202026,dat::Tn_EV,dat::Tn,EV,CDM20
10,A9,1.085,04202026,dat::Tn_Pdat dat,dat::Tn,Pdat dat,CDM20
10,A10,1.046,04202026,dat::Tn_PpepV dat,dat::Tn,PpepV dat,CDM20
10,A11,1.125,04202026,dat::Tn_alr1,dat::Tn,alr1,CDM20
10,A12,0.954,04202026,Δalr1,Δalr1,None,CDM20
10,B1,0.086,04202026,NB,NB,None,CDM20
10,B2,1.147,04202026,Parent,Parent,None,CDM20
10,B3,1.16,04202026,Parent_EV,Parent,EV,CDM20
10,B4,1.163,04202026,Parent_Pdat dat,Parent,Pdat dat,CDM20
10,B5,1.166,04202026,Parent_PpepV dat,Parent,PpepV dat,CDM20
10,B6,1.153,04202026,Parent_alr1,Parent,alr1,CDM20
10,B7,1.142,04202026,dat::Tn,dat::Tn,None,CDM20
10,B8,1.131,04202026,dat::Tn_EV,dat::Tn,EV,CDM20
10,B9,1.144,04202026,dat::Tn_Pdat dat,dat::Tn,Pdat dat,CDM20
10,B10,1.053,04202026,dat::Tn_PpepV dat,dat::Tn,PpepV dat,CDM20
10,B11,1.108,04202026,dat::Tn_alr1,dat::Tn,alr1,CDM20
10,B12,1.028,04202026,Δalr1,Δalr1,None,CDM20
10,C1,1.022,04202026,Δalr1_EV,Δalr1,EV,CDM20
10,C2,1.134,04202026,Δalr1_alr1,Δalr1,alr1,CDM20
10,C3,0.091,04202026,NB,NB,None,TSB
10,C4,1.22,04202026,Parent,Parent,None,TSB
10,C5,1.192,04202026,Parent_EV,Parent,EV,TSB
10,C6,1.3,04202026,Parent_Pdat dat,Parent,Pdat dat,TSB
10,C7,1.284,04202026,Parent_PpepV dat,Parent,PpepV dat,TSB
10,C8,1.297,04202026,Parent_alr1,Parent,alr1,TSB
10,C9,1.228,04202026,dat::Tn,dat::Tn,None,TSB
10,C10,1.283,04202026,dat::Tn_EV,dat::Tn,EV,TSB
10,C11,1.25,04202026,dat::Tn_Pdat dat,dat::Tn,Pdat dat,TSB
10,C12,1.302,04202026,dat::Tn_PpepV dat,dat::Tn,PpepV dat,TSB
10,D1,1.081,04202026,Δalr1_EV,Δalr1,EV,CDM20
10,D2,1.147,04202026,Δalr1_alr1,Δalr1,alr1,CDM20
10,D3,0.092,04202026,NB,NB,None,TSB
10,D4,1.169,04202026,Parent,Parent,None,TSB
10,D5,1.201,04202026,Parent_EV,Parent,EV,TSB
10,D6,1.321,04202026,Parent_Pdat dat,Parent,Pdat dat,TSB
10,D7,1.279,04202026,Parent_PpepV dat,Parent,PpepV dat,TSB
10,D8,1.307,04202026,Parent_alr1,Parent,alr1,TSB
10,D9,1.224,04202026,dat::Tn,dat::Tn,None,TSB
10,D10,1.212,04202026,dat::Tn_EV,dat::Tn,EV,TSB
10,D11,1.213,04202026,dat::Tn_Pdat dat,dat::Tn,Pdat dat,TSB
10,D12,1.296,04202026,dat::Tn_PpepV dat,dat::Tn,PpepV dat,TSB
10,E1,0.136,04202026,Δalr1_EV,Δalr1,EV,CDM19 - ala
10,E2,0.219,04202026,Δalr1_alr1,Δalr1,alr1,CDM19 - ala
10,E3,1.114,04202026,dat::Tn_alr1,dat::Tn,alr1,TSB
10,E4,1.074,04202026,Δalr1,Δalr1,None,TSB
10,E5,1.032,04202026,Δalr1_EV,Δalr1,EV,TSB
10,E6,1.151,04202026,Δalr1_alr1,Δalr1,alr1,TSB
10,F1,0.116,04202026,Δalr1_EV,Δalr1,EV,CDM19 - ala
10,F2,0.204,04202026,Δalr1_alr1,Δalr1,alr1,CDM19 - ala
10,F3,1.122,04202026,dat::Tn_alr1,dat::Tn,alr1,TSB
10,F4,1.038,04202026,Δalr1,Δalr1,None,TSB
10,F5,0.998,04202026,Δalr1_EV,Δalr1,EV,TSB
10,F6,1.154,04202026,Δalr1_alr1,Δalr1,alr1,TSB
10,G1,0.088,04202026,NB,NB,None,CDM19 - ala
10,G2,0.532,04202026,Parent,Parent,None,CDM19 - ala
10,G3,0.531,04202026,Parent_EV,Parent,EV,CDM19 - ala
10,G4,0.591,04202026,Parent_Pdat dat,Parent,Pdat dat,CDM19 - ala
10,G5,1.162,04202026,Parent_PpepV dat,Parent,PpepV dat,CDM19 - ala
10,G6,0.56,04202026,Parent_alr1,Parent,alr1,CDM19 - ala
10,G7,0.13,04202026,dat::Tn,dat::Tn,None,CDM19 - ala
10,G8,0.141,04202026,dat::Tn_EV,dat::Tn,EV,CDM19 - ala
10,G9,0.133,04202026,dat::Tn_Pdat dat,dat::Tn,Pdat dat,CDM19 - ala
10,G10,0.91,04202026,dat::Tn_PpepV dat,dat::Tn,PpepV dat,CDM19 - ala
10,G11,0.12,04202026,dat::Tn_alr1,dat::Tn,alr1,CDM19 - ala
10,G12,0.131,04202026,Δalr1,Δalr1,None,CDM19 - ala
10,H1,0.087,04202026,NB,NB,None,CDM19 - ala
10,H2,0.607,04202026,Parent,Parent,None,CDM19 - ala
10,H3,0.615,04202026,Parent_EV,Parent,EV,CDM19 - ala
10,H4,0.666,04202026,Parent_Pdat dat,Parent,Pdat dat,CDM19 - ala
10,H5,1.177,04202026,Parent_PpepV dat,Parent,PpepV dat,CDM19 - ala
10,H6,0.68,04202026,Parent_alr1,Parent,alr1,CDM19 - ala
10,H7,0.12,04202026,dat::Tn,dat::Tn,None,CDM19 - ala
10,H8,0.123,04202026,dat::Tn_EV,dat::Tn,EV,CDM19 - ala
10,H9,0.122,04202026,dat::Tn_Pdat dat,dat::Tn,Pdat dat,CDM19 - ala
10,H10,1.002,04202026,dat::Tn_PpepV dat,dat::Tn,PpepV dat,CDM19 - ala
10,H11,0.118,04202026,dat::Tn_alr1,dat::Tn,alr1,CDM19 - ala
10,H12,0.133,04202026,Δalr1,Δalr1,None,CDM19 - ala
11,A1,0.087,04202026,NB,NB,None,CDM20
11,A2,1.242,04202026,Parent,Parent,None,CDM20
11,A3,1.205,04202026,Parent_EV,Parent,EV,CDM20
11,A4,1.197,04202026,Parent_Pdat dat,Parent,Pdat dat,CDM20
11,A5,1.191,04202026,Parent_PpepV dat,Parent,PpepV dat,CDM20
11,A6,1.207,04202026,Parent_alr1,Parent,alr1,CDM20
11,A7,1.173,04202026,dat::Tn,dat::Tn,None,CDM20
11,A8,1.198,04202026,dat::Tn_EV,dat::Tn,EV,CDM20
11,A9,1.13,04202026,dat::Tn_Pdat dat,dat::Tn,Pdat dat,CDM20
11,A10,1.162,04202026,dat::Tn_PpepV dat,dat::Tn,PpepV dat,CDM20
11,A11,1.226,04202026,dat::Tn_alr1,dat::Tn,alr1,CDM20
11,A12,1.074,04202026,Δalr1,Δalr1,None,CDM20
11,B1,0.086,04202026,NB,NB,None,CDM20
11,B2,1.161,04202026,Parent,Parent,None,CDM20
11,B3,1.175,04202026,Parent_EV,Parent,EV,CDM20
11,B4,1.216,04202026,Parent_Pdat dat,Parent,Pdat dat,CDM20
11,B5,1.201,04202026,Parent_PpepV dat,Parent,PpepV dat,CDM20
11,B6,1.185,04202026,Parent_alr1,Parent,alr1,CDM20
11,B7,1.201,04202026,dat::Tn,dat::Tn,None,CDM20
11,B8,1.212,04202026,dat::Tn_EV,dat::Tn,EV,CDM20
11,B9,1.224,04202026,dat::Tn_Pdat dat,dat::Tn,Pdat dat,CDM20
11,B10,1.125,04202026,dat::Tn_PpepV dat,dat::Tn,PpepV dat,CDM20
11,B11,1.188,04202026,dat::Tn_alr1,dat::Tn,alr1,CDM20
11,B12,1.116,04202026,Δalr1,Δalr1,None,CDM20
11,C1,1.12,04202026,Δalr1_EV,Δalr1,EV,CDM20
11,C2,1.182,04202026,Δalr1_alr1,Δalr1,alr1,CDM20
11,C3,0.091,04202026,NB,NB,None,TSB
11,C4,1.221,04202026,Parent,Parent,None,TSB
11,C5,1.204,04202026,Parent_EV,Parent,EV,TSB
11,C6,1.297,04202026,Parent_Pdat dat,Parent,Pdat dat,TSB
11,C7,1.279,04202026,Parent_PpepV dat,Parent,PpepV dat,TSB
11,C8,1.287,04202026,Parent_alr1,Parent,alr1,TSB
11,C9,1.253,04202026,dat::Tn,dat::Tn,None,TSB
11,C10,1.297,04202026,dat::Tn_EV,dat::Tn,EV,TSB
11,C11,1.272,04202026,dat::Tn_Pdat dat,dat::Tn,Pdat dat,TSB
11,C12,1.3,04202026,dat::Tn_PpepV dat,dat::Tn,PpepV dat,TSB
11,D1,1.165,04202026,Δalr1_EV,Δalr1,EV,CDM20
11,D2,1.217,04202026,Δalr1_alr1,Δalr1,alr1,CDM20
11,D3,0.092,04202026,NB,NB,None,TSB
11,D4,1.175,04202026,Parent,Parent,None,TSB
11,D5,1.2,04202026,Parent_EV,Parent,EV,TSB
11,D6,1.317,04202026,Parent_Pdat dat,Parent,Pdat dat,TSB
11,D7,1.27,04202026,Parent_PpepV dat,Parent,PpepV dat,TSB
11,D8,1.289,04202026,Parent_alr1,Parent,alr1,TSB
11,D9,1.237,04202026,dat::Tn,dat::Tn,None,TSB
11,D10,1.229,04202026,dat::Tn_EV,dat::Tn,EV,TSB
11,D11,1.227,04202026,dat::Tn_Pdat dat,dat::Tn,Pdat dat,TSB
11,D12,1.294,04202026,dat::Tn_PpepV dat,dat::Tn,PpepV dat,TSB
11,E1,0.138,04202026,Δalr1_EV,Δalr1,EV,CDM19 - ala
11,E2,0.255,04202026,Δalr1_alr1,Δalr1,alr1,CDM19 - ala
11,E3,1.136,04202026,dat::Tn_alr1,dat::Tn,alr1,TSB
11,E4,1.091,04202026,Δalr1,Δalr1,None,TSB
11,E5,1.056,04202026,Δalr1_EV,Δalr1,EV,TSB
11,E6,1.154,04202026,Δalr1_alr1,Δalr1,alr1,TSB
11,F1,0.118,04202026,Δalr1_EV,Δalr1,EV,CDM19 - ala
11,F2,0.242,04202026,Δalr1_alr1,Δalr1,alr1,CDM19 - ala
11,F3,1.122,04202026,dat::Tn_alr1,dat::Tn,alr1,TSB
11,F4,1.049,04202026,Δalr1,Δalr1,None,TSB
11,F5,1.007,04202026,Δalr1_EV,Δalr1,EV,TSB
11,F6,1.147,04202026,Δalr1_alr1,Δalr1,alr1,TSB
11,G1,0.088,04202026,NB,NB,None,CDM19 - ala
11,G2,0.679,04202026,Parent,Parent,None,CDM19 - ala
11,G3,0.682,04202026,Parent_EV,Parent,EV,CDM19 - ala
11,G4,0.759,04202026,Parent_Pdat dat,Parent,Pdat dat,CDM19 - ala
11,G5,1.228,04202026,Parent_PpepV dat,Parent,PpepV dat,CDM19 - ala
11,G6,0.717,04202026,Parent_alr1,Parent,alr1,CDM19 - ala
11,G7,0.132,04202026,dat::Tn,dat::Tn,None,CDM19 - ala
11,G8,0.143,04202026,dat::Tn_EV,dat::Tn,EV,CDM19 - ala
11,G9,0.134,04202026,dat::Tn_Pdat dat,dat::Tn,Pdat dat,CDM19 - ala
11,G10,1.044,04202026,dat::Tn_PpepV dat,dat::Tn,PpepV dat,CDM19 - ala
11,G11,0.12,04202026,dat::Tn_alr1,dat::Tn,alr1,CDM19 - ala
11,G12,0.133,04202026,Δalr1,Δalr1,None,CDM19 - ala
11,H1,0.087,04202026,NB,NB,None,CDM19 - ala
11,H2,0.759,04202026,Parent,Parent,None,CDM19 - ala
11,H3,0.764,04202026,Parent_EV,Parent,EV,CDM19 - ala
11,H4,0.814,04202026,Parent_Pdat dat,Parent,Pdat dat,CDM19 - ala
11,H5,1.212,04202026,Parent_PpepV dat,Parent,PpepV dat,CDM19 - ala
11,H6,0.833,04202026,Parent_alr1,Parent,alr1,CDM19 - ala
11,H7,0.122,04202026,dat::Tn,dat::Tn,None,CDM19 - ala
11,H8,0.123,04202026,dat::Tn_EV,dat::Tn,EV,CDM19 - ala
11,H9,0.123,04202026,dat::Tn_Pdat dat,dat::Tn,Pdat dat,CDM19 - ala
11,H10,1.108,04202026,dat::Tn_PpepV dat,dat::Tn,PpepV dat,CDM19 - ala
11,H11,0.118,04202026,dat::Tn_alr1,dat::Tn,alr1,CDM19 - ala
11,H12,0.136,04202026,Δalr1,Δalr1,None,CDM19 - ala
12,A1,0.087,04202026,NB,NB,None,CDM20
12,A2,1.294,04202026,Parent,Parent,None,CDM20
12,A3,1.245,04202026,Parent_EV,Parent,EV,CDM20
12,A4,1.247,04202026,Parent_Pdat dat,Parent,Pdat dat,CDM20
12,A5,1.256,04202026,Parent_PpepV dat,Parent,PpepV dat,CDM20
12,A6,1.273,04202026,Parent_alr1,Parent,alr1,CDM20
12,A7,1.254,04202026,dat::Tn,dat::Tn,None,CDM20
12,A8,1.277,04202026,dat::Tn_EV,dat::Tn,EV,CDM20
12,A9,1.264,04202026,dat::Tn_Pdat dat,dat::Tn,Pdat dat,CDM20
12,A10,1.23,04202026,dat::Tn_PpepV dat,dat::Tn,PpepV dat,CDM20
12,A11,1.29,04202026,dat::Tn_alr1,dat::Tn,alr1,CDM20
12,A12,1.168,04202026,Δalr1,Δalr1,None,CDM20
12,B1,0.086,04202026,NB,NB,None,CDM20
12,B2,1.204,04202026,Parent,Parent,None,CDM20
12,B3,1.211,04202026,Parent_EV,Parent,EV,CDM20
12,B4,1.262,04202026,Parent_Pdat dat,Parent,Pdat dat,CDM20
12,B5,1.236,04202026,Parent_PpepV dat,Parent,PpepV dat,CDM20
12,B6,1.216,04202026,Parent_alr1,Parent,alr1,CDM20
12,B7,1.249,04202026,dat::Tn,dat::Tn,None,CDM20
12,B8,1.279,04202026,dat::Tn_EV,dat::Tn,EV,CDM20
12,B9,1.303,04202026,dat::Tn_Pdat dat,dat::Tn,Pdat dat,CDM20
12,B10,1.221,04202026,dat::Tn_PpepV dat,dat::Tn,PpepV dat,CDM20
12,B11,1.275,04202026,dat::Tn_alr1,dat::Tn,alr1,CDM20
12,B12,1.199,04202026,Δalr1,Δalr1,None,CDM20
12,C1,1.192,04202026,Δalr1_EV,Δalr1,EV,CDM20
12,C2,1.242,04202026,Δalr1_alr1,Δalr1,alr1,CDM20
12,C3,0.091,04202026,NB,NB,None,TSB
12,C4,1.231,04202026,Parent,Parent,None,TSB
12,C5,1.222,04202026,Parent_EV,Parent,EV,TSB
12,C6,1.305,04202026,Parent_Pdat dat,Parent,Pdat dat,TSB
12,C7,1.293,04202026,Parent_PpepV dat,Parent,PpepV dat,TSB
12,C8,1.296,04202026,Parent_alr1,Parent,alr1,TSB
12,C9,1.29,04202026,dat::Tn,dat::Tn,None,TSB
12,C10,1.312,04202026,dat::Tn_EV,dat::Tn,EV,TSB
12,C11,1.296,04202026,dat::Tn_Pdat dat,dat::Tn,Pdat dat,TSB
12,C12,1.286,04202026,dat::Tn_PpepV dat,dat::Tn,PpepV dat,TSB
12,D1,1.224,04202026,Δalr1_EV,Δalr1,EV,CDM20
12,D2,1.262,04202026,Δalr1_alr1,Δalr1,alr1,CDM20
12,D3,0.092,04202026,NB,NB,None,TSB
12,D4,1.191,04202026,Parent,Parent,None,TSB
12,D5,1.216,04202026,Parent_EV,Parent,EV,TSB
12,D6,1.322,04202026,Parent_Pdat dat,Parent,Pdat dat,TSB
12,D7,1.269,04202026,Parent_PpepV dat,Parent,PpepV dat,TSB
12,D8,1.298,04202026,Parent_alr1,Parent,alr1,TSB
12,D9,1.257,04202026,dat::Tn,dat::Tn,None,TSB
12,D10,1.249,04202026,dat::Tn_EV,dat::Tn,EV,TSB
12,D11,1.265,04202026,dat::Tn_Pdat dat,dat::Tn,Pdat dat,TSB
12,D12,1.276,04202026,dat::Tn_PpepV dat,dat::Tn,PpepV dat,TSB
12,E1,0.14,04202026,Δalr1_EV,Δalr1,EV,CDM19 - ala
12,E2,0.293,04202026,Δalr1_alr1,Δalr1,alr1,CDM19 - ala
12,E3,1.174,04202026,dat::Tn_alr1,dat::Tn,alr1,TSB
12,E4,1.105,04202026,Δalr1,Δalr1,None,TSB
12,E5,1.083,04202026,Δalr1_EV,Δalr1,EV,TSB
12,E6,1.182,04202026,Δalr1_alr1,Δalr1,alr1,TSB
12,F1,0.119,04202026,Δalr1_EV,Δalr1,EV,CDM19 - ala
12,F2,0.279,04202026,Δalr1_alr1,Δalr1,alr1,CDM19 - ala
12,F3,1.124,04202026,dat::Tn_alr1,dat::Tn,alr1,TSB
12,F4,1.061,04202026,Δalr1,Δalr1,None,TSB
12,F5,1.019,04202026,Δalr1_EV,Δalr1,EV,TSB
12,F6,1.159,04202026,Δalr1_alr1,Δalr1,alr1,TSB
12,G1,0.088,04202026,NB,NB,None,CDM19 - ala
12,G2,0.821,04202026,Parent,Parent,None,CDM19 - ala
12,G3,0.826,04202026,Parent_EV,Parent,EV,CDM19 - ala
12,G4,0.893,04202026,Parent_Pdat dat,Parent,Pdat dat,CDM19 - ala
12,G5,1.272,04202026,Parent_PpepV dat,Parent,PpepV dat,CDM19 - ala
12,G6,0.859,04202026,Parent_alr1,Parent,alr1,CDM19 - ala
12,G7,0.136,04202026,dat::Tn,dat::Tn,None,CDM19 - ala
12,G8,0.148,04202026,dat::Tn_EV,dat::Tn,EV,CDM19 - ala
12,G9,0.138,04202026,dat::Tn_Pdat dat,dat::Tn,Pdat dat,CDM19 - ala
12,G10,1.146,04202026,dat::Tn_PpepV dat,dat::Tn,PpepV dat,CDM19 - ala
12,G11,0.122,04202026,dat::Tn_alr1,dat::Tn,alr1,CDM19 - ala
12,G12,0.137,04202026,Δalr1,Δalr1,None,CDM19 - ala
12,H1,0.087,04202026,NB,NB,None,CDM19 - ala
12,H2,0.909,04202026,Parent,Parent,None,CDM19 - ala
12,H3,0.916,04202026,Parent_EV,Parent,EV,CDM19 - ala
12,H4,0.959,04202026,Parent_Pdat dat,Parent,Pdat dat,CDM19 - ala
12,H5,1.264,04202026,Parent_PpepV dat,Parent,PpepV dat,CDM19 - ala
12,H6,0.951,04202026,Parent_alr1,Parent,alr1,CDM19 - ala
12,H7,0.124,04202026,dat::Tn,dat::Tn,None,CDM19 - ala
12,H8,0.125,04202026,dat::Tn_EV,dat::Tn,EV,CDM19 - ala
12,H9,0.125,04202026,dat::Tn_Pdat dat,dat::Tn,Pdat dat,CDM19 - ala
12,H10,1.206,04202026,dat::Tn_PpepV dat,dat::Tn,PpepV dat,CDM19 - ala
12,H11,0.119,04202026,dat::Tn_alr1,dat::Tn,alr1,CDM19 - ala
12,H12,0.14,04202026,Δalr1,Δalr1,None,CDM19 - ala
13,A1,0.087,04202026,NB,NB,None,CDM20
13,A2,1.272,04202026,Parent,Parent,None,CDM20
13,A3,1.215,04202026,Parent_EV,Parent,EV,CDM20
13,A4,1.241,04202026,Parent_Pdat dat,Parent,Pdat dat,CDM20
13,A5,1.245,04202026,Parent_PpepV dat,Parent,PpepV dat,CDM20
13,A6,1.239,04202026,Parent_alr1,Parent,alr1,CDM20
13,A7,1.199,04202026,dat::Tn,dat::Tn,None,CDM20
13,A8,1.245,04202026,dat::Tn_EV,dat::Tn,EV,CDM20
13,A9,1.203,04202026,dat::Tn_Pdat dat,dat::Tn,Pdat dat,CDM20
13,A10,1.215,04202026,dat::Tn_PpepV dat,dat::Tn,PpepV dat,CDM20
13,A11,1.286,04202026,dat::Tn_alr1,dat::Tn,alr1,CDM20
13,A12,1.238,04202026,Δalr1,Δalr1,None,CDM20
13,B1,0.086,04202026,NB,NB,None,CDM20
13,B2,1.199,04202026,Parent,Parent,None,CDM20
13,B3,1.198,04202026,Parent_EV,Parent,EV,CDM20
13,B4,1.257,04202026,Parent_Pdat dat,Parent,Pdat dat,CDM20
13,B5,1.226,04202026,Parent_PpepV dat,Parent,PpepV dat,CDM20
13,B6,1.218,04202026,Parent_alr1,Parent,alr1,CDM20
13,B7,1.231,04202026,dat::Tn,dat::Tn,None,CDM20
13,B8,1.269,04202026,dat::Tn_EV,dat::Tn,EV,CDM20
13,B9,1.297,04202026,dat::Tn_Pdat dat,dat::Tn,Pdat dat,CDM20
13,B10,1.228,04202026,dat::Tn_PpepV dat,dat::Tn,PpepV dat,CDM20
13,B11,1.269,04202026,dat::Tn_alr1,dat::Tn,alr1,CDM20
13,B12,1.222,04202026,Δalr1,Δalr1,None,CDM20
13,C1,1.194,04202026,Δalr1_EV,Δalr1,EV,CDM20
13,C2,1.223,04202026,Δalr1_alr1,Δalr1,alr1,CDM20
13,C3,0.091,04202026,NB,NB,None,TSB
13,C4,1.206,04202026,Parent,Parent,None,TSB
13,C5,1.197,04202026,Parent_EV,Parent,EV,TSB
13,C6,1.279,04202026,Parent_Pdat dat,Parent,Pdat dat,TSB
13,C7,1.264,04202026,Parent_PpepV dat,Parent,PpepV dat,TSB
13,C8,1.265,04202026,Parent_alr1,Parent,alr1,TSB
13,C9,1.269,04202026,dat::Tn,dat::Tn,None,TSB
13,C10,1.296,04202026,dat::Tn_EV,dat::Tn,EV,TSB
13,C11,1.266,04202026,dat::Tn_Pdat dat,dat::Tn,Pdat dat,TSB
13,C12,1.275,04202026,dat::Tn_PpepV dat,dat::Tn,PpepV dat,TSB
13,D1,1.23,04202026,Δalr1_EV,Δalr1,EV,CDM20
13,D2,1.269,04202026,Δalr1_alr1,Δalr1,alr1,CDM20
13,D3,0.092,04202026,NB,NB,None,TSB
13,D4,1.155,04202026,Parent,Parent,None,TSB
13,D5,1.187,04202026,Parent_EV,Parent,EV,TSB
13,D6,1.291,04202026,Parent_Pdat dat,Parent,Pdat dat,TSB
13,D7,1.269,04202026,Parent_PpepV dat,Parent,PpepV dat,TSB
13,D8,1.27,04202026,Parent_alr1,Parent,alr1,TSB
13,D9,1.242,04202026,dat::Tn,dat::Tn,None,TSB
13,D10,1.233,04202026,dat::Tn_EV,dat::Tn,EV,TSB
13,D11,1.228,04202026,dat::Tn_Pdat dat,dat::Tn,Pdat dat,TSB
13,D12,1.27,04202026,dat::Tn_PpepV dat,dat::Tn,PpepV dat,TSB
13,E1,0.14,04202026,Δalr1_EV,Δalr1,EV,CDM19 - ala
13,E2,0.321,04202026,Δalr1_alr1,Δalr1,alr1,CDM19 - ala
13,E3,1.162,04202026,dat::Tn_alr1,dat::Tn,alr1,TSB
13,E4,1.112,04202026,Δalr1,Δalr1,None,TSB
13,E5,1.088,04202026,Δalr1_EV,Δalr1,EV,TSB
13,E6,1.166,04202026,Δalr1_alr1,Δalr1,alr1,TSB
13,F1,0.12,04202026,Δalr1_EV,Δalr1,EV,CDM19 - ala
13,F2,0.307,04202026,Δalr1_alr1,Δalr1,alr1,CDM19 - ala
13,F3,1.127,04202026,dat::Tn_alr1,dat::Tn,alr1,TSB
13,F4,1.071,04202026,Δalr1,Δalr1,None,TSB
13,F5,1.027,04202026,Δalr1_EV,Δalr1,EV,TSB
13,F6,1.146,04202026,Δalr1_alr1,Δalr1,alr1,TSB
13,G1,0.088,04202026,NB,NB,None,CDM19 - ala
13,G2,0.903,04202026,Parent,Parent,None,CDM19 - ala
13,G3,0.925,04202026,Parent_EV,Parent,EV,CDM19 - ala
13,G4,0.999,04202026,Parent_Pdat dat,Parent,Pdat dat,CDM19 - ala
13,G5,1.268,04202026,Parent_PpepV dat,Parent,PpepV dat,CDM19 - ala
13,G6,0.946,04202026,Parent_alr1,Parent,alr1,CDM19 - ala
13,G7,0.141,04202026,dat::Tn,dat::Tn,None,CDM19 - ala
13,G8,0.155,04202026,dat::Tn_EV,dat::Tn,EV,CDM19 - ala
13,G9,0.143,04202026,dat::Tn_Pdat dat,dat::Tn,Pdat dat,CDM19 - ala
13,G10,1.191,04202026,dat::Tn_PpepV dat,dat::Tn,PpepV dat,CDM19 - ala
13,G11,0.124,04202026,dat::Tn_alr1,dat::Tn,alr1,CDM19 - ala
13,G12,0.142,04202026,Δalr1,Δalr1,None,CDM19 - ala
13,H1,0.087,04202026,NB,NB,None,CDM19 - ala
13,H2,0.998,04202026,Parent,Parent,None,CDM19 - ala
13,H3,0.988,04202026,Parent_EV,Parent,EV,CDM19 - ala
13,H4,1.018,04202026,Parent_Pdat dat,Parent,Pdat dat,CDM19 - ala
13,H5,1.247,04202026,Parent_PpepV dat,Parent,PpepV dat,CDM19 - ala
13,H6,1.06,04202026,Parent_alr1,Parent,alr1,CDM19 - ala
13,H7,0.127,04202026,dat::Tn,dat::Tn,None,CDM19 - ala
13,H8,0.127,04202026,dat::Tn_EV,dat::Tn,EV,CDM19 - ala
13,H9,0.127,04202026,dat::Tn_Pdat dat,dat::Tn,Pdat dat,CDM19 - ala
13,H10,1.239,04202026,dat::Tn_PpepV dat,dat::Tn,PpepV dat,CDM19 - ala
13,H11,0.12,04202026,dat::Tn_alr1,dat::Tn,alr1,CDM19 - ala
13,H12,0.144,04202026,Δalr1,Δalr1,None,CDM19 - ala
14,A1,0.087,04202026,NB,NB,None,CDM20
14,A2,1.314,04202026,Parent,Parent,None,CDM20
14,A3,1.287,04202026,Parent_EV,Parent,EV,CDM20
14,A4,1.264,04202026,Parent_Pdat dat,Parent,Pdat dat,CDM20
14,A5,1.282,04202026,Parent_PpepV dat,Parent,PpepV dat,CDM20
14,A6,1.28,04202026,Parent_alr1,Parent,alr1,CDM20
14,A7,1.228,04202026,dat::Tn,dat::Tn,None,CDM20
14,A8,1.269,04202026,dat::Tn_EV,dat::Tn,EV,CDM20
14,A9,1.22,04202026,dat::Tn_Pdat dat,dat::Tn,Pdat dat,CDM20
14,A10,1.247,04202026,dat::Tn_PpepV dat,dat::Tn,PpepV dat,CDM20
14,A11,1.281,04202026,dat::Tn_alr1,dat::Tn,alr1,CDM20
14,A12,1.296,04202026,Δalr1,Δalr1,None,CDM20
14,B1,0.086,04202026,NB,NB,None,CDM20
14,B2,1.232,04202026,Parent,Parent,None,CDM20
14,B3,1.239,04202026,Parent_EV,Parent,EV,CDM20
14,B4,1.307,04202026,Parent_Pdat dat,Parent,Pdat dat,CDM20
14,B5,1.266,04202026,Parent_PpepV dat,Parent,PpepV dat,CDM20
14,B6,1.254,04202026,Parent_alr1,Parent,alr1,CDM20
14,B7,1.257,04202026,dat::Tn,dat::Tn,None,CDM20
14,B8,1.308,04202026,dat::Tn_EV,dat::Tn,EV,CDM20
14,B9,1.329,04202026,dat::Tn_Pdat dat,dat::Tn,Pdat dat,CDM20
14,B10,1.294,04202026,dat::Tn_PpepV dat,dat::Tn,PpepV dat,CDM20
14,B11,1.327,04202026,dat::Tn_alr1,dat::Tn,alr1,CDM20
14,B12,1.201,04202026,Δalr1,Δalr1,None,CDM20
14,C1,1.249,04202026,Δalr1_EV,Δalr1,EV,CDM20
14,C2,1.253,04202026,Δalr1_alr1,Δalr1,alr1,CDM20
14,C3,0.091,04202026,NB,NB,None,TSB
14,C4,1.208,04202026,Parent,Parent,None,TSB
14,C5,1.2,04202026,Parent_EV,Parent,EV,TSB
14,C6,1.278,04202026,Parent_Pdat dat,Parent,Pdat dat,TSB
14,C7,1.261,04202026,Parent_PpepV dat,Parent,PpepV dat,TSB
14,C8,1.276,04202026,Parent_alr1,Parent,alr1,TSB
14,C9,1.278,04202026,dat::Tn,dat::Tn,None,TSB
14,C10,1.299,04202026,dat::Tn_EV,dat::Tn,EV,TSB
14,C11,1.286,04202026,dat::Tn_Pdat dat,dat::Tn,Pdat dat,TSB
14,C12,1.297,04202026,dat::Tn_PpepV dat,dat::Tn,PpepV dat,TSB
14,D1,1.29,04202026,Δalr1_EV,Δalr1,EV,CDM20
14,D2,1.311,04202026,Δalr1_alr1,Δalr1,alr1,CDM20
14,D3,0.092,04202026,NB,NB,None,TSB
14,D4,1.155,04202026,Parent,Parent,None,TSB
14,D5,1.181,04202026,Parent_EV,Parent,EV,TSB
14,D6,1.296,04202026,Parent_Pdat dat,Parent,Pdat dat,TSB
14,D7,1.268,04202026,Parent_PpepV dat,Parent,PpepV dat,TSB
14,D8,1.284,04202026,Parent_alr1,Parent,alr1,TSB
14,D9,1.258,04202026,dat::Tn,dat::Tn,None,TSB
14,D10,1.214,04202026,dat::Tn_EV,dat::Tn,EV,TSB
14,D11,1.23,04202026,dat::Tn_Pdat dat,dat::Tn,Pdat dat,TSB
14,D12,1.287,04202026,dat::Tn_PpepV dat,dat::Tn,PpepV dat,TSB
14,E1,0.143,04202026,Δalr1_EV,Δalr1,EV,CDM19 - ala
14,E2,0.365,04202026,Δalr1_alr1,Δalr1,alr1,CDM19 - ala
14,E3,1.166,04202026,dat::Tn_alr1,dat::Tn,alr1,TSB
14,E4,1.134,04202026,Δalr1,Δalr1,None,TSB
14,E5,1.102,04202026,Δalr1_EV,Δalr1,EV,TSB
14,E6,1.165,04202026,Δalr1_alr1,Δalr1,alr1,TSB
14,F1,0.121,04202026,Δalr1_EV,Δalr1,EV,CDM19 - ala
14,F2,0.35,04202026,Δalr1_alr1,Δalr1,alr1,CDM19 - ala
14,F3,1.14,04202026,dat::Tn_alr1,dat::Tn,alr1,TSB
14,F4,1.088,04202026,Δalr1,Δalr1,None,TSB
14,F5,1.029,04202026,Δalr1_EV,Δalr1,EV,TSB
14,F6,1.145,04202026,Δalr1_alr1,Δalr1,alr1,TSB
14,G1,0.089,04202026,NB,NB,None,CDM19 - ala
14,G2,1.019,04202026,Parent,Parent,None,CDM19 - ala
14,G3,1.035,04202026,Parent_EV,Parent,EV,CDM19 - ala
14,G4,1.089,04202026,Parent_Pdat dat,Parent,Pdat dat,CDM19 - ala
14,G5,1.3,04202026,Parent_PpepV dat,Parent,PpepV dat,CDM19 - ala
14,G6,1.081,04202026,Parent_alr1,Parent,alr1,CDM19 - ala
14,G7,0.145,04202026,dat::Tn,dat::Tn,None,CDM19 - ala
14,G8,0.16,04202026,dat::Tn_EV,dat::Tn,EV,CDM19 - ala
14,G9,0.147,04202026,dat::Tn_Pdat dat,dat::Tn,Pdat dat,CDM19 - ala
14,G10,1.265,04202026,dat::Tn_PpepV dat,dat::Tn,PpepV dat,CDM19 - ala
14,G11,0.127,04202026,dat::Tn_alr1,dat::Tn,alr1,CDM19 - ala
14,G12,0.146,04202026,Δalr1,Δalr1,None,CDM19 - ala
14,H1,0.087,04202026,NB,NB,None,CDM19 - ala
14,H2,1.105,04202026,Parent,Parent,None,CDM19 - ala
14,H3,1.102,04202026,Parent_EV,Parent,EV,CDM19 - ala
14,H4,1.135,04202026,Parent_Pdat dat,Parent,Pdat dat,CDM19 - ala
14,H5,1.316,04202026,Parent_PpepV dat,Parent,PpepV dat,CDM19 - ala
14,H6,1.153,04202026,Parent_alr1,Parent,alr1,CDM19 - ala
14,H7,0.128,04202026,dat::Tn,dat::Tn,None,CDM19 - ala
14,H8,0.129,04202026,dat::Tn_EV,dat::Tn,EV,CDM19 - ala
14,H9,0.129,04202026,dat::Tn_Pdat dat,dat::Tn,Pdat dat,CDM19 - ala
14,H10,1.287,04202026,dat::Tn_PpepV dat,dat::Tn,PpepV dat,CDM19 - ala
14,H11,0.122,04202026,dat::Tn_alr1,dat::Tn,alr1,CDM19 - ala
14,H12,0.146,04202026,Δalr1,Δalr1,None,CDM19 - ala
15,A1,0.087,04202026,NB,NB,None,CDM20
15,A2,1.358,04202026,Parent,Parent,None,CDM20
15,A3,1.308,04202026,Parent_EV,Parent,EV,CDM20
15,A4,1.311,04202026,Parent_Pdat dat,Parent,Pdat dat,CDM20
15,A5,1.321,04202026,Parent_PpepV dat,Parent,PpepV dat,CDM20
15,A6,1.342,04202026,Parent_alr1,Parent,alr1,CDM20
15,A7,1.27,04202026,dat::Tn,dat::Tn,None,CDM20
15,A8,1.32,04202026,dat::Tn_EV,dat::Tn,EV,CDM20
15,A9,1.253,04202026,dat::Tn_Pdat dat,dat::Tn,Pdat dat,CDM20
15,A10,1.321,04202026,dat::Tn_PpepV dat,dat::Tn,PpepV dat,CDM20
15,A11,1.367,04202026,dat::Tn_alr1,dat::Tn,alr1,CDM20
15,A12,1.327,04202026,Δalr1,Δalr1,None,CDM20
15,B1,0.086,04202026,NB,NB,None,CDM20
15,B2,1.237,04202026,Parent,Parent,None,CDM20
15,B3,1.25,04202026,Parent_EV,Parent,EV,CDM20
15,B4,1.318,04202026,Parent_Pdat dat,Parent,Pdat dat,CDM20
15,B5,1.279,04202026,Parent_PpepV dat,Parent,PpepV dat,CDM20
15,B6,1.265,04202026,Parent_alr1,Parent,alr1,CDM20
15,B7,1.272,04202026,dat::Tn,dat::Tn,None,CDM20
15,B8,1.316,04202026,dat::Tn_EV,dat::Tn,EV,CDM20
15,B9,1.333,04202026,dat::Tn_Pdat dat,dat::Tn,Pdat dat,CDM20
15,B10,1.309,04202026,dat::Tn_PpepV dat,dat::Tn,PpepV dat,CDM20
15,B11,1.334,04202026,dat::Tn_alr1,dat::Tn,alr1,CDM20
15,B12,1.31,04202026,Δalr1,Δalr1,None,CDM20
15,C1,1.268,04202026,Δalr1_EV,Δalr1,EV,CDM20
15,C2,1.267,04202026,Δalr1_alr1,Δalr1,alr1,CDM20
15,C3,0.091,04202026,NB,NB,None,TSB
15,C4,1.205,04202026,Parent,Parent,None,TSB
15,C5,1.202,04202026,Parent_EV,Parent,EV,TSB
15,C6,1.281,04202026,Parent_Pdat dat,Parent,Pdat dat,TSB
15,C7,1.249,04202026,Parent_PpepV dat,Parent,PpepV dat,TSB
15,C8,1.268,04202026,Parent_alr1,Parent,alr1,TSB
15,C9,1.286,04202026,dat::Tn,dat::Tn,None,TSB
15,C10,1.31,04202026,dat::Tn_EV,dat::Tn,EV,TSB
15,C11,1.292,04202026,dat::Tn_Pdat dat,dat::Tn,Pdat dat,TSB
15,C12,1.297,04202026,dat::Tn_PpepV dat,dat::Tn,PpepV dat,TSB
15,D1,1.298,04202026,Δalr1_EV,Δalr1,EV,CDM20
15,D2,1.308,04202026,Δalr1_alr1,Δalr1,alr1,CDM20
15,D3,0.092,04202026,NB,NB,None,TSB
15,D4,1.159,04202026,Parent,Parent,None,TSB
15,D5,1.184,04202026,Parent_EV,Parent,EV,TSB
15,D6,1.299,04202026,Parent_Pdat dat,Parent,Pdat dat,TSB
15,D7,1.255,04202026,Parent_PpepV dat,Parent,PpepV dat,TSB
15,D8,1.279,04202026,Parent_alr1,Parent,alr1,TSB
15,D9,1.263,04202026,dat::Tn,dat::Tn,None,TSB
15,D10,1.226,04202026,dat::Tn_EV,dat::Tn,EV,TSB
15,D11,1.259,04202026,dat::Tn_Pdat dat,dat::Tn,Pdat dat,TSB
15,D12,1.284,04202026,dat::Tn_PpepV dat,dat::Tn,PpepV dat,TSB
15,E1,0.146,04202026,Δalr1_EV,Δalr1,EV,CDM19 - ala
15,E2,0.41,04202026,Δalr1_alr1,Δalr1,alr1,CDM19 - ala
15,E3,1.158,04202026,dat::Tn_alr1,dat::Tn,alr1,TSB
15,E4,1.138,04202026,Δalr1,Δalr1,None,TSB
15,E5,1.12,04202026,Δalr1_EV,Δalr1,EV,TSB
15,E6,1.181,04202026,Δalr1_alr1,Δalr1,alr1,TSB
15,F1,0.123,04202026,Δalr1_EV,Δalr1,EV,CDM19 - ala
15,F2,0.391,04202026,Δalr1_alr1,Δalr1,alr1,CDM19 - ala
15,F3,1.133,04202026,dat::Tn_alr1,dat::Tn,alr1,TSB
15,F4,1.105,04202026,Δalr1,Δalr1,None,TSB
15,F5,1.043,04202026,Δalr1_EV,Δalr1,EV,TSB
15,F6,1.157,04202026,Δalr1_alr1,Δalr1,alr1,TSB
15,G1,0.088,04202026,NB,NB,None,CDM19 - ala
15,G2,1.108,04202026,Parent,Parent,None,CDM19 - ala
15,G3,1.15,04202026,Parent_EV,Parent,EV,CDM19 - ala
15,G4,1.182,04202026,Parent_Pdat dat,Parent,Pdat dat,CDM19 - ala
15,G5,1.319,04202026,Parent_PpepV dat,Parent,PpepV dat,CDM19 - ala
15,G6,1.183,04202026,Parent_alr1,Parent,alr1,CDM19 - ala
15,G7,0.148,04202026,dat::Tn,dat::Tn,None,CDM19 - ala
15,G8,0.164,04202026,dat::Tn_EV,dat::Tn,EV,CDM19 - ala
15,G9,0.151,04202026,dat::Tn_Pdat dat,dat::Tn,Pdat dat,CDM19 - ala
15,G10,1.291,04202026,dat::Tn_PpepV dat,dat::Tn,PpepV dat,CDM19 - ala
15,G11,0.129,04202026,dat::Tn_alr1,dat::Tn,alr1,CDM19 - ala
15,G12,0.153,04202026,Δalr1,Δalr1,None,CDM19 - ala
15,H1,0.087,04202026,NB,NB,None,CDM19 - ala
15,H2,1.21,04202026,Parent,Parent,None,CDM19 - ala
15,H3,1.191,04202026,Parent_EV,Parent,EV,CDM19 - ala
15,H4,1.199,04202026,Parent_Pdat dat,Parent,Pdat dat,CDM19 - ala
15,H5,1.279,04202026,Parent_PpepV dat,Parent,PpepV dat,CDM19 - ala
15,H6,1.227,04202026,Parent_alr1,Parent,alr1,CDM19 - ala
15,H7,0.132,04202026,dat::Tn,dat::Tn,None,CDM19 - ala
15,H8,0.131,04202026,dat::Tn_EV,dat::Tn,EV,CDM19 - ala
15,H9,0.131,04202026,dat::Tn_Pdat dat,dat::Tn,Pdat dat,CDM19 - ala
15,H10,1.295,04202026,dat::Tn_PpepV dat,dat::Tn,PpepV dat,CDM19 - ala
15,H11,0.122,04202026,dat::Tn_alr1,dat::Tn,alr1,CDM19 - ala
15,H12,0.152,04202026,Δalr1,Δalr1,None,CDM19 - ala
16,A1,0.087,04202026,NB,NB,None,CDM20
16,A2,1.353,04202026,Parent,Parent,None,CDM20
16,A3,1.322,04202026,Parent_EV,Parent,EV,CDM20
16,A4,1.315,04202026,Parent_Pdat dat,Parent,Pdat dat,CDM20
16,A5,1.316,04202026,Parent_PpepV dat,Parent,PpepV dat,CDM20
16,A6,1.321,04202026,Parent_alr1,Parent,alr1,CDM20
16,A7,1.268,04202026,dat::Tn,dat::Tn,None,CDM20
16,A8,1.298,04202026,dat::Tn_EV,dat::Tn,EV,CDM20
16,A9,1.256,04202026,dat::Tn_Pdat dat,dat::Tn,Pdat dat,CDM20
16,A10,1.287,04202026,dat::Tn_PpepV dat,dat::Tn,PpepV dat,CDM20
16,A11,1.31,04202026,dat::Tn_alr1,dat::Tn,alr1,CDM20
16,A12,1.333,04202026,Δalr1,Δalr1,None,CDM20
16,B1,0.086,04202026,NB,NB,None,CDM20
16,B2,1.238,04202026,Parent,Parent,None,CDM20
16,B3,1.252,04202026,Parent_EV,Parent,EV,CDM20
16,B4,1.345,04202026,Parent_Pdat dat,Parent,Pdat dat,CDM20
16,B5,1.276,04202026,Parent_PpepV dat,Parent,PpepV dat,CDM20
16,B6,1.267,04202026,Parent_alr1,Parent,alr1,CDM20
16,B7,1.253,04202026,dat::Tn,dat::Tn,None,CDM20
16,B8,1.329,04202026,dat::Tn_EV,dat::Tn,EV,CDM20
16,B9,1.334,04202026,dat::Tn_Pdat dat,dat::Tn,Pdat dat,CDM20
16,B10,1.32,04202026,dat::Tn_PpepV dat,dat::Tn,PpepV dat,CDM20
16,B11,1.335,04202026,dat::Tn_alr1,dat::Tn,alr1,CDM20
16,B12,1.296,04202026,Δalr1,Δalr1,None,CDM20
16,C1,1.275,04202026,Δalr1_EV,Δalr1,EV,CDM20
16,C2,1.264,04202026,Δalr1_alr1,Δalr1,alr1,CDM20
16,C3,0.091,04202026,NB,NB,None,TSB
16,C4,1.221,04202026,Parent,Parent,None,TSB
16,C5,1.211,04202026,Parent_EV,Parent,EV,TSB
16,C6,1.28,04202026,Parent_Pdat dat,Parent,Pdat dat,TSB
16,C7,1.25,04202026,Parent_PpepV dat,Parent,PpepV dat,TSB
16,C8,1.279,04202026,Parent_alr1,Parent,alr1,TSB
16,C9,1.3,04202026,dat::Tn,dat::Tn,None,TSB
16,C10,1.314,04202026,dat::Tn_EV,dat::Tn,EV,TSB
16,C11,1.303,04202026,dat::Tn_Pdat dat,dat::Tn,Pdat dat,TSB
16,C12,1.305,04202026,dat::Tn_PpepV dat,dat::Tn,PpepV dat,TSB
16,D1,1.323,04202026,Δalr1_EV,Δalr1,EV,CDM20
16,D2,1.316,04202026,Δalr1_alr1,Δalr1,alr1,CDM20
16,D3,0.092,04202026,NB,NB,None,TSB
16,D4,1.17,04202026,Parent,Parent,None,TSB
16,D5,1.188,04202026,Parent_EV,Parent,EV,TSB
16,D6,1.305,04202026,Parent_Pdat dat,Parent,Pdat dat,TSB
16,D7,1.27,04202026,Parent_PpepV dat,Parent,PpepV dat,TSB
16,D8,1.283,04202026,Parent_alr1,Parent,alr1,TSB
16,D9,1.276,04202026,dat::Tn,dat::Tn,None,TSB
16,D10,1.24,04202026,dat::Tn_EV,dat::Tn,EV,TSB
16,D11,1.264,04202026,dat::Tn_Pdat dat,dat::Tn,Pdat dat,TSB
16,D12,1.296,04202026,dat::Tn_PpepV dat,dat::Tn,PpepV dat,TSB
16,E1,0.148,04202026,Δalr1_EV,Δalr1,EV,CDM19 - ala
16,E2,0.464,04202026,Δalr1_alr1,Δalr1,alr1,CDM19 - ala
16,E3,1.174,04202026,dat::Tn_alr1,dat::Tn,alr1,TSB
16,E4,1.135,04202026,Δalr1,Δalr1,None,TSB
16,E5,1.117,04202026,Δalr1_EV,Δalr1,EV,TSB
16,E6,1.198,04202026,Δalr1_alr1,Δalr1,alr1,TSB
16,F1,0.126,04202026,Δalr1_EV,Δalr1,EV,CDM19 - ala
16,F2,0.441,04202026,Δalr1_alr1,Δalr1,alr1,CDM19 - ala
16,F3,1.143,04202026,dat::Tn_alr1,dat::Tn,alr1,TSB
16,F4,1.111,04202026,Δalr1,Δalr1,None,TSB
16,F5,1.057,04202026,Δalr1_EV,Δalr1,EV,TSB
16,F6,1.17,04202026,Δalr1_alr1,Δalr1,alr1,TSB
16,G1,0.088,04202026,NB,NB,None,CDM19 - ala
16,G2,1.222,04202026,Parent,Parent,None,CDM19 - ala
16,G3,1.232,04202026,Parent_EV,Parent,EV,CDM19 - ala
16,G4,1.262,04202026,Parent_Pdat dat,Parent,Pdat dat,CDM19 - ala
16,G5,1.338,04202026,Parent_PpepV dat,Parent,PpepV dat,CDM19 - ala
16,G6,1.267,04202026,Parent_alr1,Parent,alr1,CDM19 - ala
16,G7,0.152,04202026,dat::Tn,dat::Tn,None,CDM19 - ala
16,G8,0.169,04202026,dat::Tn_EV,dat::Tn,EV,CDM19 - ala
16,G9,0.155,04202026,dat::Tn_Pdat dat,dat::Tn,Pdat dat,CDM19 - ala
16,G10,1.308,04202026,dat::Tn_PpepV dat,dat::Tn,PpepV dat,CDM19 - ala
16,G11,0.132,04202026,dat::Tn_alr1,dat::Tn,alr1,CDM19 - ala
16,G12,0.154,04202026,Δalr1,Δalr1,None,CDM19 - ala
16,H1,0.087,04202026,NB,NB,None,CDM19 - ala
16,H2,1.244,04202026,Parent,Parent,None,CDM19 - ala
16,H3,1.223,04202026,Parent_EV,Parent,EV,CDM19 - ala
16,H4,1.234,04202026,Parent_Pdat dat,Parent,Pdat dat,CDM19 - ala
16,H5,1.312,04202026,Parent_PpepV dat,Parent,PpepV dat,CDM19 - ala
16,H6,1.229,04202026,Parent_alr1,Parent,alr1,CDM19 - ala
16,H7,0.131,04202026,dat::Tn,dat::Tn,None,CDM19 - ala
16,H8,0.133,04202026,dat::Tn_EV,dat::Tn,EV,CDM19 - ala
16,H9,0.134,04202026,dat::Tn_Pdat dat,dat::Tn,Pdat dat,CDM19 - ala
16,H10,1.303,04202026,dat::Tn_PpepV dat,dat::Tn,PpepV dat,CDM19 - ala
16,H11,0.123,04202026,dat::Tn_alr1,dat::Tn,alr1,CDM19 - ala
16,H12,0.155,04202026,Δalr1,Δalr1,None,CDM19 - ala
17,A1,0.087,04202026,NB,NB,None,CDM20
17,A2,1.385,04202026,Parent,Parent,None,CDM20
17,A3,1.359,04202026,Parent_EV,Parent,EV,CDM20
17,A4,1.357,04202026,Parent_Pdat dat,Parent,Pdat dat,CDM20
17,A5,1.358,04202026,Parent_PpepV dat,Parent,PpepV dat,CDM20
17,A6,1.376,04202026,Parent_alr1,Parent,alr1,CDM20
17,A7,1.323,04202026,dat::Tn,dat::Tn,None,CDM20
17,A8,1.361,04202026,dat::Tn_EV,dat::Tn,EV,CDM20
17,A9,1.298,04202026,dat::Tn_Pdat dat,dat::Tn,Pdat dat,CDM20
17,A10,1.363,04202026,dat::Tn_PpepV dat,dat::Tn,PpepV dat,CDM20
17,A11,1.393,04202026,dat::Tn_alr1,dat::Tn,alr1,CDM20
17,A12,1.373,04202026,Δalr1,Δalr1,None,CDM20
17,B1,0.086,04202026,NB,NB,None,CDM20
17,B2,1.304,04202026,Parent,Parent,None,CDM20
17,B3,1.318,04202026,Parent_EV,Parent,EV,CDM20
17,B4,1.379,04202026,Parent_Pdat dat,Parent,Pdat dat,CDM20
17,B5,1.327,04202026,Parent_PpepV dat,Parent,PpepV dat,CDM20
17,B6,1.319,04202026,Parent_alr1,Parent,alr1,CDM20
17,B7,1.305,04202026,dat::Tn,dat::Tn,None,CDM20
17,B8,1.365,04202026,dat::Tn_EV,dat::Tn,EV,CDM20
17,B9,1.373,04202026,dat::Tn_Pdat dat,dat::Tn,Pdat dat,CDM20
17,B10,1.364,04202026,dat::Tn_PpepV dat,dat::Tn,PpepV dat,CDM20
17,B11,1.373,04202026,dat::Tn_alr1,dat::Tn,alr1,CDM20
17,B12,1.365,04202026,Δalr1,Δalr1,None,CDM20
17,C1,1.316,04202026,Δalr1_EV,Δalr1,EV,CDM20
17,C2,1.304,04202026,Δalr1_alr1,Δalr1,alr1,CDM20
17,C3,0.091,04202026,NB,NB,None,TSB
17,C4,1.25,04202026,Parent,Parent,None,TSB
17,C5,1.245,04202026,Parent_EV,Parent,EV,TSB
17,C6,1.293,04202026,Parent_Pdat dat,Parent,Pdat dat,TSB
17,C7,1.268,04202026,Parent_PpepV dat,Parent,PpepV dat,TSB
17,C8,1.301,04202026,Parent_alr1,Parent,alr1,TSB
17,C9,1.322,04202026,dat::Tn,dat::Tn,None,TSB
17,C10,1.327,04202026,dat::Tn_EV,dat::Tn,EV,TSB
17,C11,1.323,04202026,dat::Tn_Pdat dat,dat::Tn,Pdat dat,TSB
17,C12,1.333,04202026,dat::Tn_PpepV dat,dat::Tn,PpepV dat,TSB
17,D1,1.351,04202026,Δalr1_EV,Δalr1,EV,CDM20
17,D2,1.345,04202026,Δalr1_alr1,Δalr1,alr1,CDM20
17,D3,0.092,04202026,NB,NB,None,TSB
17,D4,1.195,04202026,Parent,Parent,None,TSB
17,D5,1.219,04202026,Parent_EV,Parent,EV,TSB
17,D6,1.309,04202026,Parent_Pdat dat,Parent,Pdat dat,TSB
17,D7,1.282,04202026,Parent_PpepV dat,Parent,PpepV dat,TSB
17,D8,1.298,04202026,Parent_alr1,Parent,alr1,TSB
17,D9,1.291,04202026,dat::Tn,dat::Tn,None,TSB
17,D10,1.261,04202026,dat::Tn_EV,dat::Tn,EV,TSB
17,D11,1.291,04202026,dat::Tn_Pdat dat,dat::Tn,Pdat dat,TSB
17,D12,1.322,04202026,dat::Tn_PpepV dat,dat::Tn,PpepV dat,TSB
17,E1,0.153,04202026,Δalr1_EV,Δalr1,EV,CDM19 - ala
17,E2,0.528,04202026,Δalr1_alr1,Δalr1,alr1,CDM19 - ala
17,E3,1.209,04202026,dat::Tn_alr1,dat::Tn,alr1,TSB
17,E4,1.146,04202026,Δalr1,Δalr1,None,TSB
17,E5,1.128,04202026,Δalr1_EV,Δalr1,EV,TSB
17,E6,1.245,04202026,Δalr1_alr1,Δalr1,alr1,TSB
17,F1,0.129,04202026,Δalr1_EV,Δalr1,EV,CDM19 - ala
17,F2,0.507,04202026,Δalr1_alr1,Δalr1,alr1,CDM19 - ala
17,F3,1.155,04202026,dat::Tn_alr1,dat::Tn,alr1,TSB
17,F4,1.116,04202026,Δalr1,Δalr1,None,TSB
17,F5,1.081,04202026,Δalr1_EV,Δalr1,EV,TSB
17,F6,1.201,04202026,Δalr1_alr1,Δalr1,alr1,TSB
17,G1,0.088,04202026,NB,NB,None,CDM19 - ala
17,G2,1.3,04202026,Parent,Parent,None,CDM19 - ala
17,G3,1.291,04202026,Parent_EV,Parent,EV,CDM19 - ala
17,G4,1.305,04202026,Parent_Pdat dat,Parent,Pdat dat,CDM19 - ala
17,G5,1.367,04202026,Parent_PpepV dat,Parent,PpepV dat,CDM19 - ala
17,G6,1.33,04202026,Parent_alr1,Parent,alr1,CDM19 - ala
17,G7,0.153,04202026,dat::Tn,dat::Tn,None,CDM19 - ala
17,G8,0.17,04202026,dat::Tn_EV,dat::Tn,EV,CDM19 - ala
17,G9,0.156,04202026,dat::Tn_Pdat dat,dat::Tn,Pdat dat,CDM19 - ala
17,G10,1.348,04202026,dat::Tn_PpepV dat,dat::Tn,PpepV dat,CDM19 - ala
17,G11,0.132,04202026,dat::Tn_alr1,dat::Tn,alr1,CDM19 - ala
17,G12,0.156,04202026,Δalr1,Δalr1,None,CDM19 - ala
17,H1,0.087,04202026,NB,NB,None,CDM19 - ala
17,H2,1.293,04202026,Parent,Parent,None,CDM19 - ala
17,H3,1.276,04202026,Parent_EV,Parent,EV,CDM19 - ala
17,H4,1.298,04202026,Parent_Pdat dat,Parent,Pdat dat,CDM19 - ala
17,H5,1.342,04202026,Parent_PpepV dat,Parent,PpepV dat,CDM19 - ala
17,H6,1.29,04202026,Parent_alr1,Parent,alr1,CDM19 - ala
17,H7,0.136,04202026,dat::Tn,dat::Tn,None,CDM19 - ala
17,H8,0.135,04202026,dat::Tn_EV,dat::Tn,EV,CDM19 - ala
17,H9,0.135,04202026,dat::Tn_Pdat dat,dat::Tn,Pdat dat,CDM19 - ala
17,H10,1.338,04202026,dat::Tn_PpepV dat,dat::Tn,PpepV dat,CDM19 - ala
17,H11,0.126,04202026,dat::Tn_alr1,dat::Tn,alr1,CDM19 - ala
17,H12,0.16,04202026,Δalr1,Δalr1,None,CDM19 - ala
18,A1,0.087,04202026,NB,NB,None,CDM20
18,A2,1.383,04202026,Parent,Parent,None,CDM20
18,A3,1.371,04202026,Parent_EV,Parent,EV,CDM20
18,A4,1.363,04202026,Parent_Pdat dat,Parent,Pdat dat,CDM20
18,A5,1.37,04202026,Parent_PpepV dat,Parent,PpepV dat,CDM20
18,A6,1.378,04202026,Parent_alr1,Parent,alr1,CDM20
18,A7,1.314,04202026,dat::Tn,dat::Tn,None,CDM20
18,A8,1.349,04202026,dat::Tn_EV,dat::Tn,EV,CDM20
18,A9,1.299,04202026,dat::Tn_Pdat dat,dat::Tn,Pdat dat,CDM20
18,A10,1.334,04202026,dat::Tn_PpepV dat,dat::Tn,PpepV dat,CDM20
18,A11,1.385,04202026,dat::Tn_alr1,dat::Tn,alr1,CDM20
18,A12,1.376,04202026,Δalr1,Δalr1,None,CDM20
18,B1,0.086,04202026,NB,NB,None,CDM20
18,B2,1.302,04202026,Parent,Parent,None,CDM20
18,B3,1.307,04202026,Parent_EV,Parent,EV,CDM20
18,B4,1.372,04202026,Parent_Pdat dat,Parent,Pdat dat,CDM20
18,B5,1.322,04202026,Parent_PpepV dat,Parent,PpepV dat,CDM20
18,B6,1.312,04202026,Parent_alr1,Parent,alr1,CDM20
18,B7,1.295,04202026,dat::Tn,dat::Tn,None,CDM20
18,B8,1.357,04202026,dat::Tn_EV,dat::Tn,EV,CDM20
18,B9,1.368,04202026,dat::Tn_Pdat dat,dat::Tn,Pdat dat,CDM20
18,B10,1.355,04202026,dat::Tn_PpepV dat,dat::Tn,PpepV dat,CDM20
18,B11,1.365,04202026,dat::Tn_alr1,dat::Tn,alr1,CDM20
18,B12,1.358,04202026,Δalr1,Δalr1,None,CDM20
18,C1,1.313,04202026,Δalr1_EV,Δalr1,EV,CDM20
18,C2,1.302,04202026,Δalr1_alr1,Δalr1,alr1,CDM20
18,C3,0.091,04202026,NB,NB,None,TSB
18,C4,1.255,04202026,Parent,Parent,None,TSB
18,C5,1.251,04202026,Parent_EV,Parent,EV,TSB
18,C6,1.294,04202026,Parent_Pdat dat,Parent,Pdat dat,TSB
18,C7,1.275,04202026,Parent_PpepV dat,Parent,PpepV dat,TSB
18,C8,1.309,04202026,Parent_alr1,Parent,alr1,TSB
18,C9,1.331,04202026,dat::Tn,dat::Tn,None,TSB
18,C10,1.33,04202026,dat::Tn_EV,dat::Tn,EV,TSB
18,C11,1.329,04202026,dat::Tn_Pdat dat,dat::Tn,Pdat dat,TSB
18,C12,1.342,04202026,dat::Tn_PpepV dat,dat::Tn,PpepV dat,TSB
18,D1,1.353,04202026,Δalr1_EV,Δalr1,EV,CDM20
18,D2,1.339,04202026,Δalr1_alr1,Δalr1,alr1,CDM20
18,D3,0.092,04202026,NB,NB,None,TSB
18,D4,1.201,04202026,Parent,Parent,None,TSB
18,D5,1.226,04202026,Parent_EV,Parent,EV,TSB
18,D6,1.318,04202026,Parent_Pdat dat,Parent,Pdat dat,TSB
18,D7,1.289,04202026,Parent_PpepV dat,Parent,PpepV dat,TSB
18,D8,1.305,04202026,Parent_alr1,Parent,alr1,TSB
18,D9,1.303,04202026,dat::Tn,dat::Tn,None,TSB
18,D10,1.273,04202026,dat::Tn_EV,dat::Tn,EV,TSB
18,D11,1.29,04202026,dat::Tn_Pdat dat,dat::Tn,Pdat dat,TSB
18,D12,1.333,04202026,dat::Tn_PpepV dat,dat::Tn,PpepV dat,TSB
18,E1,0.156,04202026,Δalr1_EV,Δalr1,EV,CDM19 - ala
18,E2,0.592,04202026,Δalr1_alr1,Δalr1,alr1,CDM19 - ala
18,E3,1.227,04202026,dat::Tn_alr1,dat::Tn,alr1,TSB
18,E4,1.155,04202026,Δalr1,Δalr1,None,TSB
18,E5,1.141,04202026,Δalr1_EV,Δalr1,EV,TSB
18,E6,1.244,04202026,Δalr1_alr1,Δalr1,alr1,TSB
18,F1,0.131,04202026,Δalr1_EV,Δalr1,EV,CDM19 - ala
18,F2,0.563,04202026,Δalr1_alr1,Δalr1,alr1,CDM19 - ala
18,F3,1.185,04202026,dat::Tn_alr1,dat::Tn,alr1,TSB
18,F4,1.129,04202026,Δalr1,Δalr1,None,TSB
18,F5,1.103,04202026,Δalr1_EV,Δalr1,EV,TSB
18,F6,1.218,04202026,Δalr1_alr1,Δalr1,alr1,TSB
18,G1,0.088,04202026,NB,NB,None,CDM19 - ala
18,G2,1.329,04202026,Parent,Parent,None,CDM19 - ala
18,G3,1.325,04202026,Parent_EV,Parent,EV,CDM19 - ala
18,G4,1.307,04202026,Parent_Pdat dat,Parent,Pdat dat,CDM19 - ala
18,G5,1.358,04202026,Parent_PpepV dat,Parent,PpepV dat,CDM19 - ala
18,G6,1.35,04202026,Parent_alr1,Parent,alr1,CDM19 - ala
18,G7,0.157,04202026,dat::Tn,dat::Tn,None,CDM19 - ala
18,G8,0.175,04202026,dat::Tn_EV,dat::Tn,EV,CDM19 - ala
18,G9,0.16,04202026,dat::Tn_Pdat dat,dat::Tn,Pdat dat,CDM19 - ala
18,G10,1.354,04202026,dat::Tn_PpepV dat,dat::Tn,PpepV dat,CDM19 - ala
18,G11,0.135,04202026,dat::Tn_alr1,dat::Tn,alr1,CDM19 - ala
18,G12,0.166,04202026,Δalr1,Δalr1,None,CDM19 - ala
18,H1,0.087,04202026,NB,NB,None,CDM19 - ala
18,H2,1.328,04202026,Parent,Parent,None,CDM19 - ala
18,H3,1.299,04202026,Parent_EV,Parent,EV,CDM19 - ala
18,H4,1.308,04202026,Parent_Pdat dat,Parent,Pdat dat,CDM19 - ala
18,H5,1.342,04202026,Parent_PpepV dat,Parent,PpepV dat,CDM19 - ala
18,H6,1.307,04202026,Parent_alr1,Parent,alr1,CDM19 - ala
18,H7,0.138,04202026,dat::Tn,dat::Tn,None,CDM19 - ala
18,H8,0.139,04202026,dat::Tn_EV,dat::Tn,EV,CDM19 - ala
18,H9,0.138,04202026,dat::Tn_Pdat dat,dat::Tn,Pdat dat,CDM19 - ala
18,H10,1.362,04202026,dat::Tn_PpepV dat,dat::Tn,PpepV dat,CDM19 - ala
18,H11,0.128,04202026,dat::Tn_alr1,dat::Tn,alr1,CDM19 - ala
18,H12,0.171,04202026,Δalr1,Δalr1,None,CDM19 - ala
19,A1,0.087,04202026,NB,NB,None,CDM20
19,A2,1.385,04202026,Parent,Parent,None,CDM20
19,A3,1.377,04202026,Parent_EV,Parent,EV,CDM20
19,A4,1.38,04202026,Parent_Pdat dat,Parent,Pdat dat,CDM20
19,A5,1.382,04202026,Parent_PpepV dat,Parent,PpepV dat,CDM20
19,A6,1.384,04202026,Parent_alr1,Parent,alr1,CDM20
19,A7,1.351,04202026,dat::Tn,dat::Tn,None,CDM20
19,A8,1.363,04202026,dat::Tn_EV,dat::Tn,EV,CDM20
19,A9,1.31,04202026,dat::Tn_Pdat dat,dat::Tn,Pdat dat,CDM20
19,A10,1.332,04202026,dat::Tn_PpepV dat,dat::Tn,PpepV dat,CDM20
19,A11,1.385,04202026,dat::Tn_alr1,dat::Tn,alr1,CDM20
19,A12,1.397,04202026,Δalr1,Δalr1,None,CDM20
19,B1,0.086,04202026,NB,NB,None,CDM20
19,B2,1.3,04202026,Parent,Parent,None,CDM20
19,B3,1.309,04202026,Parent_EV,Parent,EV,CDM20
19,B4,1.379,04202026,Parent_Pdat dat,Parent,Pdat dat,CDM20
19,B5,1.334,04202026,Parent_PpepV dat,Parent,PpepV dat,CDM20
19,B6,1.319,04202026,Parent_alr1,Parent,alr1,CDM20
19,B7,1.299,04202026,dat::Tn,dat::Tn,None,CDM20
19,B8,1.363,04202026,dat::Tn_EV,dat::Tn,EV,CDM20
19,B9,1.37,04202026,dat::Tn_Pdat dat,dat::Tn,Pdat dat,CDM20
19,B10,1.364,04202026,dat::Tn_PpepV dat,dat::Tn,PpepV dat,CDM20
19,B11,1.383,04202026,dat::Tn_alr1,dat::Tn,alr1,CDM20
19,B12,1.371,04202026,Δalr1,Δalr1,None,CDM20
19,C1,1.34,04202026,Δalr1_EV,Δalr1,EV,CDM20
19,C2,1.294,04202026,Δalr1_alr1,Δalr1,alr1,CDM20
19,C3,0.091,04202026,NB,NB,None,TSB
19,C4,1.268,04202026,Parent,Parent,None,TSB
19,C5,1.268,04202026,Parent_EV,Parent,EV,TSB
19,C6,1.31,04202026,Parent_Pdat dat,Parent,Pdat dat,TSB
19,C7,1.288,04202026,Parent_PpepV dat,Parent,PpepV dat,TSB
19,C8,1.311,04202026,Parent_alr1,Parent,alr1,TSB
19,C9,1.329,04202026,dat::Tn,dat::Tn,None,TSB
19,C10,1.328,04202026,dat::Tn_EV,dat::Tn,EV,TSB
19,C11,1.334,04202026,dat::Tn_Pdat dat,dat::Tn,Pdat dat,TSB
19,C12,1.351,04202026,dat::Tn_PpepV dat,dat::Tn,PpepV dat,TSB
19,D1,1.367,04202026,Δalr1_EV,Δalr1,EV,CDM20
19,D2,1.352,04202026,Δalr1_alr1,Δalr1,alr1,CDM20
19,D3,0.092,04202026,NB,NB,None,TSB
19,D4,1.218,04202026,Parent,Parent,None,TSB
19,D5,1.245,04202026,Parent_EV,Parent,EV,TSB
19,D6,1.331,04202026,Parent_Pdat dat,Parent,Pdat dat,TSB
19,D7,1.301,04202026,Parent_PpepV dat,Parent,PpepV dat,TSB
19,D8,1.316,04202026,Parent_alr1,Parent,alr1,TSB
19,D9,1.305,04202026,dat::Tn,dat::Tn,None,TSB
19,D10,1.279,04202026,dat::Tn_EV,dat::Tn,EV,TSB
19,D11,1.301,04202026,dat::Tn_Pdat dat,dat::Tn,Pdat dat,TSB
19,D12,1.343,04202026,dat::Tn_PpepV dat,dat::Tn,PpepV dat,TSB
19,E1,0.161,04202026,Δalr1_EV,Δalr1,EV,CDM19 - ala
19,E2,0.662,04202026,Δalr1_alr1,Δalr1,alr1,CDM19 - ala
19,E3,1.244,04202026,dat::Tn_alr1,dat::Tn,alr1,TSB
19,E4,1.169,04202026,Δalr1,Δalr1,None,TSB
19,E5,1.161,04202026,Δalr1_EV,Δalr1,EV,TSB
19,E6,1.248,04202026,Δalr1_alr1,Δalr1,alr1,TSB
19,F1,0.134,04202026,Δalr1_EV,Δalr1,EV,CDM19 - ala
19,F2,0.629,04202026,Δalr1_alr1,Δalr1,alr1,CDM19 - ala
19,F3,1.212,04202026,dat::Tn_alr1,dat::Tn,alr1,TSB
19,F4,1.149,04202026,Δalr1,Δalr1,None,TSB
19,F5,1.122,04202026,Δalr1_EV,Δalr1,EV,TSB
19,F6,1.236,04202026,Δalr1_alr1,Δalr1,alr1,TSB
19,G1,0.088,04202026,NB,NB,None,CDM19 - ala
19,G2,1.371,04202026,Parent,Parent,None,CDM19 - ala
19,G3,1.357,04202026,Parent_EV,Parent,EV,CDM19 - ala
19,G4,1.346,04202026,Parent_Pdat dat,Parent,Pdat dat,CDM19 - ala
19,G5,1.368,04202026,Parent_PpepV dat,Parent,PpepV dat,CDM19 - ala
19,G6,1.381,04202026,Parent_alr1,Parent,alr1,CDM19 - ala
19,G7,0.157,04202026,dat::Tn,dat::Tn,None,CDM19 - ala
19,G8,0.175,04202026,dat::Tn_EV,dat::Tn,EV,CDM19 - ala
19,G9,0.161,04202026,dat::Tn_Pdat dat,dat::Tn,Pdat dat,CDM19 - ala
19,G10,1.374,04202026,dat::Tn_PpepV dat,dat::Tn,PpepV dat,CDM19 - ala
19,G11,0.136,04202026,dat::Tn_alr1,dat::Tn,alr1,CDM19 - ala
19,G12,0.175,04202026,Δalr1,Δalr1,None,CDM19 - ala
19,H1,0.087,04202026,NB,NB,None,CDM19 - ala
19,H2,1.351,04202026,Parent,Parent,None,CDM19 - ala
19,H3,1.328,04202026,Parent_EV,Parent,EV,CDM19 - ala
19,H4,1.335,04202026,Parent_Pdat dat,Parent,Pdat dat,CDM19 - ala
19,H5,1.347,04202026,Parent_PpepV dat,Parent,PpepV dat,CDM19 - ala
19,H6,1.341,04202026,Parent_alr1,Parent,alr1,CDM19 - ala
19,H7,0.137,04202026,dat::Tn,dat::Tn,None,CDM19 - ala
19,H8,0.14,04202026,dat::Tn_EV,dat::Tn,EV,CDM19 - ala
19,H9,0.138,04202026,dat::Tn_Pdat dat,dat::Tn,Pdat dat,CDM19 - ala
19,H10,1.367,04202026,dat::Tn_PpepV dat,dat::Tn,PpepV dat,CDM19 - ala
19,H11,0.128,04202026,dat::Tn_alr1,dat::Tn,alr1,CDM19 - ala
19,H12,0.184,04202026,Δalr1,Δalr1,None,CDM19 - ala
20,A1,0.087,04202026,NB,NB,None,CDM20
20,A2,1.397,04202026,Parent,Parent,None,CDM20
20,A3,1.378,04202026,Parent_EV,Parent,EV,CDM20
20,A4,1.367,04202026,Parent_Pdat dat,Parent,Pdat dat,CDM20
20,A5,1.387,04202026,Parent_PpepV dat,Parent,PpepV dat,CDM20
20,A6,1.383,04202026,Parent_alr1,Parent,alr1,CDM20
20,A7,1.37,04202026,dat::Tn,dat::Tn,None,CDM20
20,A8,1.373,04202026,dat::Tn_EV,dat::Tn,EV,CDM20
20,A9,1.389,04202026,dat::Tn_Pdat dat,dat::Tn,Pdat dat,CDM20
20,A10,1.379,04202026,dat::Tn_PpepV dat,dat::Tn,PpepV dat,CDM20
20,A11,1.432,04202026,dat::Tn_alr1,dat::Tn,alr1,CDM20
20,A12,1.405,04202026,Δalr1,Δalr1,None,CDM20
20,B1,0.086,04202026,NB,NB,None,CDM20
20,B2,1.303,04202026,Parent,Parent,None,CDM20
20,B3,1.303,04202026,Parent_EV,Parent,EV,CDM20
20,B4,1.381,04202026,Parent_Pdat dat,Parent,Pdat dat,CDM20
20,B5,1.336,04202026,Parent_PpepV dat,Parent,PpepV dat,CDM20
20,B6,1.323,04202026,Parent_alr1,Parent,alr1,CDM20
20,B7,1.299,04202026,dat::Tn,dat::Tn,None,CDM20
20,B8,1.376,04202026,dat::Tn_EV,dat::Tn,EV,CDM20
20,B9,1.385,04202026,dat::Tn_Pdat dat,dat::Tn,Pdat dat,CDM20
20,B10,1.381,04202026,dat::Tn_PpepV dat,dat::Tn,PpepV dat,CDM20
20,B11,1.399,04202026,dat::Tn_alr1,dat::Tn,alr1,CDM20
20,B12,1.37,04202026,Δalr1,Δalr1,None,CDM20
20,C1,1.343,04202026,Δalr1_EV,Δalr1,EV,CDM20
20,C2,1.291,04202026,Δalr1_alr1,Δalr1,alr1,CDM20
20,C3,0.091,04202026,NB,NB,None,TSB
20,C4,1.278,04202026,Parent,Parent,None,TSB
20,C5,1.286,04202026,Parent_EV,Parent,EV,TSB
20,C6,1.315,04202026,Parent_Pdat dat,Parent,Pdat dat,TSB
20,C7,1.313,04202026,Parent_PpepV dat,Parent,PpepV dat,TSB
20,C8,1.31,04202026,Parent_alr1,Parent,alr1,TSB
20,C9,1.331,04202026,dat::Tn,dat::Tn,None,TSB
20,C10,1.336,04202026,dat::Tn_EV,dat::Tn,EV,TSB
20,C11,1.342,04202026,dat::Tn_Pdat dat,dat::Tn,Pdat dat,TSB
20,C12,1.341,04202026,dat::Tn_PpepV dat,dat::Tn,PpepV dat,TSB
20,D1,1.336,04202026,Δalr1_EV,Δalr1,EV,CDM20
20,D2,1.351,04202026,Δalr1_alr1,Δalr1,alr1,CDM20
20,D3,0.092,04202026,NB,NB,None,TSB
20,D4,1.23,04202026,Parent,Parent,None,TSB
20,D5,1.273,04202026,Parent_EV,Parent,EV,TSB
20,D6,1.347,04202026,Parent_Pdat dat,Parent,Pdat dat,TSB
20,D7,1.315,04202026,Parent_PpepV dat,Parent,PpepV dat,TSB
20,D8,1.324,04202026,Parent_alr1,Parent,alr1,TSB
20,D9,1.309,04202026,dat::Tn,dat::Tn,None,TSB
20,D10,1.29,04202026,dat::Tn_EV,dat::Tn,EV,TSB
20,D11,1.328,04202026,dat::Tn_Pdat dat,dat::Tn,Pdat dat,TSB
20,D12,1.334,04202026,dat::Tn_PpepV dat,dat::Tn,PpepV dat,TSB
20,E1,0.172,04202026,Δalr1_EV,Δalr1,EV,CDM19 - ala
20,E2,0.742,04202026,Δalr1_alr1,Δalr1,alr1,CDM19 - ala
20,E3,1.262,04202026,dat::Tn_alr1,dat::Tn,alr1,TSB
20,E4,1.185,04202026,Δalr1,Δalr1,None,TSB
20,E5,1.19,04202026,Δalr1_EV,Δalr1,EV,TSB
20,E6,1.264,04202026,Δalr1_alr1,Δalr1,alr1,TSB
20,F1,0.137,04202026,Δalr1_EV,Δalr1,EV,CDM19 - ala
20,F2,0.706,04202026,Δalr1_alr1,Δalr1,alr1,CDM19 - ala
20,F3,1.232,04202026,dat::Tn_alr1,dat::Tn,alr1,TSB
20,F4,1.162,04202026,Δalr1,Δalr1,None,TSB
20,F5,1.139,04202026,Δalr1_EV,Δalr1,EV,TSB
20,F6,1.252,04202026,Δalr1_alr1,Δalr1,alr1,TSB
20,G1,0.088,04202026,NB,NB,None,CDM19 - ala
20,G2,1.408,04202026,Parent,Parent,None,CDM19 - ala
20,G3,1.399,04202026,Parent_EV,Parent,EV,CDM19 - ala
20,G4,1.352,04202026,Parent_Pdat dat,Parent,Pdat dat,CDM19 - ala
20,G5,1.368,04202026,Parent_PpepV dat,Parent,PpepV dat,CDM19 - ala
20,G6,1.425,04202026,Parent_alr1,Parent,alr1,CDM19 - ala
20,G7,0.159,04202026,dat::Tn,dat::Tn,None,CDM19 - ala
20,G8,0.178,04202026,dat::Tn_EV,dat::Tn,EV,CDM19 - ala
20,G9,0.163,04202026,dat::Tn_Pdat dat,dat::Tn,Pdat dat,CDM19 - ala
20,G10,1.404,04202026,dat::Tn_PpepV dat,dat::Tn,PpepV dat,CDM19 - ala
20,G11,0.141,04202026,dat::Tn_alr1,dat::Tn,alr1,CDM19 - ala
20,G12,0.191,04202026,Δalr1,Δalr1,None,CDM19 - ala
20,H1,0.087,04202026,NB,NB,None,CDM19 - ala
20,H2,1.405,04202026,Parent,Parent,None,CDM19 - ala
20,H3,1.375,04202026,Parent_EV,Parent,EV,CDM19 - ala
20,H4,1.39,04202026,Parent_Pdat dat,Parent,Pdat dat,CDM19 - ala
20,H5,1.359,04202026,Parent_PpepV dat,Parent,PpepV dat,CDM19 - ala
20,H6,1.369,04202026,Parent_alr1,Parent,alr1,CDM19 - ala
20,H7,0.134,04202026,dat::Tn,dat::Tn,None,CDM19 - ala
20,H8,0.145,04202026,dat::Tn_EV,dat::Tn,EV,CDM19 - ala
20,H9,0.141,04202026,dat::Tn_Pdat dat,dat::Tn,Pdat dat,CDM19 - ala
20,H10,1.413,04202026,dat::Tn_PpepV dat,dat::Tn,PpepV dat,CDM19 - ala
20,H11,0.129,04202026,dat::Tn_alr1,dat::Tn,alr1,CDM19 - ala
20,H12,0.204,04202026,Δalr1,Δalr1,None,CDM19 - ala
21,A1,0.087,04202026,NB,NB,None,CDM20
21,A2,1.4,04202026,Parent,Parent,None,CDM20
21,A3,1.385,04202026,Parent_EV,Parent,EV,CDM20
21,A4,1.388,04202026,Parent_Pdat dat,Parent,Pdat dat,CDM20
21,A5,1.394,04202026,Parent_PpepV dat,Parent,PpepV dat,CDM20
21,A6,1.386,04202026,Parent_alr1,Parent,alr1,CDM20
21,A7,1.385,04202026,dat::Tn,dat::Tn,None,CDM20
21,A8,1.357,04202026,dat::Tn_EV,dat::Tn,EV,CDM20
21,A9,1.323,04202026,dat::Tn_Pdat dat,dat::Tn,Pdat dat,CDM20
21,A10,1.317,04202026,dat::Tn_PpepV dat,dat::Tn,PpepV dat,CDM20
21,A11,1.402,04202026,dat::Tn_alr1,dat::Tn,alr1,CDM20
21,A12,1.403,04202026,Δalr1,Δalr1,None,CDM20
21,B1,0.086,04202026,NB,NB,None,CDM20
21,B2,1.299,04202026,Parent,Parent,None,CDM20
21,B3,1.306,04202026,Parent_EV,Parent,EV,CDM20
21,B4,1.366,04202026,Parent_Pdat dat,Parent,Pdat dat,CDM20
21,B5,1.332,04202026,Parent_PpepV dat,Parent,PpepV dat,CDM20
21,B6,1.313,04202026,Parent_alr1,Parent,alr1,CDM20
21,B7,1.285,04202026,dat::Tn,dat::Tn,None,CDM20
21,B8,1.358,04202026,dat::Tn_EV,dat::Tn,EV,CDM20
21,B9,1.369,04202026,dat::Tn_Pdat dat,dat::Tn,Pdat dat,CDM20
21,B10,1.367,04202026,dat::Tn_PpepV dat,dat::Tn,PpepV dat,CDM20
21,B11,1.377,04202026,dat::Tn_alr1,dat::Tn,alr1,CDM20
21,B12,1.393,04202026,Δalr1,Δalr1,None,CDM20
21,C1,1.319,04202026,Δalr1_EV,Δalr1,EV,CDM20
21,C2,1.294,04202026,Δalr1_alr1,Δalr1,alr1,CDM20
21,C3,0.091,04202026,NB,NB,None,TSB
21,C4,1.271,04202026,Parent,Parent,None,TSB
21,C5,1.276,04202026,Parent_EV,Parent,EV,TSB
21,C6,1.309,04202026,Parent_Pdat dat,Parent,Pdat dat,TSB
21,C7,1.314,04202026,Parent_PpepV dat,Parent,PpepV dat,TSB
21,C8,1.313,04202026,Parent_alr1,Parent,alr1,TSB
21,C9,1.339,04202026,dat::Tn,dat::Tn,None,TSB
21,C10,1.34,04202026,dat::Tn_EV,dat::Tn,EV,TSB
21,C11,1.346,04202026,dat::Tn_Pdat dat,dat::Tn,Pdat dat,TSB
21,C12,1.341,04202026,dat::Tn_PpepV dat,dat::Tn,PpepV dat,TSB
21,D1,1.369,04202026,Δalr1_EV,Δalr1,EV,CDM20
21,D2,1.337,04202026,Δalr1_alr1,Δalr1,alr1,CDM20
21,D3,0.092,04202026,NB,NB,None,TSB
21,D4,1.239,04202026,Parent,Parent,None,TSB
21,D5,1.276,04202026,Parent_EV,Parent,EV,TSB
21,D6,1.355,04202026,Parent_Pdat dat,Parent,Pdat dat,TSB
21,D7,1.324,04202026,Parent_PpepV dat,Parent,PpepV dat,TSB
21,D8,1.321,04202026,Parent_alr1,Parent,alr1,TSB
21,D9,1.311,04202026,dat::Tn,dat::Tn,None,TSB
21,D10,1.292,04202026,dat::Tn_EV,dat::Tn,EV,TSB
21,D11,1.324,04202026,dat::Tn_Pdat dat,dat::Tn,Pdat dat,TSB
21,D12,1.33,04202026,dat::Tn_PpepV dat,dat::Tn,PpepV dat,TSB
21,E1,0.181,04202026,Δalr1_EV,Δalr1,EV,CDM19 - ala
21,E2,0.822,04202026,Δalr1_alr1,Δalr1,alr1,CDM19 - ala
21,E3,1.259,04202026,dat::Tn_alr1,dat::Tn,alr1,TSB
21,E4,1.19,04202026,Δalr1,Δalr1,None,TSB
21,E5,1.187,04202026,Δalr1_EV,Δalr1,EV,TSB
21,E6,1.253,04202026,Δalr1_alr1,Δalr1,alr1,TSB
21,F1,0.14,04202026,Δalr1_EV,Δalr1,EV,CDM19 - ala
21,F2,0.786,04202026,Δalr1_alr1,Δalr1,alr1,CDM19 - ala
21,F3,1.24,04202026,dat::Tn_alr1,dat::Tn,alr1,TSB
21,F4,1.169,04202026,Δalr1,Δalr1,None,TSB
21,F5,1.148,04202026,Δalr1_EV,Δalr1,EV,TSB
21,F6,1.241,04202026,Δalr1_alr1,Δalr1,alr1,TSB
21,G1,0.088,04202026,NB,NB,None,CDM19 - ala
21,G2,1.412,04202026,Parent,Parent,None,CDM19 - ala
21,G3,1.397,04202026,Parent_EV,Parent,EV,CDM19 - ala
21,G4,1.35,04202026,Parent_Pdat dat,Parent,Pdat dat,CDM19 - ala
21,G5,1.368,04202026,Parent_PpepV dat,Parent,PpepV dat,CDM19 - ala
21,G6,1.423,04202026,Parent_alr1,Parent,alr1,CDM19 - ala
21,G7,0.164,04202026,dat::Tn,dat::Tn,None,CDM19 - ala
21,G8,0.184,04202026,dat::Tn_EV,dat::Tn,EV,CDM19 - ala
21,G9,0.169,04202026,dat::Tn_Pdat dat,dat::Tn,Pdat dat,CDM19 - ala
21,G10,1.403,04202026,dat::Tn_PpepV dat,dat::Tn,PpepV dat,CDM19 - ala
21,G11,0.143,04202026,dat::Tn_alr1,dat::Tn,alr1,CDM19 - ala
21,G12,0.205,04202026,Δalr1,Δalr1,None,CDM19 - ala
21,H1,0.087,04202026,NB,NB,None,CDM19 - ala
21,H2,1.405,04202026,Parent,Parent,None,CDM19 - ala
21,H3,1.363,04202026,Parent_EV,Parent,EV,CDM19 - ala
21,H4,1.366,04202026,Parent_Pdat dat,Parent,Pdat dat,CDM19 - ala
21,H5,1.352,04202026,Parent_PpepV dat,Parent,PpepV dat,CDM19 - ala
21,H6,1.395,04202026,Parent_alr1,Parent,alr1,CDM19 - ala
21,H7,0.132,04202026,dat::Tn,dat::Tn,None,CDM19 - ala
21,H8,0.153,04202026,dat::Tn_EV,dat::Tn,EV,CDM19 - ala
21,H9,0.143,04202026,dat::Tn_Pdat dat,dat::Tn,Pdat dat,CDM19 - ala
21,H10,1.407,04202026,dat::Tn_PpepV dat,dat::Tn,PpepV dat,CDM19 - ala
21,H11,0.13,04202026,dat::Tn_alr1,dat::Tn,alr1,CDM19 - ala
21,H12,0.224,04202026,Δalr1,Δalr1,None,CDM19 - ala
22,A1,0.087,04202026,NB,NB,None,CDM20
22,A2,1.393,04202026,Parent,Parent,None,CDM20
22,A3,1.357,04202026,Parent_EV,Parent,EV,CDM20
22,A4,1.366,04202026,Parent_Pdat dat,Parent,Pdat dat,CDM20
22,A5,1.384,04202026,Parent_PpepV dat,Parent,PpepV dat,CDM20
22,A6,1.361,04202026,Parent_alr1,Parent,alr1,CDM20
22,A7,1.358,04202026,dat::Tn,dat::Tn,None,CDM20
22,A8,1.354,04202026,dat::Tn_EV,dat::Tn,EV,CDM20
22,A9,1.361,04202026,dat::Tn_Pdat dat,dat::Tn,Pdat dat,CDM20
22,A10,1.321,04202026,dat::Tn_PpepV dat,dat::Tn,PpepV dat,CDM20
22,A11,1.405,04202026,dat::Tn_alr1,dat::Tn,alr1,CDM20
22,A12,1.427,04202026,Δalr1,Δalr1,None,CDM20
22,B1,0.086,04202026,NB,NB,None,CDM20
22,B2,1.3,04202026,Parent,Parent,None,CDM20
22,B3,1.308,04202026,Parent_EV,Parent,EV,CDM20
22,B4,1.378,04202026,Parent_Pdat dat,Parent,Pdat dat,CDM20
22,B5,1.327,04202026,Parent_PpepV dat,Parent,PpepV dat,CDM20
22,B6,1.313,04202026,Parent_alr1,Parent,alr1,CDM20
22,B7,1.27,04202026,dat::Tn,dat::Tn,None,CDM20
22,B8,1.381,04202026,dat::Tn_EV,dat::Tn,EV,CDM20
22,B9,1.36,04202026,dat::Tn_Pdat dat,dat::Tn,Pdat dat,CDM20
22,B10,1.353,04202026,dat::Tn_PpepV dat,dat::Tn,PpepV dat,CDM20
22,B11,1.357,04202026,dat::Tn_alr1,dat::Tn,alr1,CDM20
22,B12,1.386,04202026,Δalr1,Δalr1,None,CDM20
22,C1,1.339,04202026,Δalr1_EV,Δalr1,EV,CDM20
22,C2,1.288,04202026,Δalr1_alr1,Δalr1,alr1,CDM20
22,C3,0.091,04202026,NB,NB,None,TSB
22,C4,1.283,04202026,Parent,Parent,None,TSB
22,C5,1.28,04202026,Parent_EV,Parent,EV,TSB
22,C6,1.31,04202026,Parent_Pdat dat,Parent,Pdat dat,TSB
22,C7,1.321,04202026,Parent_PpepV dat,Parent,PpepV dat,TSB
22,C8,1.316,04202026,Parent_alr1,Parent,alr1,TSB
22,C9,1.337,04202026,dat::Tn,dat::Tn,None,TSB
22,C10,1.337,04202026,dat::Tn_EV,dat::Tn,EV,TSB
22,C11,1.347,04202026,dat::Tn_Pdat dat,dat::Tn,Pdat dat,TSB
22,C12,1.346,04202026,dat::Tn_PpepV dat,dat::Tn,PpepV dat,TSB
22,D1,1.358,04202026,Δalr1_EV,Δalr1,EV,CDM20
22,D2,1.341,04202026,Δalr1_alr1,Δalr1,alr1,CDM20
22,D3,0.092,04202026,NB,NB,None,TSB
22,D4,1.246,04202026,Parent,Parent,None,TSB
22,D5,1.276,04202026,Parent_EV,Parent,EV,TSB
22,D6,1.342,04202026,Parent_Pdat dat,Parent,Pdat dat,TSB
22,D7,1.339,04202026,Parent_PpepV dat,Parent,PpepV dat,TSB
22,D8,1.324,04202026,Parent_alr1,Parent,alr1,TSB
22,D9,1.304,04202026,dat::Tn,dat::Tn,None,TSB
22,D10,1.287,04202026,dat::Tn_EV,dat::Tn,EV,TSB
22,D11,1.341,04202026,dat::Tn_Pdat dat,dat::Tn,Pdat dat,TSB
22,D12,1.334,04202026,dat::Tn_PpepV dat,dat::Tn,PpepV dat,TSB
22,E1,0.194,04202026,Δalr1_EV,Δalr1,EV,CDM19 - ala
22,E2,0.905,04202026,Δalr1_alr1,Δalr1,alr1,CDM19 - ala
22,E3,1.264,04202026,dat::Tn_alr1,dat::Tn,alr1,TSB
22,E4,1.202,04202026,Δalr1,Δalr1,None,TSB
22,E5,1.196,04202026,Δalr1_EV,Δalr1,EV,TSB
22,E6,1.258,04202026,Δalr1_alr1,Δalr1,alr1,TSB
22,F1,0.144,04202026,Δalr1_EV,Δalr1,EV,CDM19 - ala
22,F2,0.872,04202026,Δalr1_alr1,Δalr1,alr1,CDM19 - ala
22,F3,1.254,04202026,dat::Tn_alr1,dat::Tn,alr1,TSB
22,F4,1.18,04202026,Δalr1,Δalr1,None,TSB
22,F5,1.161,04202026,Δalr1_EV,Δalr1,EV,TSB
22,F6,1.243,04202026,Δalr1_alr1,Δalr1,alr1,TSB
22,G1,0.088,04202026,NB,NB,None,CDM19 - ala
22,G2,1.427,04202026,Parent,Parent,None,CDM19 - ala
22,G3,1.41,04202026,Parent_EV,Parent,EV,CDM19 - ala
22,G4,1.361,04202026,Parent_Pdat dat,Parent,Pdat dat,CDM19 - ala
22,G5,1.373,04202026,Parent_PpepV dat,Parent,PpepV dat,CDM19 - ala
22,G6,1.438,04202026,Parent_alr1,Parent,alr1,CDM19 - ala
22,G7,0.163,04202026,dat::Tn,dat::Tn,None,CDM19 - ala
22,G8,0.186,04202026,dat::Tn_EV,dat::Tn,EV,CDM19 - ala
22,G9,0.17,04202026,dat::Tn_Pdat dat,dat::Tn,Pdat dat,CDM19 - ala
22,G10,1.426,04202026,dat::Tn_PpepV dat,dat::Tn,PpepV dat,CDM19 - ala
22,G11,0.146,04202026,dat::Tn_alr1,dat::Tn,alr1,CDM19 - ala
22,G12,0.22,04202026,Δalr1,Δalr1,None,CDM19 - ala
22,H1,0.087,04202026,NB,NB,None,CDM19 - ala
22,H2,1.422,04202026,Parent,Parent,None,CDM19 - ala
22,H3,1.37,04202026,Parent_EV,Parent,EV,CDM19 - ala
22,H4,1.353,04202026,Parent_Pdat dat,Parent,Pdat dat,CDM19 - ala
22,H5,1.337,04202026,Parent_PpepV dat,Parent,PpepV dat,CDM19 - ala
22,H6,1.411,04202026,Parent_alr1,Parent,alr1,CDM19 - ala
22,H7,0.129,04202026,dat::Tn,dat::Tn,None,CDM19 - ala
22,H8,0.163,04202026,dat::Tn_EV,dat::Tn,EV,CDM19 - ala
22,H9,0.145,04202026,dat::Tn_Pdat dat,dat::Tn,Pdat dat,CDM19 - ala
22,H10,1.421,04202026,dat::Tn_PpepV dat,dat::Tn,PpepV dat,CDM19 - ala
22,H11,0.128,04202026,dat::Tn_alr1,dat::Tn,alr1,CDM19 - ala
22,H12,0.244,04202026,Δalr1,Δalr1,None,CDM19 - ala
NA,A1,NA,04202026,NB,NB,None,CDM20
NA,A2,NA,04202026,Parent,Parent,None,CDM20
NA,A3,NA,04202026,Parent_EV,Parent,EV,CDM20
NA,A4,NA,04202026,Parent_Pdat dat,Parent,Pdat dat,CDM20
NA,A5,NA,04202026,Parent_PpepV dat,Parent,PpepV dat,CDM20
NA,A6,NA,04202026,Parent_alr1,Parent,alr1,CDM20
NA,A7,NA,04202026,dat::Tn,dat::Tn,None,CDM20
NA,A8,NA,04202026,dat::Tn_EV,dat::Tn,EV,CDM20
NA,A9,NA,04202026,dat::Tn_Pdat dat,dat::Tn,Pdat dat,CDM20
NA,A10,NA,04202026,dat::Tn_PpepV dat,dat::Tn,PpepV dat,CDM20
NA,A11,NA,04202026,dat::Tn_alr1,dat::Tn,alr1,CDM20
NA,A12,NA,04202026,Δalr1,Δalr1,None,CDM20
NA,B1,NA,04202026,NB,NB,None,CDM20
NA,B2,NA,04202026,Parent,Parent,None,CDM20
NA,B3,NA,04202026,Parent_EV,Parent,EV,CDM20
NA,B4,NA,04202026,Parent_Pdat dat,Parent,Pdat dat,CDM20
NA,B5,NA,04202026,Parent_PpepV dat,Parent,PpepV dat,CDM20
NA,B6,NA,04202026,Parent_alr1,Parent,alr1,CDM20
NA,B7,NA,04202026,dat::Tn,dat::Tn,None,CDM20
NA,B8,NA,04202026,dat::Tn_EV,dat::Tn,EV,CDM20
NA,B9,NA,04202026,dat::Tn_Pdat dat,dat::Tn,Pdat dat,CDM20
NA,B10,NA,04202026,dat::Tn_PpepV dat,dat::Tn,PpepV dat,CDM20
NA,B11,NA,04202026,dat::Tn_alr1,dat::Tn,alr1,CDM20
NA,B12,NA,04202026,Δalr1,Δalr1,None,CDM20
NA,C1,NA,04202026,Δalr1_EV,Δalr1,EV,CDM20
NA,C2,NA,04202026,Δalr1_alr1,Δalr1,alr1,CDM20
NA,C3,NA,04202026,NB,NB,None,TSB
NA,C4,NA,04202026,Parent,Parent,None,TSB
NA,C5,NA,04202026,Parent_EV,Parent,EV,TSB
NA,C6,NA,04202026,Parent_Pdat dat,Parent,Pdat dat,TSB
NA,C7,NA,04202026,Parent_PpepV dat,Parent,PpepV dat,TSB
NA,C8,NA,04202026,Parent_alr1,Parent,alr1,TSB
NA,C9,NA,04202026,dat::Tn,dat::Tn,None,TSB
NA,C10,NA,04202026,dat::Tn_EV,dat::Tn,EV,TSB
NA,C11,NA,04202026,dat::Tn_Pdat dat,dat::Tn,Pdat dat,TSB
NA,C12,NA,04202026,dat::Tn_PpepV dat,dat::Tn,PpepV dat,TSB
NA,D1,NA,04202026,Δalr1_EV,Δalr1,EV,CDM20
NA,D2,NA,04202026,Δalr1_alr1,Δalr1,alr1,CDM20
NA,D3,NA,04202026,NB,NB,None,TSB
NA,D4,NA,04202026,Parent,Parent,None,TSB
NA,D5,NA,04202026,Parent_EV,Parent,EV,TSB
NA,D6,NA,04202026,Parent_Pdat dat,Parent,Pdat dat,TSB
NA,D7,NA,04202026,Parent_PpepV dat,Parent,PpepV dat,TSB
NA,D8,NA,04202026,Parent_alr1,Parent,alr1,TSB
NA,D9,NA,04202026,dat::Tn,dat::Tn,None,TSB
NA,D10,NA,04202026,dat::Tn_EV,dat::Tn,EV,TSB
NA,D11,NA,04202026,dat::Tn_Pdat dat,dat::Tn,Pdat dat,TSB
NA,D12,NA,04202026,dat::Tn_PpepV dat,dat::Tn,PpepV dat,TSB
NA,E1,NA,04202026,Δalr1_EV,Δalr1,EV,CDM19 - ala
NA,E2,NA,04202026,Δalr1_alr1,Δalr1,alr1,CDM19 - ala
NA,E3,NA,04202026,dat::Tn_alr1,dat::Tn,alr1,TSB
NA,E4,NA,04202026,Δalr1,Δalr1,None,TSB
NA,E5,NA,04202026,Δalr1_EV,Δalr1,EV,TSB
NA,E6,NA,04202026,Δalr1_alr1,Δalr1,alr1,TSB
NA,F1,NA,04202026,Δalr1_EV,Δalr1,EV,CDM19 - ala
NA,F2,NA,04202026,Δalr1_alr1,Δalr1,alr1,CDM19 - ala
NA,F3,NA,04202026,dat::Tn_alr1,dat::Tn,alr1,TSB
NA,F4,NA,04202026,Δalr1,Δalr1,None,TSB
NA,F5,NA,04202026,Δalr1_EV,Δalr1,EV,TSB
NA,F6,NA,04202026,Δalr1_alr1,Δalr1,alr1,TSB
NA,G1,NA,04202026,NB,NB,None,CDM19 - ala
NA,G2,NA,04202026,Parent,Parent,None,CDM19 - ala
NA,G3,NA,04202026,Parent_EV,Parent,EV,CDM19 - ala
NA,G4,NA,04202026,Parent_Pdat dat,Parent,Pdat dat,CDM19 - ala
NA,G5,NA,04202026,Parent_PpepV dat,Parent,PpepV dat,CDM19 - ala
NA,G6,NA,04202026,Parent_alr1,Parent,alr1,CDM19 - ala
NA,G7,NA,04202026,dat::Tn,dat::Tn,None,CDM19 - ala
NA,G8,NA,04202026,dat::Tn_EV,dat::Tn,EV,CDM19 - ala
NA,G9,NA,04202026,dat::Tn_Pdat dat,dat::Tn,Pdat dat,CDM19 - ala
NA,G10,NA,04202026,dat::Tn_PpepV dat,dat::Tn,PpepV dat,CDM19 - ala
NA,G11,NA,04202026,dat::Tn_alr1,dat::Tn,alr1,CDM19 - ala
NA,G12,NA,04202026,Δalr1,Δalr1,None,CDM19 - ala
NA,H1,NA,04202026,NB,NB,None,CDM19 - ala
NA,H2,NA,04202026,Parent,Parent,None,CDM19 - ala
NA,H3,NA,04202026,Parent_EV,Parent,EV,CDM19 - ala
NA,H4,NA,04202026,Parent_Pdat dat,Parent,Pdat dat,CDM19 - ala
NA,H5,NA,04202026,Parent_PpepV dat,Parent,PpepV dat,CDM19 - ala
NA,H6,NA,04202026,Parent_alr1,Parent,alr1,CDM19 - ala
NA,H7,NA,04202026,dat::Tn,dat::Tn,None,CDM19 - ala
NA,H8,NA,04202026,dat::Tn_EV,dat::Tn,EV,CDM19 - ala
NA,H9,NA,04202026,dat::Tn_Pdat dat,dat::Tn,Pdat dat,CDM19 - ala
NA,H10,NA,04202026,dat::Tn_PpepV dat,dat::Tn,PpepV dat,CDM19 - ala
NA,H11,NA,04202026,dat::Tn_alr1,dat::Tn,alr1,CDM19 - ala
NA,H12,NA,04202026,Δalr1,Δalr1,None,CDM19 - ala
NA,A1,NA,04202026,NB,NB,None,CDM20
NA,A2,NA,04202026,Parent,Parent,None,CDM20
NA,A3,NA,04202026,Parent_EV,Parent,EV,CDM20
NA,A4,NA,04202026,Parent_Pdat dat,Parent,Pdat dat,CDM20
NA,A5,NA,04202026,Parent_PpepV dat,Parent,PpepV dat,CDM20
NA,A6,NA,04202026,Parent_alr1,Parent,alr1,CDM20
NA,A7,NA,04202026,dat::Tn,dat::Tn,None,CDM20
NA,A8,NA,04202026,dat::Tn_EV,dat::Tn,EV,CDM20
NA,A9,NA,04202026,dat::Tn_Pdat dat,dat::Tn,Pdat dat,CDM20
NA,A10,NA,04202026,dat::Tn_PpepV dat,dat::Tn,PpepV dat,CDM20
NA,A11,NA,04202026,dat::Tn_alr1,dat::Tn,alr1,CDM20
NA,A12,NA,04202026,Δalr1,Δalr1,None,CDM20
NA,B1,NA,04202026,NB,NB,None,CDM20
NA,B2,NA,04202026,Parent,Parent,None,CDM20
NA,B3,NA,04202026,Parent_EV,Parent,EV,CDM20
NA,B4,NA,04202026,Parent_Pdat dat,Parent,Pdat dat,CDM20
NA,B5,NA,04202026,Parent_PpepV dat,Parent,PpepV dat,CDM20
NA,B6,NA,04202026,Parent_alr1,Parent,alr1,CDM20
NA,B7,NA,04202026,dat::Tn,dat::Tn,None,CDM20
NA,B8,NA,04202026,dat::Tn_EV,dat::Tn,EV,CDM20
NA,B9,NA,04202026,dat::Tn_Pdat dat,dat::Tn,Pdat dat,CDM20
NA,B10,NA,04202026,dat::Tn_PpepV dat,dat::Tn,PpepV dat,CDM20
NA,B11,NA,04202026,dat::Tn_alr1,dat::Tn,alr1,CDM20
NA,B12,NA,04202026,Δalr1,Δalr1,None,CDM20
NA,C1,NA,04202026,Δalr1_EV,Δalr1,EV,CDM20
NA,C2,NA,04202026,Δalr1_alr1,Δalr1,alr1,CDM20
NA,C3,NA,04202026,NB,NB,None,TSB
NA,C4,NA,04202026,Parent,Parent,None,TSB
NA,C5,NA,04202026,Parent_EV,Parent,EV,TSB
NA,C6,NA,04202026,Parent_Pdat dat,Parent,Pdat dat,TSB
NA,C7,NA,04202026,Parent_PpepV dat,Parent,PpepV dat,TSB
NA,C8,NA,04202026,Parent_alr1,Parent,alr1,TSB
NA,C9,NA,04202026,dat::Tn,dat::Tn,None,TSB
NA,C10,NA,04202026,dat::Tn_EV,dat::Tn,EV,TSB
NA,C11,NA,04202026,dat::Tn_Pdat dat,dat::Tn,Pdat dat,TSB
NA,C12,NA,04202026,dat::Tn_PpepV dat,dat::Tn,PpepV dat,TSB
NA,D1,NA,04202026,Δalr1_EV,Δalr1,EV,CDM20
NA,D2,NA,04202026,Δalr1_alr1,Δalr1,alr1,CDM20
NA,D3,NA,04202026,NB,NB,None,TSB
NA,D4,NA,04202026,Parent,Parent,None,TSB
NA,D5,NA,04202026,Parent_EV,Parent,EV,TSB
NA,D6,NA,04202026,Parent_Pdat dat,Parent,Pdat dat,TSB
NA,D7,NA,04202026,Parent_PpepV dat,Parent,PpepV dat,TSB
NA,D8,NA,04202026,Parent_alr1,Parent,alr1,TSB
NA,D9,NA,04202026,dat::Tn,dat::Tn,None,TSB
NA,D10,NA,04202026,dat::Tn_EV,dat::Tn,EV,TSB
NA,D11,NA,04202026,dat::Tn_Pdat dat,dat::Tn,Pdat dat,TSB
NA,D12,NA,04202026,dat::Tn_PpepV dat,dat::Tn,PpepV dat,TSB
NA,E1,NA,04202026,Δalr1_EV,Δalr1,EV,CDM19 - ala
NA,E2,NA,04202026,Δalr1_alr1,Δalr1,alr1,CDM19 - ala
NA,E3,NA,04202026,dat::Tn_alr1,dat::Tn,alr1,TSB
NA,E4,NA,04202026,Δalr1,Δalr1,None,TSB
NA,E5,NA,04202026,Δalr1_EV,Δalr1,EV,TSB
NA,E6,NA,04202026,Δalr1_alr1,Δalr1,alr1,TSB
NA,F1,NA,04202026,Δalr1_EV,Δalr1,EV,CDM19 - ala
NA,F2,NA,04202026,Δalr1_alr1,Δalr1,alr1,CDM19 - ala
NA,F3,NA,04202026,dat::Tn_alr1,dat::Tn,alr1,TSB
NA,F4,NA,04202026,Δalr1,Δalr1,None,TSB
NA,F5,NA,04202026,Δalr1_EV,Δalr1,EV,TSB
NA,F6,NA,04202026,Δalr1_alr1,Δalr1,alr1,TSB
NA,G1,NA,04202026,NB,NB,None,CDM19 - ala
NA,G2,NA,04202026,Parent,Parent,None,CDM19 - ala
NA,G3,NA,04202026,Parent_EV,Parent,EV,CDM19 - ala
NA,G4,NA,04202026,Parent_Pdat dat,Parent,Pdat dat,CDM19 - ala
NA,G5,NA,04202026,Parent_PpepV dat,Parent,PpepV dat,CDM19 - ala
NA,G6,NA,04202026,Parent_alr1,Parent,alr1,CDM19 - ala
NA,G7,NA,04202026,dat::Tn,dat::Tn,None,CDM19 - ala
NA,G8,NA,04202026,dat::Tn_EV,dat::Tn,EV,CDM19 - ala
NA,G9,NA,04202026,dat::Tn_Pdat dat,dat::Tn,Pdat dat,CDM19 - ala
NA,G10,NA,04202026,dat::Tn_PpepV dat,dat::Tn,PpepV dat,CDM19 - ala
NA,G11,NA,04202026,dat::Tn_alr1,dat::Tn,alr1,CDM19 - ala
NA,G12,NA,04202026,Δalr1,Δalr1,None,CDM19 - ala
NA,H1,NA,04202026,NB,NB,None,CDM19 - ala
NA,H2,NA,04202026,Parent,Parent,None,CDM19 - ala
NA,H3,NA,04202026,Parent_EV,Parent,EV,CDM19 - ala
NA,H4,NA,04202026,Parent_Pdat dat,Parent,Pdat dat,CDM19 - ala
NA,H5,NA,04202026,Parent_PpepV dat,Parent,PpepV dat,CDM19 - ala
NA,H6,NA,04202026,Parent_alr1,Parent,alr1,CDM19 - ala
NA,H7,NA,04202026,dat::Tn,dat::Tn,None,CDM19 - ala
NA,H8,NA,04202026,dat::Tn_EV,dat::Tn,EV,CDM19 - ala
NA,H9,NA,04202026,dat::Tn_Pdat dat,dat::Tn,Pdat dat,CDM19 - ala
NA,H10,NA,04202026,dat::Tn_PpepV dat,dat::Tn,PpepV dat,CDM19 - ala
NA,H11,NA,04202026,dat::Tn_alr1,dat::Tn,alr1,CDM19 - ala
NA,H12,NA,04202026,Δalr1,Δalr1,None,CDM19 - ala
NA,A1,NA,04202026,NB,NB,None,CDM20
NA,A2,NA,04202026,Parent,Parent,None,CDM20
NA,A3,NA,04202026,Parent_EV,Parent,EV,CDM20
NA,A4,NA,04202026,Parent_Pdat dat,Parent,Pdat dat,CDM20
NA,A5,NA,04202026,Parent_PpepV dat,Parent,PpepV dat,CDM20
NA,A6,NA,04202026,Parent_alr1,Parent,alr1,CDM20
NA,A7,NA,04202026,dat::Tn,dat::Tn,None,CDM20
NA,A8,NA,04202026,dat::Tn_EV,dat::Tn,EV,CDM20
NA,A9,NA,04202026,dat::Tn_Pdat dat,dat::Tn,Pdat dat,CDM20
NA,A10,NA,04202026,dat::Tn_PpepV dat,dat::Tn,PpepV dat,CDM20
NA,A11,NA,04202026,dat::Tn_alr1,dat::Tn,alr1,CDM20
NA,A12,NA,04202026,Δalr1,Δalr1,None,CDM20
NA,B1,NA,04202026,NB,NB,None,CDM20
NA,B2,NA,04202026,Parent,Parent,None,CDM20
NA,B3,NA,04202026,Parent_EV,Parent,EV,CDM20
NA,B4,NA,04202026,Parent_Pdat dat,Parent,Pdat dat,CDM20
NA,B5,NA,04202026,Parent_PpepV dat,Parent,PpepV dat,CDM20
NA,B6,NA,04202026,Parent_alr1,Parent,alr1,CDM20
NA,B7,NA,04202026,dat::Tn,dat::Tn,None,CDM20
NA,B8,NA,04202026,dat::Tn_EV,dat::Tn,EV,CDM20
NA,B9,NA,04202026,dat::Tn_Pdat dat,dat::Tn,Pdat dat,CDM20
NA,B10,NA,04202026,dat::Tn_PpepV dat,dat::Tn,PpepV dat,CDM20
NA,B11,NA,04202026,dat::Tn_alr1,dat::Tn,alr1,CDM20
NA,B12,NA,04202026,Δalr1,Δalr1,None,CDM20
NA,C1,NA,04202026,Δalr1_EV,Δalr1,EV,CDM20
NA,C2,NA,04202026,Δalr1_alr1,Δalr1,alr1,CDM20
NA,C3,NA,04202026,NB,NB,None,TSB
NA,C4,NA,04202026,Parent,Parent,None,TSB
NA,C5,NA,04202026,Parent_EV,Parent,EV,TSB
NA,C6,NA,04202026,Parent_Pdat dat,Parent,Pdat dat,TSB
NA,C7,NA,04202026,Parent_PpepV dat,Parent,PpepV dat,TSB
NA,C8,NA,04202026,Parent_alr1,Parent,alr1,TSB
NA,C9,NA,04202026,dat::Tn,dat::Tn,None,TSB
NA,C10,NA,04202026,dat::Tn_EV,dat::Tn,EV,TSB
NA,C11,NA,04202026,dat::Tn_Pdat dat,dat::Tn,Pdat dat,TSB
NA,C12,NA,04202026,dat::Tn_PpepV dat,dat::Tn,PpepV dat,TSB
NA,D1,NA,04202026,Δalr1_EV,Δalr1,EV,CDM20
NA,D2,NA,04202026,Δalr1_alr1,Δalr1,alr1,CDM20
NA,D3,NA,04202026,NB,NB,None,TSB
NA,D4,NA,04202026,Parent,Parent,None,TSB
NA,D5,NA,04202026,Parent_EV,Parent,EV,TSB
NA,D6,NA,04202026,Parent_Pdat dat,Parent,Pdat dat,TSB
NA,D7,NA,04202026,Parent_PpepV dat,Parent,PpepV dat,TSB
NA,D8,NA,04202026,Parent_alr1,Parent,alr1,TSB
NA,D9,NA,04202026,dat::Tn,dat::Tn,None,TSB
NA,D10,NA,04202026,dat::Tn_EV,dat::Tn,EV,TSB
NA,D11,NA,04202026,dat::Tn_Pdat dat,dat::Tn,Pdat dat,TSB
NA,D12,NA,04202026,dat::Tn_PpepV dat,dat::Tn,PpepV dat,TSB
NA,E1,NA,04202026,Δalr1_EV,Δalr1,EV,CDM19 - ala
NA,E2,NA,04202026,Δalr1_alr1,Δalr1,alr1,CDM19 - ala
NA,E3,NA,04202026,dat::Tn_alr1,dat::Tn,alr1,TSB
NA,E4,NA,04202026,Δalr1,Δalr1,None,TSB
NA,E5,NA,04202026,Δalr1_EV,Δalr1,EV,TSB
NA,E6,NA,04202026,Δalr1_alr1,Δalr1,alr1,TSB
NA,F1,NA,04202026,Δalr1_EV,Δalr1,EV,CDM19 - ala
NA,F2,NA,04202026,Δalr1_alr1,Δalr1,alr1,CDM19 - ala
NA,F3,NA,04202026,dat::Tn_alr1,dat::Tn,alr1,TSB
NA,F4,NA,04202026,Δalr1,Δalr1,None,TSB
NA,F5,NA,04202026,Δalr1_EV,Δalr1,EV,TSB
NA,F6,NA,04202026,Δalr1_alr1,Δalr1,alr1,TSB
NA,G1,NA,04202026,NB,NB,None,CDM19 - ala
NA,G2,NA,04202026,Parent,Parent,None,CDM19 - ala
NA,G3,NA,04202026,Parent_EV,Parent,EV,CDM19 - ala
NA,G4,NA,04202026,Parent_Pdat dat,Parent,Pdat dat,CDM19 - ala
NA,G5,NA,04202026,Parent_PpepV dat,Parent,PpepV dat,CDM19 - ala
NA,G6,NA,04202026,Parent_alr1,Parent,alr1,CDM19 - ala
NA,G7,NA,04202026,dat::Tn,dat::Tn,None,CDM19 - ala
NA,G8,NA,04202026,dat::Tn_EV,dat::Tn,EV,CDM19 - ala
NA,G9,NA,04202026,dat::Tn_Pdat dat,dat::Tn,Pdat dat,CDM19 - ala
NA,G10,NA,04202026,dat::Tn_PpepV dat,dat::Tn,PpepV dat,CDM19 - ala
NA,G11,NA,04202026,dat::Tn_alr1,dat::Tn,alr1,CDM19 - ala
NA,G12,NA,04202026,Δalr1,Δalr1,None,CDM19 - ala
NA,H1,NA,04202026,NB,NB,None,CDM19 - ala
NA,H2,NA,04202026,Parent,Parent,None,CDM19 - ala
NA,H3,NA,04202026,Parent_EV,Parent,EV,CDM19 - ala
NA,H4,NA,04202026,Parent_Pdat dat,Parent,Pdat dat,CDM19 - ala
NA,H5,NA,04202026,Parent_PpepV dat,Parent,PpepV dat,CDM19 - ala
NA,H6,NA,04202026,Parent_alr1,Parent,alr1,CDM19 - ala
NA,H7,NA,04202026,dat::Tn,dat::Tn,None,CDM19 - ala
NA,H8,NA,04202026,dat::Tn_EV,dat::Tn,EV,CDM19 - ala
NA,H9,NA,04202026,dat::Tn_Pdat dat,dat::Tn,Pdat dat,CDM19 - ala
NA,H10,NA,04202026,dat::Tn_PpepV dat,dat::Tn,PpepV dat,CDM19 - ala
NA,H11,NA,04202026,dat::Tn_alr1,dat::Tn,alr1,CDM19 - ala
NA,H12,NA,04202026,Δalr1,Δalr1,None,CDM19 - ala
NA,A1,NA,04202026,NB,NB,None,CDM20
NA,A2,NA,04202026,Parent,Parent,None,CDM20
NA,A3,NA,04202026,Parent_EV,Parent,EV,CDM20
NA,A4,NA,04202026,Parent_Pdat dat,Parent,Pdat dat,CDM20
NA,A5,NA,04202026,Parent_PpepV dat,Parent,PpepV dat,CDM20
NA,A6,NA,04202026,Parent_alr1,Parent,alr1,CDM20
NA,A7,NA,04202026,dat::Tn,dat::Tn,None,CDM20
NA,A8,NA,04202026,dat::Tn_EV,dat::Tn,EV,CDM20
NA,A9,NA,04202026,dat::Tn_Pdat dat,dat::Tn,Pdat dat,CDM20
NA,A10,NA,04202026,dat::Tn_PpepV dat,dat::Tn,PpepV dat,CDM20
NA,A11,NA,04202026,dat::Tn_alr1,dat::Tn,alr1,CDM20
NA,A12,NA,04202026,Δalr1,Δalr1,None,CDM20
NA,B1,NA,04202026,NB,NB,None,CDM20
NA,B2,NA,04202026,Parent,Parent,None,CDM20
NA,B3,NA,04202026,Parent_EV,Parent,EV,CDM20
NA,B4,NA,04202026,Parent_Pdat dat,Parent,Pdat dat,CDM20
NA,B5,NA,04202026,Parent_PpepV dat,Parent,PpepV dat,CDM20
NA,B6,NA,04202026,Parent_alr1,Parent,alr1,CDM20
NA,B7,NA,04202026,dat::Tn,dat::Tn,None,CDM20
NA,B8,NA,04202026,dat::Tn_EV,dat::Tn,EV,CDM20
NA,B9,NA,04202026,dat::Tn_Pdat dat,dat::Tn,Pdat dat,CDM20
NA,B10,NA,04202026,dat::Tn_PpepV dat,dat::Tn,PpepV dat,CDM20
NA,B11,NA,04202026,dat::Tn_alr1,dat::Tn,alr1,CDM20
NA,B12,NA,04202026,Δalr1,Δalr1,None,CDM20
NA,C1,NA,04202026,Δalr1_EV,Δalr1,EV,CDM20
NA,C2,NA,04202026,Δalr1_alr1,Δalr1,alr1,CDM20
NA,C3,NA,04202026,NB,NB,None,TSB
NA,C4,NA,04202026,Parent,Parent,None,TSB
NA,C5,NA,04202026,Parent_EV,Parent,EV,TSB
NA,C6,NA,04202026,Parent_Pdat dat,Parent,Pdat dat,TSB
NA,C7,NA,04202026,Parent_PpepV dat,Parent,PpepV dat,TSB
NA,C8,NA,04202026,Parent_alr1,Parent,alr1,TSB
NA,C9,NA,04202026,dat::Tn,dat::Tn,None,TSB
NA,C10,NA,04202026,dat::Tn_EV,dat::Tn,EV,TSB
NA,C11,NA,04202026,dat::Tn_Pdat dat,dat::Tn,Pdat dat,TSB
NA,C12,NA,04202026,dat::Tn_PpepV dat,dat::Tn,PpepV dat,TSB
NA,D1,NA,04202026,Δalr1_EV,Δalr1,EV,CDM20
NA,D2,NA,04202026,Δalr1_alr1,Δalr1,alr1,CDM20
NA,D3,NA,04202026,NB,NB,None,TSB
NA,D4,NA,04202026,Parent,Parent,None,TSB
NA,D5,NA,04202026,Parent_EV,Parent,EV,TSB
NA,D6,NA,04202026,Parent_Pdat dat,Parent,Pdat dat,TSB
NA,D7,NA,04202026,Parent_PpepV dat,Parent,PpepV dat,TSB
NA,D8,NA,04202026,Parent_alr1,Parent,alr1,TSB
NA,D9,NA,04202026,dat::Tn,dat::Tn,None,TSB
NA,D10,NA,04202026,dat::Tn_EV,dat::Tn,EV,TSB
NA,D11,NA,04202026,dat::Tn_Pdat dat,dat::Tn,Pdat dat,TSB
NA,D12,NA,04202026,dat::Tn_PpepV dat,dat::Tn,PpepV dat,TSB
NA,E1,NA,04202026,Δalr1_EV,Δalr1,EV,CDM19 - ala
NA,E2,NA,04202026,Δalr1_alr1,Δalr1,alr1,CDM19 - ala
NA,E3,NA,04202026,dat::Tn_alr1,dat::Tn,alr1,TSB
NA,E4,NA,04202026,Δalr1,Δalr1,None,TSB
NA,E5,NA,04202026,Δalr1_EV,Δalr1,EV,TSB
NA,E6,NA,04202026,Δalr1_alr1,Δalr1,alr1,TSB
NA,F1,NA,04202026,Δalr1_EV,Δalr1,EV,CDM19 - ala
NA,F2,NA,04202026,Δalr1_alr1,Δalr1,alr1,CDM19 - ala
NA,F3,NA,04202026,dat::Tn_alr1,dat::Tn,alr1,TSB
NA,F4,NA,04202026,Δalr1,Δalr1,None,TSB
NA,F5,NA,04202026,Δalr1_EV,Δalr1,EV,TSB
NA,F6,NA,04202026,Δalr1_alr1,Δalr1,alr1,TSB
NA,G1,NA,04202026,NB,NB,None,CDM19 - ala
NA,G2,NA,04202026,Parent,Parent,None,CDM19 - ala
NA,G3,NA,04202026,Parent_EV,Parent,EV,CDM19 - ala
NA,G4,NA,04202026,Parent_Pdat dat,Parent,Pdat dat,CDM19 - ala
NA,G5,NA,04202026,Parent_PpepV dat,Parent,PpepV dat,CDM19 - ala
NA,G6,NA,04202026,Parent_alr1,Parent,alr1,CDM19 - ala
NA,G7,NA,04202026,dat::Tn,dat::Tn,None,CDM19 - ala
NA,G8,NA,04202026,dat::Tn_EV,dat::Tn,EV,CDM19 - ala
NA,G9,NA,04202026,dat::Tn_Pdat dat,dat::Tn,Pdat dat,CDM19 - ala
NA,G10,NA,04202026,dat::Tn_PpepV dat,dat::Tn,PpepV dat,CDM19 - ala
NA,G11,NA,04202026,dat::Tn_alr1,dat::Tn,alr1,CDM19 - ala
NA,G12,NA,04202026,Δalr1,Δalr1,None,CDM19 - ala
NA,H1,NA,04202026,NB,NB,None,CDM19 - ala
NA,H2,NA,04202026,Parent,Parent,None,CDM19 - ala
NA,H3,NA,04202026,Parent_EV,Parent,EV,CDM19 - ala
NA,H4,NA,04202026,Parent_Pdat dat,Parent,Pdat dat,CDM19 - ala
NA,H5,NA,04202026,Parent_PpepV dat,Parent,PpepV dat,CDM19 - ala
NA,H6,NA,04202026,Parent_alr1,Parent,alr1,CDM19 - ala
NA,H7,NA,04202026,dat::Tn,dat::Tn,None,CDM19 - ala
NA,H8,NA,04202026,dat::Tn_EV,dat::Tn,EV,CDM19 - ala
NA,H9,NA,04202026,dat::Tn_Pdat dat,dat::Tn,Pdat dat,CDM19 - ala
NA,H10,NA,04202026,dat::Tn_PpepV dat,dat::Tn,PpepV dat,CDM19 - ala
NA,H11,NA,04202026,dat::Tn_alr1,dat::Tn,alr1,CDM19 - ala
NA,H12,NA,04202026,Δalr1,Δalr1,None,CDM19 - ala
NA,A1,NA,04202026,NB,NB,None,CDM20
NA,A2,NA,04202026,Parent,Parent,None,CDM20
NA,A3,NA,04202026,Parent_EV,Parent,EV,CDM20
NA,A4,NA,04202026,Parent_Pdat dat,Parent,Pdat dat,CDM20
NA,A5,NA,04202026,Parent_PpepV dat,Parent,PpepV dat,CDM20
NA,A6,NA,04202026,Parent_alr1,Parent,alr1,CDM20
NA,A7,NA,04202026,dat::Tn,dat::Tn,None,CDM20
NA,A8,NA,04202026,dat::Tn_EV,dat::Tn,EV,CDM20
NA,A9,NA,04202026,dat::Tn_Pdat dat,dat::Tn,Pdat dat,CDM20
NA,A10,NA,04202026,dat::Tn_PpepV dat,dat::Tn,PpepV dat,CDM20
NA,A11,NA,04202026,dat::Tn_alr1,dat::Tn,alr1,CDM20
NA,A12,NA,04202026,Δalr1,Δalr1,None,CDM20
NA,B1,NA,04202026,NB,NB,None,CDM20
NA,B2,NA,04202026,Parent,Parent,None,CDM20
NA,B3,NA,04202026,Parent_EV,Parent,EV,CDM20
NA,B4,NA,04202026,Parent_Pdat dat,Parent,Pdat dat,CDM20
NA,B5,NA,04202026,Parent_PpepV dat,Parent,PpepV dat,CDM20
NA,B6,NA,04202026,Parent_alr1,Parent,alr1,CDM20
NA,B7,NA,04202026,dat::Tn,dat::Tn,None,CDM20
NA,B8,NA,04202026,dat::Tn_EV,dat::Tn,EV,CDM20
NA,B9,NA,04202026,dat::Tn_Pdat dat,dat::Tn,Pdat dat,CDM20
NA,B10,NA,04202026,dat::Tn_PpepV dat,dat::Tn,PpepV dat,CDM20
NA,B11,NA,04202026,dat::Tn_alr1,dat::Tn,alr1,CDM20
NA,B12,NA,04202026,Δalr1,Δalr1,None,CDM20
NA,C1,NA,04202026,Δalr1_EV,Δalr1,EV,CDM20
NA,C2,NA,04202026,Δalr1_alr1,Δalr1,alr1,CDM20
NA,C3,NA,04202026,NB,NB,None,TSB
NA,C4,NA,04202026,Parent,Parent,None,TSB
NA,C5,NA,04202026,Parent_EV,Parent,EV,TSB
NA,C6,NA,04202026,Parent_Pdat dat,Parent,Pdat dat,TSB
NA,C7,NA,04202026,Parent_PpepV dat,Parent,PpepV dat,TSB
NA,C8,NA,04202026,Parent_alr1,Parent,alr1,TSB
NA,C9,NA,04202026,dat::Tn,dat::Tn,None,TSB
NA,C10,NA,04202026,dat::Tn_EV,dat::Tn,EV,TSB
NA,C11,NA,04202026,dat::Tn_Pdat dat,dat::Tn,Pdat dat,TSB
NA,C12,NA,04202026,dat::Tn_PpepV dat,dat::Tn,PpepV dat,TSB
NA,D1,NA,04202026,Δalr1_EV,Δalr1,EV,CDM20
NA,D2,NA,04202026,Δalr1_alr1,Δalr1,alr1,CDM20
NA,D3,NA,04202026,NB,NB,None,TSB
NA,D4,NA,04202026,Parent,Parent,None,TSB
NA,D5,NA,04202026,Parent_EV,Parent,EV,TSB
NA,D6,NA,04202026,Parent_Pdat dat,Parent,Pdat dat,TSB
NA,D7,NA,04202026,Parent_PpepV dat,Parent,PpepV dat,TSB
NA,D8,NA,04202026,Parent_alr1,Parent,alr1,TSB
NA,D9,NA,04202026,dat::Tn,dat::Tn,None,TSB
NA,D10,NA,04202026,dat::Tn_EV,dat::Tn,EV,TSB
NA,D11,NA,04202026,dat::Tn_Pdat dat,dat::Tn,Pdat dat,TSB
NA,D12,NA,04202026,dat::Tn_PpepV dat,dat::Tn,PpepV dat,TSB
NA,E1,NA,04202026,Δalr1_EV,Δalr1,EV,CDM19 - ala
NA,E2,NA,04202026,Δalr1_alr1,Δalr1,alr1,CDM19 - ala
NA,E3,NA,04202026,dat::Tn_alr1,dat::Tn,alr1,TSB
NA,E4,NA,04202026,Δalr1,Δalr1,None,TSB
NA,E5,NA,04202026,Δalr1_EV,Δalr1,EV,TSB
NA,E6,NA,04202026,Δalr1_alr1,Δalr1,alr1,TSB
NA,F1,NA,04202026,Δalr1_EV,Δalr1,EV,CDM19 - ala
NA,F2,NA,04202026,Δalr1_alr1,Δalr1,alr1,CDM19 - ala
NA,F3,NA,04202026,dat::Tn_alr1,dat::Tn,alr1,TSB
NA,F4,NA,04202026,Δalr1,Δalr1,None,TSB
NA,F5,NA,04202026,Δalr1_EV,Δalr1,EV,TSB
NA,F6,NA,04202026,Δalr1_alr1,Δalr1,alr1,TSB
NA,G1,NA,04202026,NB,NB,None,CDM19 - ala
NA,G2,NA,04202026,Parent,Parent,None,CDM19 - ala
NA,G3,NA,04202026,Parent_EV,Parent,EV,CDM19 - ala
NA,G4,NA,04202026,Parent_Pdat dat,Parent,Pdat dat,CDM19 - ala
NA,G5,NA,04202026,Parent_PpepV dat,Parent,PpepV dat,CDM19 - ala
NA,G6,NA,04202026,Parent_alr1,Parent,alr1,CDM19 - ala
NA,G7,NA,04202026,dat::Tn,dat::Tn,None,CDM19 - ala
NA,G8,NA,04202026,dat::Tn_EV,dat::Tn,EV,CDM19 - ala
NA,G9,NA,04202026,dat::Tn_Pdat dat,dat::Tn,Pdat dat,CDM19 - ala
NA,G10,NA,04202026,dat::Tn_PpepV dat,dat::Tn,PpepV dat,CDM19 - ala
NA,G11,NA,04202026,dat::Tn_alr1,dat::Tn,alr1,CDM19 - ala
NA,G12,NA,04202026,Δalr1,Δalr1,None,CDM19 - ala
NA,H1,NA,04202026,NB,NB,None,CDM19 - ala
NA,H2,NA,04202026,Parent,Parent,None,CDM19 - ala
NA,H3,NA,04202026,Parent_EV,Parent,EV,CDM19 - ala
NA,H4,NA,04202026,Parent_Pdat dat,Parent,Pdat dat,CDM19 - ala
NA,H5,NA,04202026,Parent_PpepV dat,Parent,PpepV dat,CDM19 - ala
NA,H6,NA,04202026,Parent_alr1,Parent,alr1,CDM19 - ala
NA,H7,NA,04202026,dat::Tn,dat::Tn,None,CDM19 - ala
NA,H8,NA,04202026,dat::Tn_EV,dat::Tn,EV,CDM19 - ala
NA,H9,NA,04202026,dat::Tn_Pdat dat,dat::Tn,Pdat dat,CDM19 - ala
NA,H10,NA,04202026,dat::Tn_PpepV dat,dat::Tn,PpepV dat,CDM19 - ala
NA,H11,NA,04202026,dat::Tn_alr1,dat::Tn,alr1,CDM19 - ala
NA,H12,NA,04202026,Δalr1,Δalr1,None,CDM19 - ala
NA,A1,NA,04202026,NB,NB,None,CDM20
NA,A2,NA,04202026,Parent,Parent,None,CDM20
NA,A3,NA,04202026,Parent_EV,Parent,EV,CDM20
NA,A4,NA,04202026,Parent_Pdat dat,Parent,Pdat dat,CDM20
NA,A5,NA,04202026,Parent_PpepV dat,Parent,PpepV dat,CDM20
NA,A6,NA,04202026,Parent_alr1,Parent,alr1,CDM20
NA,A7,NA,04202026,dat::Tn,dat::Tn,None,CDM20
NA,A8,NA,04202026,dat::Tn_EV,dat::Tn,EV,CDM20
NA,A9,NA,04202026,dat::Tn_Pdat dat,dat::Tn,Pdat dat,CDM20
NA,A10,NA,04202026,dat::Tn_PpepV dat,dat::Tn,PpepV dat,CDM20
NA,A11,NA,04202026,dat::Tn_alr1,dat::Tn,alr1,CDM20
NA,A12,NA,04202026,Δalr1,Δalr1,None,CDM20
NA,B1,NA,04202026,NB,NB,None,CDM20
NA,B2,NA,04202026,Parent,Parent,None,CDM20
NA,B3,NA,04202026,Parent_EV,Parent,EV,CDM20
NA,B4,NA,04202026,Parent_Pdat dat,Parent,Pdat dat,CDM20
NA,B5,NA,04202026,Parent_PpepV dat,Parent,PpepV dat,CDM20
NA,B6,NA,04202026,Parent_alr1,Parent,alr1,CDM20
NA,B7,NA,04202026,dat::Tn,dat::Tn,None,CDM20
NA,B8,NA,04202026,dat::Tn_EV,dat::Tn,EV,CDM20
NA,B9,NA,04202026,dat::Tn_Pdat dat,dat::Tn,Pdat dat,CDM20
NA,B10,NA,04202026,dat::Tn_PpepV dat,dat::Tn,PpepV dat,CDM20
NA,B11,NA,04202026,dat::Tn_alr1,dat::Tn,alr1,CDM20
NA,B12,NA,04202026,Δalr1,Δalr1,None,CDM20
NA,C1,NA,04202026,Δalr1_EV,Δalr1,EV,CDM20
NA,C2,NA,04202026,Δalr1_alr1,Δalr1,alr1,CDM20
NA,C3,NA,04202026,NB,NB,None,TSB
NA,C4,NA,04202026,Parent,Parent,None,TSB
NA,C5,NA,04202026,Parent_EV,Parent,EV,TSB
NA,C6,NA,04202026,Parent_Pdat dat,Parent,Pdat dat,TSB
NA,C7,NA,04202026,Parent_PpepV dat,Parent,PpepV dat,TSB
NA,C8,NA,04202026,Parent_alr1,Parent,alr1,TSB
NA,C9,NA,04202026,dat::Tn,dat::Tn,None,TSB
NA,C10,NA,04202026,dat::Tn_EV,dat::Tn,EV,TSB
NA,C11,NA,04202026,dat::Tn_Pdat dat,dat::Tn,Pdat dat,TSB
NA,C12,NA,04202026,dat::Tn_PpepV dat,dat::Tn,PpepV dat,TSB
NA,D1,NA,04202026,Δalr1_EV,Δalr1,EV,CDM20
NA,D2,NA,04202026,Δalr1_alr1,Δalr1,alr1,CDM20
NA,D3,NA,04202026,NB,NB,None,TSB
NA,D4,NA,04202026,Parent,Parent,None,TSB
NA,D5,NA,04202026,Parent_EV,Parent,EV,TSB
NA,D6,NA,04202026,Parent_Pdat dat,Parent,Pdat dat,TSB
NA,D7,NA,04202026,Parent_PpepV dat,Parent,PpepV dat,TSB
NA,D8,NA,04202026,Parent_alr1,Parent,alr1,TSB
NA,D9,NA,04202026,dat::Tn,dat::Tn,None,TSB
NA,D10,NA,04202026,dat::Tn_EV,dat::Tn,EV,TSB
NA,D11,NA,04202026,dat::Tn_Pdat dat,dat::Tn,Pdat dat,TSB
NA,D12,NA,04202026,dat::Tn_PpepV dat,dat::Tn,PpepV dat,TSB
NA,E1,NA,04202026,Δalr1_EV,Δalr1,EV,CDM19 - ala
NA,E2,NA,04202026,Δalr1_alr1,Δalr1,alr1,CDM19 - ala
NA,E3,NA,04202026,dat::Tn_alr1,dat::Tn,alr1,TSB
NA,E4,NA,04202026,Δalr1,Δalr1,None,TSB
NA,E5,NA,04202026,Δalr1_EV,Δalr1,EV,TSB
NA,E6,NA,04202026,Δalr1_alr1,Δalr1,alr1,TSB
NA,F1,NA,04202026,Δalr1_EV,Δalr1,EV,CDM19 - ala
NA,F2,NA,04202026,Δalr1_alr1,Δalr1,alr1,CDM19 - ala
NA,F3,NA,04202026,dat::Tn_alr1,dat::Tn,alr1,TSB
NA,F4,NA,04202026,Δalr1,Δalr1,None,TSB
NA,F5,NA,04202026,Δalr1_EV,Δalr1,EV,TSB
NA,F6,NA,04202026,Δalr1_alr1,Δalr1,alr1,TSB
NA,G1,NA,04202026,NB,NB,None,CDM19 - ala
NA,G2,NA,04202026,Parent,Parent,None,CDM19 - ala
NA,G3,NA,04202026,Parent_EV,Parent,EV,CDM19 - ala
NA,G4,NA,04202026,Parent_Pdat dat,Parent,Pdat dat,CDM19 - ala
NA,G5,NA,04202026,Parent_PpepV dat,Parent,PpepV dat,CDM19 - ala
NA,G6,NA,04202026,Parent_alr1,Parent,alr1,CDM19 - ala
NA,G7,NA,04202026,dat::Tn,dat::Tn,None,CDM19 - ala
NA,G8,NA,04202026,dat::Tn_EV,dat::Tn,EV,CDM19 - ala
NA,G9,NA,04202026,dat::Tn_Pdat dat,dat::Tn,Pdat dat,CDM19 - ala
NA,G10,NA,04202026,dat::Tn_PpepV dat,dat::Tn,PpepV dat,CDM19 - ala
NA,G11,NA,04202026,dat::Tn_alr1,dat::Tn,alr1,CDM19 - ala
NA,G12,NA,04202026,Δalr1,Δalr1,None,CDM19 - ala
NA,H1,NA,04202026,NB,NB,None,CDM19 - ala
NA,H2,NA,04202026,Parent,Parent,None,CDM19 - ala
NA,H3,NA,04202026,Parent_EV,Parent,EV,CDM19 - ala
NA,H4,NA,04202026,Parent_Pdat dat,Parent,Pdat dat,CDM19 - ala
NA,H5,NA,04202026,Parent_PpepV dat,Parent,PpepV dat,CDM19 - ala
NA,H6,NA,04202026,Parent_alr1,Parent,alr1,CDM19 - ala
NA,H7,NA,04202026,dat::Tn,dat::Tn,None,CDM19 - ala
NA,H8,NA,04202026,dat::Tn_EV,dat::Tn,EV,CDM19 - ala
NA,H9,NA,04202026,dat::Tn_Pdat dat,dat::Tn,Pdat dat,CDM19 - ala
NA,H10,NA,04202026,dat::Tn_PpepV dat,dat::Tn,PpepV dat,CDM19 - ala
NA,H11,NA,04202026,dat::Tn_alr1,dat::Tn,alr1,CDM19 - ala
NA,H12,NA,04202026,Δalr1,Δalr1,None,CDM19 - ala
NA,A1,NA,04202026,NB,NB,None,CDM20
NA,A2,NA,04202026,Parent,Parent,None,CDM20
NA,A3,NA,04202026,Parent_EV,Parent,EV,CDM20
NA,A4,NA,04202026,Parent_Pdat dat,Parent,Pdat dat,CDM20
NA,A5,NA,04202026,Parent_PpepV dat,Parent,PpepV dat,CDM20
NA,A6,NA,04202026,Parent_alr1,Parent,alr1,CDM20
NA,A7,NA,04202026,dat::Tn,dat::Tn,None,CDM20
NA,A8,NA,04202026,dat::Tn_EV,dat::Tn,EV,CDM20
NA,A9,NA,04202026,dat::Tn_Pdat dat,dat::Tn,Pdat dat,CDM20
NA,A10,NA,04202026,dat::Tn_PpepV dat,dat::Tn,PpepV dat,CDM20
NA,A11,NA,04202026,dat::Tn_alr1,dat::Tn,alr1,CDM20
NA,A12,NA,04202026,Δalr1,Δalr1,None,CDM20
NA,B1,NA,04202026,NB,NB,None,CDM20
NA,B2,NA,04202026,Parent,Parent,None,CDM20
NA,B3,NA,04202026,Parent_EV,Parent,EV,CDM20
NA,B4,NA,04202026,Parent_Pdat dat,Parent,Pdat dat,CDM20
NA,B5,NA,04202026,Parent_PpepV dat,Parent,PpepV dat,CDM20
NA,B6,NA,04202026,Parent_alr1,Parent,alr1,CDM20
NA,B7,NA,04202026,dat::Tn,dat::Tn,None,CDM20
NA,B8,NA,04202026,dat::Tn_EV,dat::Tn,EV,CDM20
NA,B9,NA,04202026,dat::Tn_Pdat dat,dat::Tn,Pdat dat,CDM20
NA,B10,NA,04202026,dat::Tn_PpepV dat,dat::Tn,PpepV dat,CDM20
NA,B11,NA,04202026,dat::Tn_alr1,dat::Tn,alr1,CDM20
NA,B12,NA,04202026,Δalr1,Δalr1,None,CDM20
NA,C1,NA,04202026,Δalr1_EV,Δalr1,EV,CDM20
NA,C2,NA,04202026,Δalr1_alr1,Δalr1,alr1,CDM20
NA,C3,NA,04202026,NB,NB,None,TSB
NA,C4,NA,04202026,Parent,Parent,None,TSB
NA,C5,NA,04202026,Parent_EV,Parent,EV,TSB
NA,C6,NA,04202026,Parent_Pdat dat,Parent,Pdat dat,TSB
NA,C7,NA,04202026,Parent_PpepV dat,Parent,PpepV dat,TSB
NA,C8,NA,04202026,Parent_alr1,Parent,alr1,TSB
NA,C9,NA,04202026,dat::Tn,dat::Tn,None,TSB
NA,C10,NA,04202026,dat::Tn_EV,dat::Tn,EV,TSB
NA,C11,NA,04202026,dat::Tn_Pdat dat,dat::Tn,Pdat dat,TSB
NA,C12,NA,04202026,dat::Tn_PpepV dat,dat::Tn,PpepV dat,TSB
NA,D1,NA,04202026,Δalr1_EV,Δalr1,EV,CDM20
NA,D2,NA,04202026,Δalr1_alr1,Δalr1,alr1,CDM20
NA,D3,NA,04202026,NB,NB,None,TSB
NA,D4,NA,04202026,Parent,Parent,None,TSB
NA,D5,NA,04202026,Parent_EV,Parent,EV,TSB
NA,D6,NA,04202026,Parent_Pdat dat,Parent,Pdat dat,TSB
NA,D7,NA,04202026,Parent_PpepV dat,Parent,PpepV dat,TSB
NA,D8,NA,04202026,Parent_alr1,Parent,alr1,TSB
NA,D9,NA,04202026,dat::Tn,dat::Tn,None,TSB
NA,D10,NA,04202026,dat::Tn_EV,dat::Tn,EV,TSB
NA,D11,NA,04202026,dat::Tn_Pdat dat,dat::Tn,Pdat dat,TSB
NA,D12,NA,04202026,dat::Tn_PpepV dat,dat::Tn,PpepV dat,TSB
NA,E1,NA,04202026,Δalr1_EV,Δalr1,EV,CDM19 - ala
NA,E2,NA,04202026,Δalr1_alr1,Δalr1,alr1,CDM19 - ala
NA,E3,NA,04202026,dat::Tn_alr1,dat::Tn,alr1,TSB
NA,E4,NA,04202026,Δalr1,Δalr1,None,TSB
NA,E5,NA,04202026,Δalr1_EV,Δalr1,EV,TSB
NA,E6,NA,04202026,Δalr1_alr1,Δalr1,alr1,TSB
NA,F1,NA,04202026,Δalr1_EV,Δalr1,EV,CDM19 - ala
NA,F2,NA,04202026,Δalr1_alr1,Δalr1,alr1,CDM19 - ala
NA,F3,NA,04202026,dat::Tn_alr1,dat::Tn,alr1,TSB
NA,F4,NA,04202026,Δalr1,Δalr1,None,TSB
NA,F5,NA,04202026,Δalr1_EV,Δalr1,EV,TSB
NA,F6,NA,04202026,Δalr1_alr1,Δalr1,alr1,TSB
NA,G1,NA,04202026,NB,NB,None,CDM19 - ala
NA,G2,NA,04202026,Parent,Parent,None,CDM19 - ala
NA,G3,NA,04202026,Parent_EV,Parent,EV,CDM19 - ala
NA,G4,NA,04202026,Parent_Pdat dat,Parent,Pdat dat,CDM19 - ala
NA,G5,NA,04202026,Parent_PpepV dat,Parent,PpepV dat,CDM19 - ala
NA,G6,NA,04202026,Parent_alr1,Parent,alr1,CDM19 - ala
NA,G7,NA,04202026,dat::Tn,dat::Tn,None,CDM19 - ala
NA,G8,NA,04202026,dat::Tn_EV,dat::Tn,EV,CDM19 - ala
NA,G9,NA,04202026,dat::Tn_Pdat dat,dat::Tn,Pdat dat,CDM19 - ala
NA,G10,NA,04202026,dat::Tn_PpepV dat,dat::Tn,PpepV dat,CDM19 - ala
NA,G11,NA,04202026,dat::Tn_alr1,dat::Tn,alr1,CDM19 - ala
NA,G12,NA,04202026,Δalr1,Δalr1,None,CDM19 - ala
NA,H1,NA,04202026,NB,NB,None,CDM19 - ala
NA,H2,NA,04202026,Parent,Parent,None,CDM19 - ala
NA,H3,NA,04202026,Parent_EV,Parent,EV,CDM19 - ala
NA,H4,NA,04202026,Parent_Pdat dat,Parent,Pdat dat,CDM19 - ala
NA,H5,NA,04202026,Parent_PpepV dat,Parent,PpepV dat,CDM19 - ala
NA,H6,NA,04202026,Parent_alr1,Parent,alr1,CDM19 - ala
NA,H7,NA,04202026,dat::Tn,dat::Tn,None,CDM19 - ala
NA,H8,NA,04202026,dat::Tn_EV,dat::Tn,EV,CDM19 - ala
NA,H9,NA,04202026,dat::Tn_Pdat dat,dat::Tn,Pdat dat,CDM19 - ala
NA,H10,NA,04202026,dat::Tn_PpepV dat,dat::Tn,PpepV dat,CDM19 - ala
NA,H11,NA,04202026,dat::Tn_alr1,dat::Tn,alr1,CDM19 - ala
NA,H12,NA,04202026,Δalr1,Δalr1,None,CDM19 - ala
NA,A1,NA,04202026,NB,NB,None,CDM20
NA,A2,NA,04202026,Parent,Parent,None,CDM20
NA,A3,NA,04202026,Parent_EV,Parent,EV,CDM20
NA,A4,NA,04202026,Parent_Pdat dat,Parent,Pdat dat,CDM20
NA,A5,NA,04202026,Parent_PpepV dat,Parent,PpepV dat,CDM20
NA,A6,NA,04202026,Parent_alr1,Parent,alr1,CDM20
NA,A7,NA,04202026,dat::Tn,dat::Tn,None,CDM20
NA,A8,NA,04202026,dat::Tn_EV,dat::Tn,EV,CDM20
NA,A9,NA,04202026,dat::Tn_Pdat dat,dat::Tn,Pdat dat,CDM20
NA,A10,NA,04202026,dat::Tn_PpepV dat,dat::Tn,PpepV dat,CDM20
NA,A11,NA,04202026,dat::Tn_alr1,dat::Tn,alr1,CDM20
NA,A12,NA,04202026,Δalr1,Δalr1,None,CDM20
NA,B1,NA,04202026,NB,NB,None,CDM20
NA,B2,NA,04202026,Parent,Parent,None,CDM20
NA,B3,NA,04202026,Parent_EV,Parent,EV,CDM20
NA,B4,NA,04202026,Parent_Pdat dat,Parent,Pdat dat,CDM20
NA,B5,NA,04202026,Parent_PpepV dat,Parent,PpepV dat,CDM20
NA,B6,NA,04202026,Parent_alr1,Parent,alr1,CDM20
NA,B7,NA,04202026,dat::Tn,dat::Tn,None,CDM20
NA,B8,NA,04202026,dat::Tn_EV,dat::Tn,EV,CDM20
NA,B9,NA,04202026,dat::Tn_Pdat dat,dat::Tn,Pdat dat,CDM20
NA,B10,NA,04202026,dat::Tn_PpepV dat,dat::Tn,PpepV dat,CDM20
NA,B11,NA,04202026,dat::Tn_alr1,dat::Tn,alr1,CDM20
NA,B12,NA,04202026,Δalr1,Δalr1,None,CDM20
NA,C1,NA,04202026,Δalr1_EV,Δalr1,EV,CDM20
NA,C2,NA,04202026,Δalr1_alr1,Δalr1,alr1,CDM20
NA,C3,NA,04202026,NB,NB,None,TSB
NA,C4,NA,04202026,Parent,Parent,None,TSB
NA,C5,NA,04202026,Parent_EV,Parent,EV,TSB
NA,C6,NA,04202026,Parent_Pdat dat,Parent,Pdat dat,TSB
NA,C7,NA,04202026,Parent_PpepV dat,Parent,PpepV dat,TSB
NA,C8,NA,04202026,Parent_alr1,Parent,alr1,TSB
NA,C9,NA,04202026,dat::Tn,dat::Tn,None,TSB
NA,C10,NA,04202026,dat::Tn_EV,dat::Tn,EV,TSB
NA,C11,NA,04202026,dat::Tn_Pdat dat,dat::Tn,Pdat dat,TSB
NA,C12,NA,04202026,dat::Tn_PpepV dat,dat::Tn,PpepV dat,TSB
NA,D1,NA,04202026,Δalr1_EV,Δalr1,EV,CDM20
NA,D2,NA,04202026,Δalr1_alr1,Δalr1,alr1,CDM20
NA,D3,NA,04202026,NB,NB,None,TSB
NA,D4,NA,04202026,Parent,Parent,None,TSB
NA,D5,NA,04202026,Parent_EV,Parent,EV,TSB
NA,D6,NA,04202026,Parent_Pdat dat,Parent,Pdat dat,TSB
NA,D7,NA,04202026,Parent_PpepV dat,Parent,PpepV dat,TSB
NA,D8,NA,04202026,Parent_alr1,Parent,alr1,TSB
NA,D9,NA,04202026,dat::Tn,dat::Tn,None,TSB
NA,D10,NA,04202026,dat::Tn_EV,dat::Tn,EV,TSB
NA,D11,NA,04202026,dat::Tn_Pdat dat,dat::Tn,Pdat dat,TSB
NA,D12,NA,04202026,dat::Tn_PpepV dat,dat::Tn,PpepV dat,TSB
NA,E1,NA,04202026,Δalr1_EV,Δalr1,EV,CDM19 - ala
NA,E2,NA,04202026,Δalr1_alr1,Δalr1,alr1,CDM19 - ala
NA,E3,NA,04202026,dat::Tn_alr1,dat::Tn,alr1,TSB
NA,E4,NA,04202026,Δalr1,Δalr1,None,TSB
NA,E5,NA,04202026,Δalr1_EV,Δalr1,EV,TSB
NA,E6,NA,04202026,Δalr1_alr1,Δalr1,alr1,TSB
NA,F1,NA,04202026,Δalr1_EV,Δalr1,EV,CDM19 - ala
NA,F2,NA,04202026,Δalr1_alr1,Δalr1,alr1,CDM19 - ala
NA,F3,NA,04202026,dat::Tn_alr1,dat::Tn,alr1,TSB
NA,F4,NA,04202026,Δalr1,Δalr1,None,TSB
NA,F5,NA,04202026,Δalr1_EV,Δalr1,EV,TSB
NA,F6,NA,04202026,Δalr1_alr1,Δalr1,alr1,TSB
NA,G1,NA,04202026,NB,NB,None,CDM19 - ala
NA,G2,NA,04202026,Parent,Parent,None,CDM19 - ala
NA,G3,NA,04202026,Parent_EV,Parent,EV,CDM19 - ala
NA,G4,NA,04202026,Parent_Pdat dat,Parent,Pdat dat,CDM19 - ala
NA,G5,NA,04202026,Parent_PpepV dat,Parent,PpepV dat,CDM19 - ala
NA,G6,NA,04202026,Parent_alr1,Parent,alr1,CDM19 - ala
NA,G7,NA,04202026,dat::Tn,dat::Tn,None,CDM19 - ala
NA,G8,NA,04202026,dat::Tn_EV,dat::Tn,EV,CDM19 - ala
NA,G9,NA,04202026,dat::Tn_Pdat dat,dat::Tn,Pdat dat,CDM19 - ala
NA,G10,NA,04202026,dat::Tn_PpepV dat,dat::Tn,PpepV dat,CDM19 - ala
NA,G11,NA,04202026,dat::Tn_alr1,dat::Tn,alr1,CDM19 - ala
NA,G12,NA,04202026,Δalr1,Δalr1,None,CDM19 - ala
NA,H1,NA,04202026,NB,NB,None,CDM19 - ala
NA,H2,NA,04202026,Parent,Parent,None,CDM19 - ala
NA,H3,NA,04202026,Parent_EV,Parent,EV,CDM19 - ala
NA,H4,NA,04202026,Parent_Pdat dat,Parent,Pdat dat,CDM19 - ala
NA,H5,NA,04202026,Parent_PpepV dat,Parent,PpepV dat,CDM19 - ala
NA,H6,NA,04202026,Parent_alr1,Parent,alr1,CDM19 - ala
NA,H7,NA,04202026,dat::Tn,dat::Tn,None,CDM19 - ala
NA,H8,NA,04202026,dat::Tn_EV,dat::Tn,EV,CDM19 - ala
NA,H9,NA,04202026,dat::Tn_Pdat dat,dat::Tn,Pdat dat,CDM19 - ala
NA,H10,NA,04202026,dat::Tn_PpepV dat,dat::Tn,PpepV dat,CDM19 - ala
NA,H11,NA,04202026,dat::Tn_alr1,dat::Tn,alr1,CDM19 - ala
NA,H12,NA,04202026,Δalr1,Δalr1,None,CDM19 - ala
